[0.000000] (-) TimerEvent: {}
[0.000926] (camera_node) JobQueued: {'identifier': 'camera_node', 'dependencies': OrderedDict()}
[0.003291] (robot_description) JobQueued: {'identifier': 'robot_description', 'dependencies': OrderedDict()}
[0.003825] (robot_serial) JobQueued: {'identifier': 'robot_serial', 'dependencies': OrderedDict()}
[0.006584] (sllidar_ros2) JobQueued: {'identifier': 'sllidar_ros2', 'dependencies': OrderedDict()}
[0.006909] (vision_msgs) JobQueued: {'identifier': 'vision_msgs', 'dependencies': OrderedDict()}
[0.007151] (web_bridge) JobQueued: {'identifier': 'web_bridge', 'dependencies': OrderedDict()}
[0.007346] (robot_ai) JobQueued: {'identifier': 'robot_ai', 'dependencies': OrderedDict([('vision_msgs', '/home/robot/robot_ws/install/vision_msgs')])}
[0.007599] (robot_bringup) JobQueued: {'identifier': 'robot_bringup', 'dependencies': OrderedDict([('robot_description', '/home/robot/robot_ws/install/robot_description'), ('sllidar_ros2', '/home/robot/robot_ws/install/sllidar_ros2')])}
[0.007927] (vision_ai_node) JobQueued: {'identifier': 'vision_ai_node', 'dependencies': OrderedDict([('vision_msgs', '/home/robot/robot_ws/install/vision_msgs')])}
[0.008226] (vision_msgs) JobStarted: {'identifier': 'vision_msgs'}
[0.097182] (-) TimerEvent: {}
[0.177408] (robot_description) JobStarted: {'identifier': 'robot_description'}
[0.198351] (-) TimerEvent: {}
[0.211634] (sllidar_ros2) JobStarted: {'identifier': 'sllidar_ros2'}
[0.248531] (camera_node) JobStarted: {'identifier': 'camera_node'}
[0.298614] (-) TimerEvent: {}
[0.399592] (-) TimerEvent: {}
[0.461566] (vision_msgs) JobProgress: {'identifier': 'vision_msgs', 'progress': 'cmake'}
[0.499918] (-) TimerEvent: {}
[0.601114] (-) TimerEvent: {}
[0.657712] (vision_msgs) JobProgress: {'identifier': 'vision_msgs', 'progress': 'build'}
[0.663218] (vision_msgs) Command: {'cmd': ['/usr/bin/cmake', '--build', '/home/robot/robot_ws/build/vision_msgs', '--', '-j4', '-l4'], 'cwd': '/home/robot/robot_ws/build/vision_msgs', 'env': OrderedDict([('LESSOPEN', '| /usr/bin/lesspipe %s'), ('USER', 'robot'), ('SSH_CLIENT', '192.168.61.171 58385 22'), ('XDG_SESSION_TYPE', 'tty'), ('SHLVL', '1'), ('LD_LIBRARY_PATH', '/home/robot/robot_ws/install/vision_msgs/lib:/opt/ros/humble/opt/rviz_ogre_vendor/lib:/opt/ros/humble/lib/aarch64-linux-gnu:/opt/ros/humble/lib'), ('BROWSER', '/home/robot/.vscode-server/cli/servers/Stable-1b6a188127eeaf9194f945eb6eb89a657e93c54c/server/bin/helpers/browser.sh'), ('MOTD_SHOWN', 'pam'), ('HOME', '/home/robot'), ('OLDPWD', '/home/robot/robot_ws'), ('TERM_PROGRAM_VERSION', '1.130.0'), ('VSCODE_IPC_HOOK_CLI', '/run/user/1000/vscode-ipc-6c806b01-5fa9-48ba-b2c3-0f639f061ed7.sock'), ('ROS_PYTHON_VERSION', '3'), ('VSCODE_PYTHON_AUTOACTIVATE_GUARD', '1'), ('DBUS_SESSION_BUS_ADDRESS', 'unix:path=/run/user/1000/bus'), ('COLORTERM', 'truecolor'), ('COLCON_PREFIX_PATH', '/home/robot/robot_ws/install'), ('ROS_DISTRO', 'humble'), ('LOGNAME', 'robot'), ('_', '/usr/bin/colcon'), ('ROS_VERSION', '2'), ('XDG_SESSION_CLASS', 'user'), ('TERM', 'xterm-256color'), ('XDG_SESSION_ID', '1'), ('ROS_LOCALHOST_ONLY', '1'), ('PATH', '/home/robot/.vscode-server/cli/servers/Stable-1b6a188127eeaf9194f945eb6eb89a657e93c54c/server/bin/remote-cli:/home/robot/.local/bin:/opt/ros/humble/bin:/usr/local/sbin:/usr/local/bin:/usr/sbin:/usr/bin:/sbin:/bin:/usr/games:/usr/local/games:/snap/bin'), ('XDG_RUNTIME_DIR', '/run/user/1000'), ('LANG', 'en_US.UTF-8'), ('RMW_IMPLEMENTATION', 'rmw_cyclonedds_cpp'), ('LS_COLORS', 'rs=0:di=01;34:ln=01;36:mh=00:pi=40;33:so=01;35:do=01;35:bd=40;33;01:cd=40;33;01:or=40;31;01:mi=00:su=37;41:sg=30;43:ca=30;41:tw=30;42:ow=34;42:st=37;44:ex=01;32:*.tar=01;31:*.tgz=01;31:*.arc=01;31:*.arj=01;31:*.taz=01;31:*.lha=01;31:*.lz4=01;31:*.lzh=01;31:*.lzma=01;31:*.tlz=01;31:*.txz=01;31:*.tzo=01;31:*.t7z=01;31:*.zip=01;31:*.z=01;31:*.dz=01;31:*.gz=01;31:*.lrz=01;31:*.lz=01;31:*.lzo=01;31:*.xz=01;31:*.zst=01;31:*.tzst=01;31:*.bz2=01;31:*.bz=01;31:*.tbz=01;31:*.tbz2=01;31:*.tz=01;31:*.deb=01;31:*.rpm=01;31:*.jar=01;31:*.war=01;31:*.ear=01;31:*.sar=01;31:*.rar=01;31:*.alz=01;31:*.ace=01;31:*.zoo=01;31:*.cpio=01;31:*.7z=01;31:*.rz=01;31:*.cab=01;31:*.wim=01;31:*.swm=01;31:*.dwm=01;31:*.esd=01;31:*.jpg=01;35:*.jpeg=01;35:*.mjpg=01;35:*.mjpeg=01;35:*.gif=01;35:*.bmp=01;35:*.pbm=01;35:*.pgm=01;35:*.ppm=01;35:*.tga=01;35:*.xbm=01;35:*.xpm=01;35:*.tif=01;35:*.tiff=01;35:*.png=01;35:*.svg=01;35:*.svgz=01;35:*.mng=01;35:*.pcx=01;35:*.mov=01;35:*.mpg=01;35:*.mpeg=01;35:*.m2v=01;35:*.mkv=01;35:*.webm=01;35:*.webp=01;35:*.ogm=01;35:*.mp4=01;35:*.m4v=01;35:*.mp4v=01;35:*.vob=01;35:*.qt=01;35:*.nuv=01;35:*.wmv=01;35:*.asf=01;35:*.rm=01;35:*.rmvb=01;35:*.flc=01;35:*.avi=01;35:*.fli=01;35:*.flv=01;35:*.gl=01;35:*.dl=01;35:*.xcf=01;35:*.xwd=01;35:*.yuv=01;35:*.cgm=01;35:*.emf=01;35:*.ogv=01;35:*.ogx=01;35:*.aac=00;36:*.au=00;36:*.flac=00;36:*.m4a=00;36:*.mid=00;36:*.midi=00;36:*.mka=00;36:*.mp3=00;36:*.mpc=00;36:*.ogg=00;36:*.ra=00;36:*.wav=00;36:*.oga=00;36:*.opus=00;36:*.spx=00;36:*.xspf=00;36:'), ('TERM_PROGRAM', 'vscode'), ('ROS_DOMAIN_ID', '0'), ('AMENT_PREFIX_PATH', '/home/robot/robot_ws/install/web_bridge:/home/robot/robot_ws/install/vision_ai_node:/home/robot/robot_ws/install/robot_ai:/home/robot/robot_ws/install/vision_msgs:/home/robot/robot_ws/install/robot_bringup:/home/robot/robot_ws/install/sllidar_ros2:/home/robot/robot_ws/install/robot_serial:/home/robot/robot_ws/install/robot_description:/home/robot/robot_ws/install/camera_node:/opt/ros/humble'), ('SHELL', '/bin/bash'), ('LESSCLOSE', '/usr/bin/lesspipe %s %s'), ('PWD', '/home/robot/robot_ws/build/vision_msgs'), ('LC_ALL', 'en_US.UTF-8'), ('SSH_CONNECTION', '192.168.61.171 58385 192.168.61.135 22'), ('XDG_DATA_DIRS', '/usr/local/share:/usr/share:/var/lib/snapd/desktop'), ('PYTHONPATH', '/home/robot/robot_ws/install/web_bridge/lib/python3.10/site-packages:/home/robot/robot_ws/install/vision_ai_node/lib/python3.10/site-packages:/home/robot/robot_ws/install/robot_ai/lib/python3.10/site-packages:/home/robot/robot_ws/install/vision_msgs/local/lib/python3.10/dist-packages:/home/robot/robot_ws/install/robot_serial/lib/python3.10/site-packages:/home/robot/robot_ws/install/camera_node/lib/python3.10/site-packages:/opt/ros/humble/lib/python3.10/site-packages:/opt/ros/humble/local/lib/python3.10/dist-packages'), ('COLCON', '1'), ('CMAKE_PREFIX_PATH', '/home/robot/robot_ws/install/vision_msgs:/home/robot/robot_ws/install/robot_bringup:/home/robot/robot_ws/install/sllidar_ros2:/home/robot/robot_ws/install/robot_description:/home/robot/robot_ws/install/web_bridge:/home/robot/robot_ws/install/vision_ai_node:/home/robot/robot_ws/install/robot_ai:/home/robot/robot_ws/install/robot_serial:/home/robot/robot_ws/install/camera_node:/opt/ros/humble')]), 'shell': False}
[0.698067] (robot_description) JobProgress: {'identifier': 'robot_description', 'progress': 'cmake'}
[0.701301] (-) TimerEvent: {}
[0.715010] (robot_description) JobProgress: {'identifier': 'robot_description', 'progress': 'build'}
[0.716917] (robot_description) Command: {'cmd': ['/usr/bin/cmake', '--build', '/home/robot/robot_ws/build/robot_description', '--', '-j4', '-l4'], 'cwd': '/home/robot/robot_ws/build/robot_description', 'env': OrderedDict([('LESSOPEN', '| /usr/bin/lesspipe %s'), ('USER', 'robot'), ('SSH_CLIENT', '192.168.61.171 58385 22'), ('XDG_SESSION_TYPE', 'tty'), ('SHLVL', '1'), ('LD_LIBRARY_PATH', '/home/robot/robot_ws/install/vision_msgs/lib:/opt/ros/humble/opt/rviz_ogre_vendor/lib:/opt/ros/humble/lib/aarch64-linux-gnu:/opt/ros/humble/lib'), ('BROWSER', '/home/robot/.vscode-server/cli/servers/Stable-1b6a188127eeaf9194f945eb6eb89a657e93c54c/server/bin/helpers/browser.sh'), ('MOTD_SHOWN', 'pam'), ('HOME', '/home/robot'), ('OLDPWD', '/home/robot/robot_ws'), ('TERM_PROGRAM_VERSION', '1.130.0'), ('VSCODE_IPC_HOOK_CLI', '/run/user/1000/vscode-ipc-6c806b01-5fa9-48ba-b2c3-0f639f061ed7.sock'), ('ROS_PYTHON_VERSION', '3'), ('VSCODE_PYTHON_AUTOACTIVATE_GUARD', '1'), ('DBUS_SESSION_BUS_ADDRESS', 'unix:path=/run/user/1000/bus'), ('COLORTERM', 'truecolor'), ('COLCON_PREFIX_PATH', '/home/robot/robot_ws/install'), ('ROS_DISTRO', 'humble'), ('LOGNAME', 'robot'), ('_', '/usr/bin/colcon'), ('ROS_VERSION', '2'), ('XDG_SESSION_CLASS', 'user'), ('TERM', 'xterm-256color'), ('XDG_SESSION_ID', '1'), ('ROS_LOCALHOST_ONLY', '1'), ('PATH', '/home/robot/.vscode-server/cli/servers/Stable-1b6a188127eeaf9194f945eb6eb89a657e93c54c/server/bin/remote-cli:/home/robot/.local/bin:/opt/ros/humble/bin:/usr/local/sbin:/usr/local/bin:/usr/sbin:/usr/bin:/sbin:/bin:/usr/games:/usr/local/games:/snap/bin'), ('XDG_RUNTIME_DIR', '/run/user/1000'), ('LANG', 'en_US.UTF-8'), ('RMW_IMPLEMENTATION', 'rmw_cyclonedds_cpp'), ('LS_COLORS', 'rs=0:di=01;34:ln=01;36:mh=00:pi=40;33:so=01;35:do=01;35:bd=40;33;01:cd=40;33;01:or=40;31;01:mi=00:su=37;41:sg=30;43:ca=30;41:tw=30;42:ow=34;42:st=37;44:ex=01;32:*.tar=01;31:*.tgz=01;31:*.arc=01;31:*.arj=01;31:*.taz=01;31:*.lha=01;31:*.lz4=01;31:*.lzh=01;31:*.lzma=01;31:*.tlz=01;31:*.txz=01;31:*.tzo=01;31:*.t7z=01;31:*.zip=01;31:*.z=01;31:*.dz=01;31:*.gz=01;31:*.lrz=01;31:*.lz=01;31:*.lzo=01;31:*.xz=01;31:*.zst=01;31:*.tzst=01;31:*.bz2=01;31:*.bz=01;31:*.tbz=01;31:*.tbz2=01;31:*.tz=01;31:*.deb=01;31:*.rpm=01;31:*.jar=01;31:*.war=01;31:*.ear=01;31:*.sar=01;31:*.rar=01;31:*.alz=01;31:*.ace=01;31:*.zoo=01;31:*.cpio=01;31:*.7z=01;31:*.rz=01;31:*.cab=01;31:*.wim=01;31:*.swm=01;31:*.dwm=01;31:*.esd=01;31:*.jpg=01;35:*.jpeg=01;35:*.mjpg=01;35:*.mjpeg=01;35:*.gif=01;35:*.bmp=01;35:*.pbm=01;35:*.pgm=01;35:*.ppm=01;35:*.tga=01;35:*.xbm=01;35:*.xpm=01;35:*.tif=01;35:*.tiff=01;35:*.png=01;35:*.svg=01;35:*.svgz=01;35:*.mng=01;35:*.pcx=01;35:*.mov=01;35:*.mpg=01;35:*.mpeg=01;35:*.m2v=01;35:*.mkv=01;35:*.webm=01;35:*.webp=01;35:*.ogm=01;35:*.mp4=01;35:*.m4v=01;35:*.mp4v=01;35:*.vob=01;35:*.qt=01;35:*.nuv=01;35:*.wmv=01;35:*.asf=01;35:*.rm=01;35:*.rmvb=01;35:*.flc=01;35:*.avi=01;35:*.fli=01;35:*.flv=01;35:*.gl=01;35:*.dl=01;35:*.xcf=01;35:*.xwd=01;35:*.yuv=01;35:*.cgm=01;35:*.emf=01;35:*.ogv=01;35:*.ogx=01;35:*.aac=00;36:*.au=00;36:*.flac=00;36:*.m4a=00;36:*.mid=00;36:*.midi=00;36:*.mka=00;36:*.mp3=00;36:*.mpc=00;36:*.ogg=00;36:*.ra=00;36:*.wav=00;36:*.oga=00;36:*.opus=00;36:*.spx=00;36:*.xspf=00;36:'), ('TERM_PROGRAM', 'vscode'), ('ROS_DOMAIN_ID', '0'), ('AMENT_PREFIX_PATH', '/home/robot/robot_ws/install/web_bridge:/home/robot/robot_ws/install/vision_ai_node:/home/robot/robot_ws/install/robot_ai:/home/robot/robot_ws/install/vision_msgs:/home/robot/robot_ws/install/robot_bringup:/home/robot/robot_ws/install/sllidar_ros2:/home/robot/robot_ws/install/robot_serial:/home/robot/robot_ws/install/robot_description:/home/robot/robot_ws/install/camera_node:/opt/ros/humble'), ('SHELL', '/bin/bash'), ('LESSCLOSE', '/usr/bin/lesspipe %s %s'), ('PWD', '/home/robot/robot_ws/build/robot_description'), ('LC_ALL', 'en_US.UTF-8'), ('SSH_CONNECTION', '192.168.61.171 58385 192.168.61.135 22'), ('XDG_DATA_DIRS', '/usr/local/share:/usr/share:/var/lib/snapd/desktop'), ('PYTHONPATH', '/home/robot/robot_ws/install/web_bridge/lib/python3.10/site-packages:/home/robot/robot_ws/install/vision_ai_node/lib/python3.10/site-packages:/home/robot/robot_ws/install/robot_ai/lib/python3.10/site-packages:/home/robot/robot_ws/install/vision_msgs/local/lib/python3.10/dist-packages:/home/robot/robot_ws/install/robot_serial/lib/python3.10/site-packages:/home/robot/robot_ws/install/camera_node/lib/python3.10/site-packages:/opt/ros/humble/lib/python3.10/site-packages:/opt/ros/humble/local/lib/python3.10/dist-packages'), ('COLCON', '1'), ('CMAKE_PREFIX_PATH', '/home/robot/robot_ws/install/vision_msgs:/home/robot/robot_ws/install/robot_bringup:/home/robot/robot_ws/install/sllidar_ros2:/home/robot/robot_ws/install/robot_description:/home/robot/robot_ws/install/web_bridge:/home/robot/robot_ws/install/vision_ai_node:/home/robot/robot_ws/install/robot_ai:/home/robot/robot_ws/install/robot_serial:/home/robot/robot_ws/install/camera_node:/opt/ros/humble')]), 'shell': False}
[0.733540] (sllidar_ros2) JobProgress: {'identifier': 'sllidar_ros2', 'progress': 'cmake'}
[0.801615] (-) TimerEvent: {}
[0.866280] (sllidar_ros2) JobProgress: {'identifier': 'sllidar_ros2', 'progress': 'build'}
[0.870189] (sllidar_ros2) Command: {'cmd': ['/usr/bin/cmake', '--build', '/home/robot/robot_ws/build/sllidar_ros2', '--', '-j4', '-l4'], 'cwd': '/home/robot/robot_ws/build/sllidar_ros2', 'env': OrderedDict([('LESSOPEN', '| /usr/bin/lesspipe %s'), ('USER', 'robot'), ('SSH_CLIENT', '192.168.61.171 58385 22'), ('XDG_SESSION_TYPE', 'tty'), ('SHLVL', '1'), ('LD_LIBRARY_PATH', '/home/robot/robot_ws/install/vision_msgs/lib:/opt/ros/humble/opt/rviz_ogre_vendor/lib:/opt/ros/humble/lib/aarch64-linux-gnu:/opt/ros/humble/lib'), ('BROWSER', '/home/robot/.vscode-server/cli/servers/Stable-1b6a188127eeaf9194f945eb6eb89a657e93c54c/server/bin/helpers/browser.sh'), ('MOTD_SHOWN', 'pam'), ('HOME', '/home/robot'), ('OLDPWD', '/home/robot/robot_ws'), ('TERM_PROGRAM_VERSION', '1.130.0'), ('VSCODE_IPC_HOOK_CLI', '/run/user/1000/vscode-ipc-6c806b01-5fa9-48ba-b2c3-0f639f061ed7.sock'), ('ROS_PYTHON_VERSION', '3'), ('VSCODE_PYTHON_AUTOACTIVATE_GUARD', '1'), ('DBUS_SESSION_BUS_ADDRESS', 'unix:path=/run/user/1000/bus'), ('COLORTERM', 'truecolor'), ('COLCON_PREFIX_PATH', '/home/robot/robot_ws/install'), ('ROS_DISTRO', 'humble'), ('LOGNAME', 'robot'), ('_', '/usr/bin/colcon'), ('ROS_VERSION', '2'), ('XDG_SESSION_CLASS', 'user'), ('TERM', 'xterm-256color'), ('XDG_SESSION_ID', '1'), ('ROS_LOCALHOST_ONLY', '1'), ('PATH', '/home/robot/.vscode-server/cli/servers/Stable-1b6a188127eeaf9194f945eb6eb89a657e93c54c/server/bin/remote-cli:/home/robot/.local/bin:/opt/ros/humble/bin:/usr/local/sbin:/usr/local/bin:/usr/sbin:/usr/bin:/sbin:/bin:/usr/games:/usr/local/games:/snap/bin'), ('XDG_RUNTIME_DIR', '/run/user/1000'), ('LANG', 'en_US.UTF-8'), ('RMW_IMPLEMENTATION', 'rmw_cyclonedds_cpp'), ('LS_COLORS', 'rs=0:di=01;34:ln=01;36:mh=00:pi=40;33:so=01;35:do=01;35:bd=40;33;01:cd=40;33;01:or=40;31;01:mi=00:su=37;41:sg=30;43:ca=30;41:tw=30;42:ow=34;42:st=37;44:ex=01;32:*.tar=01;31:*.tgz=01;31:*.arc=01;31:*.arj=01;31:*.taz=01;31:*.lha=01;31:*.lz4=01;31:*.lzh=01;31:*.lzma=01;31:*.tlz=01;31:*.txz=01;31:*.tzo=01;31:*.t7z=01;31:*.zip=01;31:*.z=01;31:*.dz=01;31:*.gz=01;31:*.lrz=01;31:*.lz=01;31:*.lzo=01;31:*.xz=01;31:*.zst=01;31:*.tzst=01;31:*.bz2=01;31:*.bz=01;31:*.tbz=01;31:*.tbz2=01;31:*.tz=01;31:*.deb=01;31:*.rpm=01;31:*.jar=01;31:*.war=01;31:*.ear=01;31:*.sar=01;31:*.rar=01;31:*.alz=01;31:*.ace=01;31:*.zoo=01;31:*.cpio=01;31:*.7z=01;31:*.rz=01;31:*.cab=01;31:*.wim=01;31:*.swm=01;31:*.dwm=01;31:*.esd=01;31:*.jpg=01;35:*.jpeg=01;35:*.mjpg=01;35:*.mjpeg=01;35:*.gif=01;35:*.bmp=01;35:*.pbm=01;35:*.pgm=01;35:*.ppm=01;35:*.tga=01;35:*.xbm=01;35:*.xpm=01;35:*.tif=01;35:*.tiff=01;35:*.png=01;35:*.svg=01;35:*.svgz=01;35:*.mng=01;35:*.pcx=01;35:*.mov=01;35:*.mpg=01;35:*.mpeg=01;35:*.m2v=01;35:*.mkv=01;35:*.webm=01;35:*.webp=01;35:*.ogm=01;35:*.mp4=01;35:*.m4v=01;35:*.mp4v=01;35:*.vob=01;35:*.qt=01;35:*.nuv=01;35:*.wmv=01;35:*.asf=01;35:*.rm=01;35:*.rmvb=01;35:*.flc=01;35:*.avi=01;35:*.fli=01;35:*.flv=01;35:*.gl=01;35:*.dl=01;35:*.xcf=01;35:*.xwd=01;35:*.yuv=01;35:*.cgm=01;35:*.emf=01;35:*.ogv=01;35:*.ogx=01;35:*.aac=00;36:*.au=00;36:*.flac=00;36:*.m4a=00;36:*.mid=00;36:*.midi=00;36:*.mka=00;36:*.mp3=00;36:*.mpc=00;36:*.ogg=00;36:*.ra=00;36:*.wav=00;36:*.oga=00;36:*.opus=00;36:*.spx=00;36:*.xspf=00;36:'), ('TERM_PROGRAM', 'vscode'), ('ROS_DOMAIN_ID', '0'), ('AMENT_PREFIX_PATH', '/home/robot/robot_ws/install/web_bridge:/home/robot/robot_ws/install/vision_ai_node:/home/robot/robot_ws/install/robot_ai:/home/robot/robot_ws/install/vision_msgs:/home/robot/robot_ws/install/robot_bringup:/home/robot/robot_ws/install/sllidar_ros2:/home/robot/robot_ws/install/robot_serial:/home/robot/robot_ws/install/robot_description:/home/robot/robot_ws/install/camera_node:/opt/ros/humble'), ('SHELL', '/bin/bash'), ('LESSCLOSE', '/usr/bin/lesspipe %s %s'), ('PWD', '/home/robot/robot_ws/build/sllidar_ros2'), ('LC_ALL', 'en_US.UTF-8'), ('SSH_CONNECTION', '192.168.61.171 58385 192.168.61.135 22'), ('XDG_DATA_DIRS', '/usr/local/share:/usr/share:/var/lib/snapd/desktop'), ('PYTHONPATH', '/home/robot/robot_ws/install/web_bridge/lib/python3.10/site-packages:/home/robot/robot_ws/install/vision_ai_node/lib/python3.10/site-packages:/home/robot/robot_ws/install/robot_ai/lib/python3.10/site-packages:/home/robot/robot_ws/install/vision_msgs/local/lib/python3.10/dist-packages:/home/robot/robot_ws/install/robot_serial/lib/python3.10/site-packages:/home/robot/robot_ws/install/camera_node/lib/python3.10/site-packages:/opt/ros/humble/lib/python3.10/site-packages:/opt/ros/humble/local/lib/python3.10/dist-packages'), ('COLCON', '1'), ('CMAKE_PREFIX_PATH', '/home/robot/robot_ws/install/vision_msgs:/home/robot/robot_ws/install/robot_bringup:/home/robot/robot_ws/install/sllidar_ros2:/home/robot/robot_ws/install/robot_description:/home/robot/robot_ws/install/web_bridge:/home/robot/robot_ws/install/vision_ai_node:/home/robot/robot_ws/install/robot_ai:/home/robot/robot_ws/install/robot_serial:/home/robot/robot_ws/install/camera_node:/opt/ros/humble')]), 'shell': False}
[0.901814] (-) TimerEvent: {}
[1.003745] (-) TimerEvent: {}
[1.105666] (-) TimerEvent: {}
[1.208015] (-) TimerEvent: {}
[1.309877] (-) TimerEvent: {}
[1.410820] (-) TimerEvent: {}
[1.513315] (-) TimerEvent: {}
[1.615478] (-) TimerEvent: {}
[1.717424] (-) TimerEvent: {}
[1.818970] (-) TimerEvent: {}
[1.922252] (-) TimerEvent: {}
[2.024802] (-) TimerEvent: {}
[2.062212] (vision_msgs) StdoutLine: {'line': b'[  2%] Built target vision_msgs__cpp\n'}
[2.125136] (-) TimerEvent: {}
[2.228797] (-) TimerEvent: {}
[2.330610] (-) TimerEvent: {}
[2.356481] (vision_msgs) StdoutLine: {'line': b'[  2%] Built target ament_cmake_python_copy_vision_msgs\n'}
[2.391118] (sllidar_ros2) StdoutLine: {'line': b'[ 90%] Built target sllidar_node\n'}
[2.430804] (-) TimerEvent: {}
[2.531825] (-) TimerEvent: {}
[2.591861] (sllidar_ros2) StdoutLine: {'line': b'[100%] Built target sllidar_client\n'}
[2.605004] (vision_msgs) StdoutLine: {'line': b'[ 12%] Built target vision_msgs__rosidl_typesupport_cpp\n'}
[2.632039] (-) TimerEvent: {}
[2.733656] (-) TimerEvent: {}
[2.823030] (vision_msgs) StdoutLine: {'line': b'[ 22%] Built target vision_msgs__rosidl_typesupport_fastrtps_cpp\n'}
[2.833957] (-) TimerEvent: {}
[2.937100] (-) TimerEvent: {}
[2.990378] (robot_description) CommandEnded: {'returncode': 0}
[3.020408] (vision_msgs) StdoutLine: {'line': b'[ 33%] Built target vision_msgs__rosidl_typesupport_introspection_cpp\n'}
[3.039924] (-) TimerEvent: {}
[3.130761] (robot_description) JobProgress: {'identifier': 'robot_description', 'progress': 'install'}
[3.142689] (-) TimerEvent: {}
[3.246018] (-) TimerEvent: {}
[3.285705] (robot_description) Command: {'cmd': ['/usr/bin/cmake', '--install', '/home/robot/robot_ws/build/robot_description'], 'cwd': '/home/robot/robot_ws/build/robot_description', 'env': OrderedDict([('LESSOPEN', '| /usr/bin/lesspipe %s'), ('USER', 'robot'), ('SSH_CLIENT', '192.168.61.171 58385 22'), ('XDG_SESSION_TYPE', 'tty'), ('SHLVL', '1'), ('LD_LIBRARY_PATH', '/home/robot/robot_ws/install/vision_msgs/lib:/opt/ros/humble/opt/rviz_ogre_vendor/lib:/opt/ros/humble/lib/aarch64-linux-gnu:/opt/ros/humble/lib'), ('BROWSER', '/home/robot/.vscode-server/cli/servers/Stable-1b6a188127eeaf9194f945eb6eb89a657e93c54c/server/bin/helpers/browser.sh'), ('MOTD_SHOWN', 'pam'), ('HOME', '/home/robot'), ('OLDPWD', '/home/robot/robot_ws'), ('TERM_PROGRAM_VERSION', '1.130.0'), ('VSCODE_IPC_HOOK_CLI', '/run/user/1000/vscode-ipc-6c806b01-5fa9-48ba-b2c3-0f639f061ed7.sock'), ('ROS_PYTHON_VERSION', '3'), ('VSCODE_PYTHON_AUTOACTIVATE_GUARD', '1'), ('DBUS_SESSION_BUS_ADDRESS', 'unix:path=/run/user/1000/bus'), ('COLORTERM', 'truecolor'), ('COLCON_PREFIX_PATH', '/home/robot/robot_ws/install'), ('ROS_DISTRO', 'humble'), ('LOGNAME', 'robot'), ('_', '/usr/bin/colcon'), ('ROS_VERSION', '2'), ('XDG_SESSION_CLASS', 'user'), ('TERM', 'xterm-256color'), ('XDG_SESSION_ID', '1'), ('ROS_LOCALHOST_ONLY', '1'), ('PATH', '/home/robot/.vscode-server/cli/servers/Stable-1b6a188127eeaf9194f945eb6eb89a657e93c54c/server/bin/remote-cli:/home/robot/.local/bin:/opt/ros/humble/bin:/usr/local/sbin:/usr/local/bin:/usr/sbin:/usr/bin:/sbin:/bin:/usr/games:/usr/local/games:/snap/bin'), ('XDG_RUNTIME_DIR', '/run/user/1000'), ('LANG', 'en_US.UTF-8'), ('RMW_IMPLEMENTATION', 'rmw_cyclonedds_cpp'), ('LS_COLORS', 'rs=0:di=01;34:ln=01;36:mh=00:pi=40;33:so=01;35:do=01;35:bd=40;33;01:cd=40;33;01:or=40;31;01:mi=00:su=37;41:sg=30;43:ca=30;41:tw=30;42:ow=34;42:st=37;44:ex=01;32:*.tar=01;31:*.tgz=01;31:*.arc=01;31:*.arj=01;31:*.taz=01;31:*.lha=01;31:*.lz4=01;31:*.lzh=01;31:*.lzma=01;31:*.tlz=01;31:*.txz=01;31:*.tzo=01;31:*.t7z=01;31:*.zip=01;31:*.z=01;31:*.dz=01;31:*.gz=01;31:*.lrz=01;31:*.lz=01;31:*.lzo=01;31:*.xz=01;31:*.zst=01;31:*.tzst=01;31:*.bz2=01;31:*.bz=01;31:*.tbz=01;31:*.tbz2=01;31:*.tz=01;31:*.deb=01;31:*.rpm=01;31:*.jar=01;31:*.war=01;31:*.ear=01;31:*.sar=01;31:*.rar=01;31:*.alz=01;31:*.ace=01;31:*.zoo=01;31:*.cpio=01;31:*.7z=01;31:*.rz=01;31:*.cab=01;31:*.wim=01;31:*.swm=01;31:*.dwm=01;31:*.esd=01;31:*.jpg=01;35:*.jpeg=01;35:*.mjpg=01;35:*.mjpeg=01;35:*.gif=01;35:*.bmp=01;35:*.pbm=01;35:*.pgm=01;35:*.ppm=01;35:*.tga=01;35:*.xbm=01;35:*.xpm=01;35:*.tif=01;35:*.tiff=01;35:*.png=01;35:*.svg=01;35:*.svgz=01;35:*.mng=01;35:*.pcx=01;35:*.mov=01;35:*.mpg=01;35:*.mpeg=01;35:*.m2v=01;35:*.mkv=01;35:*.webm=01;35:*.webp=01;35:*.ogm=01;35:*.mp4=01;35:*.m4v=01;35:*.mp4v=01;35:*.vob=01;35:*.qt=01;35:*.nuv=01;35:*.wmv=01;35:*.asf=01;35:*.rm=01;35:*.rmvb=01;35:*.flc=01;35:*.avi=01;35:*.fli=01;35:*.flv=01;35:*.gl=01;35:*.dl=01;35:*.xcf=01;35:*.xwd=01;35:*.yuv=01;35:*.cgm=01;35:*.emf=01;35:*.ogv=01;35:*.ogx=01;35:*.aac=00;36:*.au=00;36:*.flac=00;36:*.m4a=00;36:*.mid=00;36:*.midi=00;36:*.mka=00;36:*.mp3=00;36:*.mpc=00;36:*.ogg=00;36:*.ra=00;36:*.wav=00;36:*.oga=00;36:*.opus=00;36:*.spx=00;36:*.xspf=00;36:'), ('TERM_PROGRAM', 'vscode'), ('ROS_DOMAIN_ID', '0'), ('AMENT_PREFIX_PATH', '/home/robot/robot_ws/install/web_bridge:/home/robot/robot_ws/install/vision_ai_node:/home/robot/robot_ws/install/robot_ai:/home/robot/robot_ws/install/vision_msgs:/home/robot/robot_ws/install/robot_bringup:/home/robot/robot_ws/install/sllidar_ros2:/home/robot/robot_ws/install/robot_serial:/home/robot/robot_ws/install/robot_description:/home/robot/robot_ws/install/camera_node:/opt/ros/humble'), ('SHELL', '/bin/bash'), ('LESSCLOSE', '/usr/bin/lesspipe %s %s'), ('PWD', '/home/robot/robot_ws/build/robot_description'), ('LC_ALL', 'en_US.UTF-8'), ('SSH_CONNECTION', '192.168.61.171 58385 192.168.61.135 22'), ('XDG_DATA_DIRS', '/usr/local/share:/usr/share:/var/lib/snapd/desktop'), ('PYTHONPATH', '/home/robot/robot_ws/install/web_bridge/lib/python3.10/site-packages:/home/robot/robot_ws/install/vision_ai_node/lib/python3.10/site-packages:/home/robot/robot_ws/install/robot_ai/lib/python3.10/site-packages:/home/robot/robot_ws/install/vision_msgs/local/lib/python3.10/dist-packages:/home/robot/robot_ws/install/robot_serial/lib/python3.10/site-packages:/home/robot/robot_ws/install/camera_node/lib/python3.10/site-packages:/opt/ros/humble/lib/python3.10/site-packages:/opt/ros/humble/local/lib/python3.10/dist-packages'), ('COLCON', '1'), ('CMAKE_PREFIX_PATH', '/home/robot/robot_ws/install/vision_msgs:/home/robot/robot_ws/install/robot_bringup:/home/robot/robot_ws/install/sllidar_ros2:/home/robot/robot_ws/install/robot_description:/home/robot/robot_ws/install/web_bridge:/home/robot/robot_ws/install/vision_ai_node:/home/robot/robot_ws/install/robot_ai:/home/robot/robot_ws/install/robot_serial:/home/robot/robot_ws/install/camera_node:/opt/ros/humble')]), 'shell': False}
[3.308188] (sllidar_ros2) CommandEnded: {'returncode': 0}
[3.317313] (sllidar_ros2) JobProgress: {'identifier': 'sllidar_ros2', 'progress': 'install'}
[3.317645] (sllidar_ros2) Command: {'cmd': ['/usr/bin/cmake', '--install', '/home/robot/robot_ws/build/sllidar_ros2'], 'cwd': '/home/robot/robot_ws/build/sllidar_ros2', 'env': OrderedDict([('LESSOPEN', '| /usr/bin/lesspipe %s'), ('USER', 'robot'), ('SSH_CLIENT', '192.168.61.171 58385 22'), ('XDG_SESSION_TYPE', 'tty'), ('SHLVL', '1'), ('LD_LIBRARY_PATH', '/home/robot/robot_ws/install/vision_msgs/lib:/opt/ros/humble/opt/rviz_ogre_vendor/lib:/opt/ros/humble/lib/aarch64-linux-gnu:/opt/ros/humble/lib'), ('BROWSER', '/home/robot/.vscode-server/cli/servers/Stable-1b6a188127eeaf9194f945eb6eb89a657e93c54c/server/bin/helpers/browser.sh'), ('MOTD_SHOWN', 'pam'), ('HOME', '/home/robot'), ('OLDPWD', '/home/robot/robot_ws'), ('TERM_PROGRAM_VERSION', '1.130.0'), ('VSCODE_IPC_HOOK_CLI', '/run/user/1000/vscode-ipc-6c806b01-5fa9-48ba-b2c3-0f639f061ed7.sock'), ('ROS_PYTHON_VERSION', '3'), ('VSCODE_PYTHON_AUTOACTIVATE_GUARD', '1'), ('DBUS_SESSION_BUS_ADDRESS', 'unix:path=/run/user/1000/bus'), ('COLORTERM', 'truecolor'), ('COLCON_PREFIX_PATH', '/home/robot/robot_ws/install'), ('ROS_DISTRO', 'humble'), ('LOGNAME', 'robot'), ('_', '/usr/bin/colcon'), ('ROS_VERSION', '2'), ('XDG_SESSION_CLASS', 'user'), ('TERM', 'xterm-256color'), ('XDG_SESSION_ID', '1'), ('ROS_LOCALHOST_ONLY', '1'), ('PATH', '/home/robot/.vscode-server/cli/servers/Stable-1b6a188127eeaf9194f945eb6eb89a657e93c54c/server/bin/remote-cli:/home/robot/.local/bin:/opt/ros/humble/bin:/usr/local/sbin:/usr/local/bin:/usr/sbin:/usr/bin:/sbin:/bin:/usr/games:/usr/local/games:/snap/bin'), ('XDG_RUNTIME_DIR', '/run/user/1000'), ('LANG', 'en_US.UTF-8'), ('RMW_IMPLEMENTATION', 'rmw_cyclonedds_cpp'), ('LS_COLORS', 'rs=0:di=01;34:ln=01;36:mh=00:pi=40;33:so=01;35:do=01;35:bd=40;33;01:cd=40;33;01:or=40;31;01:mi=00:su=37;41:sg=30;43:ca=30;41:tw=30;42:ow=34;42:st=37;44:ex=01;32:*.tar=01;31:*.tgz=01;31:*.arc=01;31:*.arj=01;31:*.taz=01;31:*.lha=01;31:*.lz4=01;31:*.lzh=01;31:*.lzma=01;31:*.tlz=01;31:*.txz=01;31:*.tzo=01;31:*.t7z=01;31:*.zip=01;31:*.z=01;31:*.dz=01;31:*.gz=01;31:*.lrz=01;31:*.lz=01;31:*.lzo=01;31:*.xz=01;31:*.zst=01;31:*.tzst=01;31:*.bz2=01;31:*.bz=01;31:*.tbz=01;31:*.tbz2=01;31:*.tz=01;31:*.deb=01;31:*.rpm=01;31:*.jar=01;31:*.war=01;31:*.ear=01;31:*.sar=01;31:*.rar=01;31:*.alz=01;31:*.ace=01;31:*.zoo=01;31:*.cpio=01;31:*.7z=01;31:*.rz=01;31:*.cab=01;31:*.wim=01;31:*.swm=01;31:*.dwm=01;31:*.esd=01;31:*.jpg=01;35:*.jpeg=01;35:*.mjpg=01;35:*.mjpeg=01;35:*.gif=01;35:*.bmp=01;35:*.pbm=01;35:*.pgm=01;35:*.ppm=01;35:*.tga=01;35:*.xbm=01;35:*.xpm=01;35:*.tif=01;35:*.tiff=01;35:*.png=01;35:*.svg=01;35:*.svgz=01;35:*.mng=01;35:*.pcx=01;35:*.mov=01;35:*.mpg=01;35:*.mpeg=01;35:*.m2v=01;35:*.mkv=01;35:*.webm=01;35:*.webp=01;35:*.ogm=01;35:*.mp4=01;35:*.m4v=01;35:*.mp4v=01;35:*.vob=01;35:*.qt=01;35:*.nuv=01;35:*.wmv=01;35:*.asf=01;35:*.rm=01;35:*.rmvb=01;35:*.flc=01;35:*.avi=01;35:*.fli=01;35:*.flv=01;35:*.gl=01;35:*.dl=01;35:*.xcf=01;35:*.xwd=01;35:*.yuv=01;35:*.cgm=01;35:*.emf=01;35:*.ogv=01;35:*.ogx=01;35:*.aac=00;36:*.au=00;36:*.flac=00;36:*.m4a=00;36:*.mid=00;36:*.midi=00;36:*.mka=00;36:*.mp3=00;36:*.mpc=00;36:*.ogg=00;36:*.ra=00;36:*.wav=00;36:*.oga=00;36:*.opus=00;36:*.spx=00;36:*.xspf=00;36:'), ('TERM_PROGRAM', 'vscode'), ('ROS_DOMAIN_ID', '0'), ('AMENT_PREFIX_PATH', '/home/robot/robot_ws/install/web_bridge:/home/robot/robot_ws/install/vision_ai_node:/home/robot/robot_ws/install/robot_ai:/home/robot/robot_ws/install/vision_msgs:/home/robot/robot_ws/install/robot_bringup:/home/robot/robot_ws/install/sllidar_ros2:/home/robot/robot_ws/install/robot_serial:/home/robot/robot_ws/install/robot_description:/home/robot/robot_ws/install/camera_node:/opt/ros/humble'), ('SHELL', '/bin/bash'), ('LESSCLOSE', '/usr/bin/lesspipe %s %s'), ('PWD', '/home/robot/robot_ws/build/sllidar_ros2'), ('LC_ALL', 'en_US.UTF-8'), ('SSH_CONNECTION', '192.168.61.171 58385 192.168.61.135 22'), ('XDG_DATA_DIRS', '/usr/local/share:/usr/share:/var/lib/snapd/desktop'), ('PYTHONPATH', '/home/robot/robot_ws/install/web_bridge/lib/python3.10/site-packages:/home/robot/robot_ws/install/vision_ai_node/lib/python3.10/site-packages:/home/robot/robot_ws/install/robot_ai/lib/python3.10/site-packages:/home/robot/robot_ws/install/vision_msgs/local/lib/python3.10/dist-packages:/home/robot/robot_ws/install/robot_serial/lib/python3.10/site-packages:/home/robot/robot_ws/install/camera_node/lib/python3.10/site-packages:/opt/ros/humble/lib/python3.10/site-packages:/opt/ros/humble/local/lib/python3.10/dist-packages'), ('COLCON', '1'), ('CMAKE_PREFIX_PATH', '/home/robot/robot_ws/install/vision_msgs:/home/robot/robot_ws/install/robot_bringup:/home/robot/robot_ws/install/sllidar_ros2:/home/robot/robot_ws/install/robot_description:/home/robot/robot_ws/install/web_bridge:/home/robot/robot_ws/install/vision_ai_node:/home/robot/robot_ws/install/robot_ai:/home/robot/robot_ws/install/robot_serial:/home/robot/robot_ws/install/camera_node:/opt/ros/humble')]), 'shell': False}
[3.352089] (-) TimerEvent: {}
[3.368941] (robot_description) StdoutLine: {'line': b'-- Install configuration: ""\n'}
[3.376395] (robot_description) StdoutLine: {'line': b'-- Up-to-date: /home/robot/robot_ws/install/robot_description/share/robot_description//launch\n'}
[3.377320] (robot_description) StdoutLine: {'line': b'-- Up-to-date: /home/robot/robot_ws/install/robot_description/share/robot_description//launch/display.launch.py\n'}
[3.377935] (robot_description) StdoutLine: {'line': b'-- Up-to-date: /home/robot/robot_ws/install/robot_description/share/robot_description//launch/robot_state_publisher.launch.py\n'}
[3.378771] (robot_description) StdoutLine: {'line': b'-- Up-to-date: /home/robot/robot_ws/install/robot_description/share/robot_description//urdf\n'}
[3.379402] (robot_description) StdoutLine: {'line': b'-- Up-to-date: /home/robot/robot_ws/install/robot_description/share/robot_description//urdf/gazebo.xacro\n'}
[3.380101] (robot_description) StdoutLine: {'line': b'-- Up-to-date: /home/robot/robot_ws/install/robot_description/share/robot_description//urdf/materials.xacro\n'}
[3.380714] (robot_description) StdoutLine: {'line': b'-- Up-to-date: /home/robot/robot_ws/install/robot_description/share/robot_description//urdf/robot.urdf.xacro\n'}
[3.381625] (robot_description) StdoutLine: {'line': b'-- Up-to-date: /home/robot/robot_ws/install/robot_description/share/robot_description//urdf/macros.xacro\n'}
[3.382396] (robot_description) StdoutLine: {'line': b'-- Up-to-date: /home/robot/robot_ws/install/robot_description/share/robot_description//config\n'}
[3.382980] (robot_description) StdoutLine: {'line': b'-- Up-to-date: /home/robot/robot_ws/install/robot_description/share/robot_description//config/joint_limits.yaml\n'}
[3.383548] (robot_description) StdoutLine: {'line': b'-- Up-to-date: /home/robot/robot_ws/install/robot_description/share/robot_description//rviz\n'}
[3.404796] (sllidar_ros2) StdoutLine: {'line': b'-- Install configuration: ""\n'}
[3.405561] (sllidar_ros2) StdoutLine: {'line': b'-- Up-to-date: /home/robot/robot_ws/install/sllidar_ros2/share/sllidar_ros2/launch\n'}
[3.406218] (sllidar_ros2) StdoutLine: {'line': b'-- Up-to-date: /home/robot/robot_ws/install/sllidar_ros2/share/sllidar_ros2/launch/sllidar_c1_launch.py\n'}
[3.406824] (sllidar_ros2) StdoutLine: {'line': b'-- Up-to-date: /home/robot/robot_ws/install/sllidar_ros2/share/sllidar_ros2/launch/view_sllidar_c1_launch.py\n'}
[3.407415] (sllidar_ros2) StdoutLine: {'line': b'-- Up-to-date: /home/robot/robot_ws/install/sllidar_ros2/share/sllidar_ros2/rviz\n'}
[3.408225] (sllidar_ros2) StdoutLine: {'line': b'-- Up-to-date: /home/robot/robot_ws/install/sllidar_ros2/share/sllidar_ros2/rviz/sllidar_ros2.rviz\n'}
[3.410281] (robot_description) StdoutLine: {'line': b'-- Up-to-date: /home/robot/robot_ws/install/robot_description/share/robot_description//rviz/rviz.rviz\n'}
[3.411336] (robot_description) StdoutLine: {'line': b'-- Up-to-date: /home/robot/robot_ws/install/robot_description/share/ament_index/resource_index/package_run_dependencies/robot_description\n'}
[3.412086] (robot_description) StdoutLine: {'line': b'-- Up-to-date: /home/robot/robot_ws/install/robot_description/share/ament_index/resource_index/parent_prefix_path/robot_description\n'}
[3.412745] (robot_description) StdoutLine: {'line': b'-- Up-to-date: /home/robot/robot_ws/install/robot_description/share/robot_description/environment/ament_prefix_path.sh\n'}
[3.413364] (robot_description) StdoutLine: {'line': b'-- Up-to-date: /home/robot/robot_ws/install/robot_description/share/robot_description/environment/ament_prefix_path.dsv\n'}
[3.414059] (robot_description) StdoutLine: {'line': b'-- Up-to-date: /home/robot/robot_ws/install/robot_description/share/robot_description/environment/path.sh\n'}
[3.414864] (robot_description) StdoutLine: {'line': b'-- Up-to-date: /home/robot/robot_ws/install/robot_description/share/robot_description/environment/path.dsv\n'}
[3.421988] (robot_description) StdoutLine: {'line': b'-- Up-to-date: /home/robot/robot_ws/install/robot_description/share/robot_description/local_setup.bash\n'}
[3.422839] (robot_description) StdoutLine: {'line': b'-- Up-to-date: /home/robot/robot_ws/install/robot_description/share/robot_description/local_setup.sh\n'}
[3.423571] (sllidar_ros2) StdoutLine: {'line': b'-- Up-to-date: /home/robot/robot_ws/install/sllidar_ros2/lib/sllidar_ros2/sllidar_node\n'}
[3.424398] (robot_description) StdoutLine: {'line': b'-- Up-to-date: /home/robot/robot_ws/install/robot_description/share/robot_description/local_setup.zsh\n'}
[3.424983] (robot_description) StdoutLine: {'line': b'-- Up-to-date: /home/robot/robot_ws/install/robot_description/share/robot_description/local_setup.dsv\n'}
[3.434906] (robot_description) StdoutLine: {'line': b'-- Installing: /home/robot/robot_ws/install/robot_description/share/robot_description/package.dsv\n'}
[3.435824] (sllidar_ros2) StdoutLine: {'line': b'-- Up-to-date: /home/robot/robot_ws/install/sllidar_ros2/lib/sllidar_ros2/sllidar_client\n'}
[3.436622] (sllidar_ros2) StdoutLine: {'line': b'-- Up-to-date: /home/robot/robot_ws/install/sllidar_ros2/share/ament_index/resource_index/package_run_dependencies/sllidar_ros2\n'}
[3.437376] (sllidar_ros2) StdoutLine: {'line': b'-- Up-to-date: /home/robot/robot_ws/install/sllidar_ros2/share/ament_index/resource_index/parent_prefix_path/sllidar_ros2\n'}
[3.438179] (sllidar_ros2) StdoutLine: {'line': b'-- Up-to-date: /home/robot/robot_ws/install/sllidar_ros2/share/sllidar_ros2/environment/ament_prefix_path.sh\n'}
[3.438836] (sllidar_ros2) StdoutLine: {'line': b'-- Up-to-date: /home/robot/robot_ws/install/sllidar_ros2/share/sllidar_ros2/environment/ament_prefix_path.dsv\n'}
[3.439531] (sllidar_ros2) StdoutLine: {'line': b'-- Up-to-date: /home/robot/robot_ws/install/sllidar_ros2/share/sllidar_ros2/environment/path.sh\n'}
[3.460427] (-) TimerEvent: {}
[3.461063] (sllidar_ros2) StdoutLine: {'line': b'-- Up-to-date: /home/robot/robot_ws/install/sllidar_ros2/share/sllidar_ros2/environment/path.dsv\n'}
[3.461991] (sllidar_ros2) StdoutLine: {'line': b'-- Up-to-date: /home/robot/robot_ws/install/sllidar_ros2/share/sllidar_ros2/local_setup.bash\n'}
[3.462794] (robot_description) StdoutLine: {'line': b'-- Up-to-date: /home/robot/robot_ws/install/robot_description/share/ament_index/resource_index/packages/robot_description\n'}
[3.463615] (robot_description) StdoutLine: {'line': b'-- Up-to-date: /home/robot/robot_ws/install/robot_description/share/robot_description/cmake/robot_descriptionConfig.cmake\n'}
[3.464319] (sllidar_ros2) StdoutLine: {'line': b'-- Up-to-date: /home/robot/robot_ws/install/sllidar_ros2/share/sllidar_ros2/local_setup.sh\n'}
[3.464897] (sllidar_ros2) StdoutLine: {'line': b'-- Up-to-date: /home/robot/robot_ws/install/sllidar_ros2/share/sllidar_ros2/local_setup.zsh\n'}
[3.465444] (sllidar_ros2) StdoutLine: {'line': b'-- Up-to-date: /home/robot/robot_ws/install/sllidar_ros2/share/sllidar_ros2/local_setup.dsv\n'}
[3.466058] (sllidar_ros2) StdoutLine: {'line': b'-- Installing: /home/robot/robot_ws/install/sllidar_ros2/share/sllidar_ros2/package.dsv\n'}
[3.466638] (robot_description) StdoutLine: {'line': b'-- Up-to-date: /home/robot/robot_ws/install/robot_description/share/robot_description/cmake/robot_descriptionConfig-version.cmake\n'}
[3.467351] (robot_description) StdoutLine: {'line': b'-- Up-to-date: /home/robot/robot_ws/install/robot_description/share/robot_description/package.xml\n'}
[3.480381] (sllidar_ros2) StdoutLine: {'line': b'-- Up-to-date: /home/robot/robot_ws/install/sllidar_ros2/share/ament_index/resource_index/packages/sllidar_ros2\n'}
[3.481185] (sllidar_ros2) StdoutLine: {'line': b'-- Up-to-date: /home/robot/robot_ws/install/sllidar_ros2/share/sllidar_ros2/cmake/ament_cmake_export_dependencies-extras.cmake\n'}
[3.481960] (sllidar_ros2) StdoutLine: {'line': b'-- Up-to-date: /home/robot/robot_ws/install/sllidar_ros2/share/sllidar_ros2/cmake/ament_cmake_export_include_directories-extras.cmake\n'}
[3.482563] (sllidar_ros2) StdoutLine: {'line': b'-- Up-to-date: /home/robot/robot_ws/install/sllidar_ros2/share/sllidar_ros2/cmake/sllidar_ros2Config.cmake\n'}
[3.483289] (sllidar_ros2) StdoutLine: {'line': b'-- Up-to-date: /home/robot/robot_ws/install/sllidar_ros2/share/sllidar_ros2/cmake/sllidar_ros2Config-version.cmake\n'}
[3.484065] (sllidar_ros2) StdoutLine: {'line': b'-- Up-to-date: /home/robot/robot_ws/install/sllidar_ros2/share/sllidar_ros2/package.xml\n'}
[3.560663] (-) TimerEvent: {}
[3.612989] (robot_description) CommandEnded: {'returncode': 0}
[3.662343] (-) TimerEvent: {}
[3.763396] (-) TimerEvent: {}
[3.864813] (-) TimerEvent: {}
[4.076022] (-) TimerEvent: {}
[4.178813] (-) TimerEvent: {}
[4.260044] (robot_description) JobEnded: {'identifier': 'robot_description', 'rc': 0}
[4.264405] (sllidar_ros2) CommandEnded: {'returncode': 0}
[4.279894] (-) TimerEvent: {}
[4.380805] (-) TimerEvent: {}
[4.481570] (-) TimerEvent: {}
[4.582486] (-) TimerEvent: {}
[4.629440] (sllidar_ros2) JobEnded: {'identifier': 'sllidar_ros2', 'rc': 0}
[4.634747] (robot_serial) JobStarted: {'identifier': 'robot_serial'}
[4.685101] (-) TimerEvent: {}
[4.700668] (web_bridge) JobStarted: {'identifier': 'web_bridge'}
[4.785342] (-) TimerEvent: {}
[4.886860] (-) TimerEvent: {}
[4.989434] (-) TimerEvent: {}
[5.092264] (-) TimerEvent: {}
[5.193329] (-) TimerEvent: {}
[5.294324] (-) TimerEvent: {}
[5.396710] (-) TimerEvent: {}
[5.498995] (-) TimerEvent: {}
[5.601096] (-) TimerEvent: {}
[5.640638] (vision_msgs) StdoutLine: {'line': b'running egg_info\n'}
[5.644697] (vision_msgs) StdoutLine: {'line': b'writing vision_msgs.egg-info/PKG-INFO\n'}
[5.650933] (vision_msgs) StdoutLine: {'line': b'writing dependency_links to vision_msgs.egg-info/dependency_links.txt\n'}
[5.653564] (vision_msgs) StdoutLine: {'line': b'writing top-level names to vision_msgs.egg-info/top_level.txt\n'}
[5.701313] (-) TimerEvent: {}
[5.803322] (-) TimerEvent: {}
[5.841556] (vision_msgs) StdoutLine: {'line': b"reading manifest file 'vision_msgs.egg-info/SOURCES.txt'\n"}
[5.903564] (-) TimerEvent: {}
[6.004988] (-) TimerEvent: {}
[6.066815] (vision_msgs) StdoutLine: {'line': b"writing manifest file 'vision_msgs.egg-info/SOURCES.txt'\n"}
[6.105121] (-) TimerEvent: {}
[6.207435] (-) TimerEvent: {}
[6.304902] (vision_msgs) StdoutLine: {'line': b'[ 33%] Built target ament_cmake_python_build_vision_msgs_egg\n'}
[6.307744] (-) TimerEvent: {}
[6.409811] (-) TimerEvent: {}
[6.514057] (-) TimerEvent: {}
[6.575068] (vision_msgs) StdoutLine: {'line': b'[ 35%] Built target vision_msgs__rs\n'}
[6.614261] (-) TimerEvent: {}
[6.716447] (-) TimerEvent: {}
[6.812557] (vision_msgs) StdoutLine: {'line': b'[ 45%] Built target vision_msgs__rosidl_generator_c\n'}
[6.817508] (-) TimerEvent: {}
[6.921839] (-) TimerEvent: {}
[7.024305] (-) TimerEvent: {}
[7.043065] (vision_msgs) StdoutLine: {'line': b'[ 56%] Built target vision_msgs__rosidl_typesupport_fastrtps_c\n'}
[7.124593] (-) TimerEvent: {}
[7.227297] (-) TimerEvent: {}
[7.234939] (vision_msgs) StdoutLine: {'line': b'[ 66%] Built target vision_msgs__rosidl_typesupport_c\n'}
[7.327508] (-) TimerEvent: {}
[7.429679] (-) TimerEvent: {}
[7.530998] (-) TimerEvent: {}
[7.556058] (vision_msgs) StdoutLine: {'line': b'[ 77%] Built target vision_msgs__rosidl_typesupport_introspection_c\n'}
[7.631388] (-) TimerEvent: {}
[7.723864] (vision_msgs) StdoutLine: {'line': b'[ 77%] Built target vision_msgs\n'}
[7.731564] (-) TimerEvent: {}
[7.833017] (-) TimerEvent: {}
[7.936612] (-) TimerEvent: {}
[8.039254] (-) TimerEvent: {}
[8.085948] (vision_msgs) StdoutLine: {'line': b'[ 79%] Built target vision_msgs__py\n'}
[8.140635] (-) TimerEvent: {}
[8.244058] (-) TimerEvent: {}
[8.349216] (-) TimerEvent: {}
[8.446208] (vision_msgs) StdoutLine: {'line': b'[ 87%] Built target vision_msgs__rosidl_generator_py\n'}
[8.449452] (-) TimerEvent: {}
[8.550497] (-) TimerEvent: {}
[8.652429] (-) TimerEvent: {}
[8.681519] (vision_msgs) StdoutLine: {'line': b'[ 91%] Built target vision_msgs__rosidl_typesupport_fastrtps_c__pyext\n'}
[8.752625] (-) TimerEvent: {}
[8.853637] (-) TimerEvent: {}
[8.954665] (-) TimerEvent: {}
[9.209068] (-) TimerEvent: {}
[9.311410] (-) TimerEvent: {}
[9.413606] (-) TimerEvent: {}
[9.471588] (vision_msgs) StdoutLine: {'line': b'[ 95%] Built target vision_msgs__rosidl_typesupport_c__pyext\n'}
[9.513846] (-) TimerEvent: {}
[9.617304] (-) TimerEvent: {}
[9.719340] (-) TimerEvent: {}
[9.821009] (-) TimerEvent: {}
[9.881666] (vision_msgs) StdoutLine: {'line': b'[100%] Built target vision_msgs__rosidl_typesupport_introspection_c__pyext\n'}
[9.921227] (-) TimerEvent: {}
[9.966414] (camera_node) Command: {'cmd': ['/usr/bin/python3', '-W', 'ignore:setup.py install is deprecated', '-W', 'ignore:easy_install command is deprecated', 'setup.py', 'egg_info', '--egg-base', '../../build/camera_node', 'build', '--build-base', '/home/robot/robot_ws/build/camera_node/build', 'install', '--record', '/home/robot/robot_ws/build/camera_node/install.log', '--install-scripts', '$base/lib/camera_node', '--single-version-externally-managed', 'install_data'], 'cwd': '/home/robot/robot_ws/src/camera_node', 'env': {'LESSOPEN': '| /usr/bin/lesspipe %s', 'USER': 'robot', 'SSH_CLIENT': '192.168.61.171 58385 22', 'XDG_SESSION_TYPE': 'tty', 'SHLVL': '1', 'LD_LIBRARY_PATH': '/home/robot/robot_ws/install/vision_msgs/lib:/opt/ros/humble/opt/rviz_ogre_vendor/lib:/opt/ros/humble/lib/aarch64-linux-gnu:/opt/ros/humble/lib', 'BROWSER': '/home/robot/.vscode-server/cli/servers/Stable-1b6a188127eeaf9194f945eb6eb89a657e93c54c/server/bin/helpers/browser.sh', 'MOTD_SHOWN': 'pam', 'HOME': '/home/robot', 'OLDPWD': '/home/robot/robot_ws', 'TERM_PROGRAM_VERSION': '1.130.0', 'VSCODE_IPC_HOOK_CLI': '/run/user/1000/vscode-ipc-6c806b01-5fa9-48ba-b2c3-0f639f061ed7.sock', 'ROS_PYTHON_VERSION': '3', 'VSCODE_PYTHON_AUTOACTIVATE_GUARD': '1', 'DBUS_SESSION_BUS_ADDRESS': 'unix:path=/run/user/1000/bus', 'COLORTERM': 'truecolor', 'COLCON_PREFIX_PATH': '/home/robot/robot_ws/install', 'ROS_DISTRO': 'humble', 'LOGNAME': 'robot', '_': '/usr/bin/colcon', 'ROS_VERSION': '2', 'XDG_SESSION_CLASS': 'user', 'TERM': 'xterm-256color', 'XDG_SESSION_ID': '1', 'ROS_LOCALHOST_ONLY': '1', 'PATH': '/home/robot/.vscode-server/cli/servers/Stable-1b6a188127eeaf9194f945eb6eb89a657e93c54c/server/bin/remote-cli:/home/robot/.local/bin:/opt/ros/humble/bin:/usr/local/sbin:/usr/local/bin:/usr/sbin:/usr/bin:/sbin:/bin:/usr/games:/usr/local/games:/snap/bin', 'XDG_RUNTIME_DIR': '/run/user/1000', 'LANG': 'en_US.UTF-8', 'RMW_IMPLEMENTATION': 'rmw_cyclonedds_cpp', 'LS_COLORS': 'rs=0:di=01;34:ln=01;36:mh=00:pi=40;33:so=01;35:do=01;35:bd=40;33;01:cd=40;33;01:or=40;31;01:mi=00:su=37;41:sg=30;43:ca=30;41:tw=30;42:ow=34;42:st=37;44:ex=01;32:*.tar=01;31:*.tgz=01;31:*.arc=01;31:*.arj=01;31:*.taz=01;31:*.lha=01;31:*.lz4=01;31:*.lzh=01;31:*.lzma=01;31:*.tlz=01;31:*.txz=01;31:*.tzo=01;31:*.t7z=01;31:*.zip=01;31:*.z=01;31:*.dz=01;31:*.gz=01;31:*.lrz=01;31:*.lz=01;31:*.lzo=01;31:*.xz=01;31:*.zst=01;31:*.tzst=01;31:*.bz2=01;31:*.bz=01;31:*.tbz=01;31:*.tbz2=01;31:*.tz=01;31:*.deb=01;31:*.rpm=01;31:*.jar=01;31:*.war=01;31:*.ear=01;31:*.sar=01;31:*.rar=01;31:*.alz=01;31:*.ace=01;31:*.zoo=01;31:*.cpio=01;31:*.7z=01;31:*.rz=01;31:*.cab=01;31:*.wim=01;31:*.swm=01;31:*.dwm=01;31:*.esd=01;31:*.jpg=01;35:*.jpeg=01;35:*.mjpg=01;35:*.mjpeg=01;35:*.gif=01;35:*.bmp=01;35:*.pbm=01;35:*.pgm=01;35:*.ppm=01;35:*.tga=01;35:*.xbm=01;35:*.xpm=01;35:*.tif=01;35:*.tiff=01;35:*.png=01;35:*.svg=01;35:*.svgz=01;35:*.mng=01;35:*.pcx=01;35:*.mov=01;35:*.mpg=01;35:*.mpeg=01;35:*.m2v=01;35:*.mkv=01;35:*.webm=01;35:*.webp=01;35:*.ogm=01;35:*.mp4=01;35:*.m4v=01;35:*.mp4v=01;35:*.vob=01;35:*.qt=01;35:*.nuv=01;35:*.wmv=01;35:*.asf=01;35:*.rm=01;35:*.rmvb=01;35:*.flc=01;35:*.avi=01;35:*.fli=01;35:*.flv=01;35:*.gl=01;35:*.dl=01;35:*.xcf=01;35:*.xwd=01;35:*.yuv=01;35:*.cgm=01;35:*.emf=01;35:*.ogv=01;35:*.ogx=01;35:*.aac=00;36:*.au=00;36:*.flac=00;36:*.m4a=00;36:*.mid=00;36:*.midi=00;36:*.mka=00;36:*.mp3=00;36:*.mpc=00;36:*.ogg=00;36:*.ra=00;36:*.wav=00;36:*.oga=00;36:*.opus=00;36:*.spx=00;36:*.xspf=00;36:', 'TERM_PROGRAM': 'vscode', 'ROS_DOMAIN_ID': '0', 'AMENT_PREFIX_PATH': '/home/robot/robot_ws/install/web_bridge:/home/robot/robot_ws/install/vision_ai_node:/home/robot/robot_ws/install/robot_ai:/home/robot/robot_ws/install/vision_msgs:/home/robot/robot_ws/install/robot_bringup:/home/robot/robot_ws/install/sllidar_ros2:/home/robot/robot_ws/install/robot_serial:/home/robot/robot_ws/install/robot_description:/home/robot/robot_ws/install/camera_node:/opt/ros/humble', 'SHELL': '/bin/bash', 'LESSCLOSE': '/usr/bin/lesspipe %s %s', 'PWD': '/home/robot/robot_ws/build/camera_node', 'LC_ALL': 'en_US.UTF-8', 'SSH_CONNECTION': '192.168.61.171 58385 192.168.61.135 22', 'XDG_DATA_DIRS': '/usr/local/share:/usr/share:/var/lib/snapd/desktop', 'PYTHONPATH': '/home/robot/robot_ws/build/camera_node/prefix_override:/usr/lib/python3/dist-packages/colcon_core/task/python/colcon_distutils_commands:/home/robot/robot_ws/install/camera_node/lib/python3.10/site-packages:/home/robot/robot_ws/install/web_bridge/lib/python3.10/site-packages:/home/robot/robot_ws/install/vision_ai_node/lib/python3.10/site-packages:/home/robot/robot_ws/install/robot_ai/lib/python3.10/site-packages:/home/robot/robot_ws/install/vision_msgs/local/lib/python3.10/dist-packages:/home/robot/robot_ws/install/robot_serial/lib/python3.10/site-packages:/home/robot/robot_ws/install/camera_node/lib/python3.10/site-packages:/opt/ros/humble/lib/python3.10/site-packages:/opt/ros/humble/local/lib/python3.10/dist-packages', 'COLCON': '1', 'CMAKE_PREFIX_PATH': '/home/robot/robot_ws/install/vision_msgs:/home/robot/robot_ws/install/robot_bringup:/home/robot/robot_ws/install/sllidar_ros2:/home/robot/robot_ws/install/robot_description'}, 'shell': False}
[10.028159] (-) TimerEvent: {}
[10.039864] (vision_msgs) CommandEnded: {'returncode': 0}
[10.128377] (-) TimerEvent: {}
[10.188351] (vision_msgs) JobProgress: {'identifier': 'vision_msgs', 'progress': 'install'}
[10.188716] (vision_msgs) Command: {'cmd': ['/usr/bin/cmake', '--install', '/home/robot/robot_ws/build/vision_msgs'], 'cwd': '/home/robot/robot_ws/build/vision_msgs', 'env': OrderedDict([('LESSOPEN', '| /usr/bin/lesspipe %s'), ('USER', 'robot'), ('SSH_CLIENT', '192.168.61.171 58385 22'), ('XDG_SESSION_TYPE', 'tty'), ('SHLVL', '1'), ('LD_LIBRARY_PATH', '/home/robot/robot_ws/install/vision_msgs/lib:/opt/ros/humble/opt/rviz_ogre_vendor/lib:/opt/ros/humble/lib/aarch64-linux-gnu:/opt/ros/humble/lib'), ('BROWSER', '/home/robot/.vscode-server/cli/servers/Stable-1b6a188127eeaf9194f945eb6eb89a657e93c54c/server/bin/helpers/browser.sh'), ('MOTD_SHOWN', 'pam'), ('HOME', '/home/robot'), ('OLDPWD', '/home/robot/robot_ws'), ('TERM_PROGRAM_VERSION', '1.130.0'), ('VSCODE_IPC_HOOK_CLI', '/run/user/1000/vscode-ipc-6c806b01-5fa9-48ba-b2c3-0f639f061ed7.sock'), ('ROS_PYTHON_VERSION', '3'), ('VSCODE_PYTHON_AUTOACTIVATE_GUARD', '1'), ('DBUS_SESSION_BUS_ADDRESS', 'unix:path=/run/user/1000/bus'), ('COLORTERM', 'truecolor'), ('COLCON_PREFIX_PATH', '/home/robot/robot_ws/install'), ('ROS_DISTRO', 'humble'), ('LOGNAME', 'robot'), ('_', '/usr/bin/colcon'), ('ROS_VERSION', '2'), ('XDG_SESSION_CLASS', 'user'), ('TERM', 'xterm-256color'), ('XDG_SESSION_ID', '1'), ('ROS_LOCALHOST_ONLY', '1'), ('PATH', '/home/robot/.vscode-server/cli/servers/Stable-1b6a188127eeaf9194f945eb6eb89a657e93c54c/server/bin/remote-cli:/home/robot/.local/bin:/opt/ros/humble/bin:/usr/local/sbin:/usr/local/bin:/usr/sbin:/usr/bin:/sbin:/bin:/usr/games:/usr/local/games:/snap/bin'), ('XDG_RUNTIME_DIR', '/run/user/1000'), ('LANG', 'en_US.UTF-8'), ('RMW_IMPLEMENTATION', 'rmw_cyclonedds_cpp'), ('LS_COLORS', 'rs=0:di=01;34:ln=01;36:mh=00:pi=40;33:so=01;35:do=01;35:bd=40;33;01:cd=40;33;01:or=40;31;01:mi=00:su=37;41:sg=30;43:ca=30;41:tw=30;42:ow=34;42:st=37;44:ex=01;32:*.tar=01;31:*.tgz=01;31:*.arc=01;31:*.arj=01;31:*.taz=01;31:*.lha=01;31:*.lz4=01;31:*.lzh=01;31:*.lzma=01;31:*.tlz=01;31:*.txz=01;31:*.tzo=01;31:*.t7z=01;31:*.zip=01;31:*.z=01;31:*.dz=01;31:*.gz=01;31:*.lrz=01;31:*.lz=01;31:*.lzo=01;31:*.xz=01;31:*.zst=01;31:*.tzst=01;31:*.bz2=01;31:*.bz=01;31:*.tbz=01;31:*.tbz2=01;31:*.tz=01;31:*.deb=01;31:*.rpm=01;31:*.jar=01;31:*.war=01;31:*.ear=01;31:*.sar=01;31:*.rar=01;31:*.alz=01;31:*.ace=01;31:*.zoo=01;31:*.cpio=01;31:*.7z=01;31:*.rz=01;31:*.cab=01;31:*.wim=01;31:*.swm=01;31:*.dwm=01;31:*.esd=01;31:*.jpg=01;35:*.jpeg=01;35:*.mjpg=01;35:*.mjpeg=01;35:*.gif=01;35:*.bmp=01;35:*.pbm=01;35:*.pgm=01;35:*.ppm=01;35:*.tga=01;35:*.xbm=01;35:*.xpm=01;35:*.tif=01;35:*.tiff=01;35:*.png=01;35:*.svg=01;35:*.svgz=01;35:*.mng=01;35:*.pcx=01;35:*.mov=01;35:*.mpg=01;35:*.mpeg=01;35:*.m2v=01;35:*.mkv=01;35:*.webm=01;35:*.webp=01;35:*.ogm=01;35:*.mp4=01;35:*.m4v=01;35:*.mp4v=01;35:*.vob=01;35:*.qt=01;35:*.nuv=01;35:*.wmv=01;35:*.asf=01;35:*.rm=01;35:*.rmvb=01;35:*.flc=01;35:*.avi=01;35:*.fli=01;35:*.flv=01;35:*.gl=01;35:*.dl=01;35:*.xcf=01;35:*.xwd=01;35:*.yuv=01;35:*.cgm=01;35:*.emf=01;35:*.ogv=01;35:*.ogx=01;35:*.aac=00;36:*.au=00;36:*.flac=00;36:*.m4a=00;36:*.mid=00;36:*.midi=00;36:*.mka=00;36:*.mp3=00;36:*.mpc=00;36:*.ogg=00;36:*.ra=00;36:*.wav=00;36:*.oga=00;36:*.opus=00;36:*.spx=00;36:*.xspf=00;36:'), ('TERM_PROGRAM', 'vscode'), ('ROS_DOMAIN_ID', '0'), ('AMENT_PREFIX_PATH', '/home/robot/robot_ws/install/web_bridge:/home/robot/robot_ws/install/vision_ai_node:/home/robot/robot_ws/install/robot_ai:/home/robot/robot_ws/install/vision_msgs:/home/robot/robot_ws/install/robot_bringup:/home/robot/robot_ws/install/sllidar_ros2:/home/robot/robot_ws/install/robot_serial:/home/robot/robot_ws/install/robot_description:/home/robot/robot_ws/install/camera_node:/opt/ros/humble'), ('SHELL', '/bin/bash'), ('LESSCLOSE', '/usr/bin/lesspipe %s %s'), ('PWD', '/home/robot/robot_ws/build/vision_msgs'), ('LC_ALL', 'en_US.UTF-8'), ('SSH_CONNECTION', '192.168.61.171 58385 192.168.61.135 22'), ('XDG_DATA_DIRS', '/usr/local/share:/usr/share:/var/lib/snapd/desktop'), ('PYTHONPATH', '/home/robot/robot_ws/install/web_bridge/lib/python3.10/site-packages:/home/robot/robot_ws/install/vision_ai_node/lib/python3.10/site-packages:/home/robot/robot_ws/install/robot_ai/lib/python3.10/site-packages:/home/robot/robot_ws/install/vision_msgs/local/lib/python3.10/dist-packages:/home/robot/robot_ws/install/robot_serial/lib/python3.10/site-packages:/home/robot/robot_ws/install/camera_node/lib/python3.10/site-packages:/opt/ros/humble/lib/python3.10/site-packages:/opt/ros/humble/local/lib/python3.10/dist-packages'), ('COLCON', '1'), ('CMAKE_PREFIX_PATH', '/home/robot/robot_ws/install/vision_msgs:/home/robot/robot_ws/install/robot_bringup:/home/robot/robot_ws/install/sllidar_ros2:/home/robot/robot_ws/install/robot_description:/home/robot/robot_ws/install/web_bridge:/home/robot/robot_ws/install/vision_ai_node:/home/robot/robot_ws/install/robot_ai:/home/robot/robot_ws/install/robot_serial:/home/robot/robot_ws/install/camera_node:/opt/ros/humble')]), 'shell': False}
[10.228636] (-) TimerEvent: {}
[10.300686] (vision_msgs) StdoutLine: {'line': b'-- Install configuration: ""\n'}
[10.303337] (vision_msgs) StdoutLine: {'line': b'-- Up-to-date: /home/robot/robot_ws/install/vision_msgs/share/ament_index/resource_index/rosidl_interfaces/vision_msgs\n'}
[10.305076] (vision_msgs) StdoutLine: {'line': b'-- Up-to-date: /home/robot/robot_ws/install/vision_msgs/include/vision_msgs/vision_msgs\n'}
[10.305696] (vision_msgs) StdoutLine: {'line': b'-- Up-to-date: /home/robot/robot_ws/install/vision_msgs/include/vision_msgs/vision_msgs/msg\n'}
[10.306231] (vision_msgs) StdoutLine: {'line': b'-- Up-to-date: /home/robot/robot_ws/install/vision_msgs/include/vision_msgs/vision_msgs/msg/detection.h\n'}
[10.306845] (vision_msgs) StdoutLine: {'line': b'-- Up-to-date: /home/robot/robot_ws/install/vision_msgs/include/vision_msgs/vision_msgs/msg/ai_status.h\n'}
[10.307533] (vision_msgs) StdoutLine: {'line': b'-- Up-to-date: /home/robot/robot_ws/install/vision_msgs/include/vision_msgs/vision_msgs/msg/rosidl_generator_c__visibility_control.h\n'}
[10.316653] (vision_msgs) StdoutLine: {'line': b'-- Up-to-date: /home/robot/robot_ws/install/vision_msgs/include/vision_msgs/vision_msgs/msg/detail\n'}
[10.320455] (vision_msgs) StdoutLine: {'line': b'-- Up-to-date: /home/robot/robot_ws/install/vision_msgs/include/vision_msgs/vision_msgs/msg/detail/ai_status__struct.h\n'}
[10.323434] (vision_msgs) StdoutLine: {'line': b'-- Up-to-date: /home/robot/robot_ws/install/vision_msgs/include/vision_msgs/vision_msgs/msg/detail/detection__functions.c\n'}
[10.324287] (vision_msgs) StdoutLine: {'line': b'-- Up-to-date: /home/robot/robot_ws/install/vision_msgs/include/vision_msgs/vision_msgs/msg/detail/ai_status__type_support.h\n'}
[10.325012] (vision_msgs) StdoutLine: {'line': b'-- Up-to-date: /home/robot/robot_ws/install/vision_msgs/include/vision_msgs/vision_msgs/msg/detail/detection__functions.h\n'}
[10.325727] (vision_msgs) StdoutLine: {'line': b'-- Up-to-date: /home/robot/robot_ws/install/vision_msgs/include/vision_msgs/vision_msgs/msg/detail/detection_array__type_support.h\n'}
[10.326605] (vision_msgs) StdoutLine: {'line': b'-- Up-to-date: /home/robot/robot_ws/install/vision_msgs/include/vision_msgs/vision_msgs/msg/detail/ai_status__functions.c\n'}
[10.330996] (-) TimerEvent: {}
[10.334324] (vision_msgs) StdoutLine: {'line': b'-- Up-to-date: /home/robot/robot_ws/install/vision_msgs/include/vision_msgs/vision_msgs/msg/detail/detection_array__functions.c\n'}
[10.335161] (vision_msgs) StdoutLine: {'line': b'-- Up-to-date: /home/robot/robot_ws/install/vision_msgs/include/vision_msgs/vision_msgs/msg/detail/ai_status__functions.h\n'}
[10.335838] (vision_msgs) StdoutLine: {'line': b'-- Up-to-date: /home/robot/robot_ws/install/vision_msgs/include/vision_msgs/vision_msgs/msg/detail/detection__struct.h\n'}
[10.396494] (vision_msgs) StdoutLine: {'line': b'-- Up-to-date: /home/robot/robot_ws/install/vision_msgs/include/vision_msgs/vision_msgs/msg/detail/detection_array__functions.h\n'}
[10.402021] (vision_msgs) StdoutLine: {'line': b'-- Up-to-date: /home/robot/robot_ws/install/vision_msgs/include/vision_msgs/vision_msgs/msg/detail/detection__type_support.h\n'}
[10.402713] (vision_msgs) StdoutLine: {'line': b'-- Up-to-date: /home/robot/robot_ws/install/vision_msgs/include/vision_msgs/vision_msgs/msg/detail/detection_array__struct.h\n'}
[10.403445] (vision_msgs) StdoutLine: {'line': b'-- Up-to-date: /home/robot/robot_ws/install/vision_msgs/include/vision_msgs/vision_msgs/msg/detection_array.h\n'}
[10.404056] (vision_msgs) StdoutLine: {'line': b'-- Up-to-date: /home/robot/robot_ws/install/vision_msgs/share/vision_msgs/environment/library_path.sh\n'}
[10.404681] (vision_msgs) StdoutLine: {'line': b'-- Up-to-date: /home/robot/robot_ws/install/vision_msgs/share/vision_msgs/environment/library_path.dsv\n'}
[10.405305] (vision_msgs) StdoutLine: {'line': b'-- Up-to-date: /home/robot/robot_ws/install/vision_msgs/lib/libvision_msgs__rosidl_generator_c.so\n'}
[10.405953] (vision_msgs) StdoutLine: {'line': b'-- Up-to-date: /home/robot/robot_ws/install/vision_msgs/include/vision_msgs/vision_msgs\n'}
[10.406442] (vision_msgs) StdoutLine: {'line': b'-- Up-to-date: /home/robot/robot_ws/install/vision_msgs/include/vision_msgs/vision_msgs/msg\n'}
[10.406994] (vision_msgs) StdoutLine: {'line': b'-- Up-to-date: /home/robot/robot_ws/install/vision_msgs/include/vision_msgs/vision_msgs/msg/rosidl_typesupport_fastrtps_c__visibility_control.h\n'}
[10.426314] (vision_msgs) StdoutLine: {'line': b'-- Up-to-date: /home/robot/robot_ws/install/vision_msgs/include/vision_msgs/vision_msgs/msg/detail\n'}
[10.440858] (-) TimerEvent: {}
[10.448642] (vision_msgs) StdoutLine: {'line': b'-- Up-to-date: /home/robot/robot_ws/install/vision_msgs/include/vision_msgs/vision_msgs/msg/detail/detection__rosidl_typesupport_fastrtps_c.h\n'}
[10.452148] (vision_msgs) StdoutLine: {'line': b'-- Up-to-date: /home/robot/robot_ws/install/vision_msgs/include/vision_msgs/vision_msgs/msg/detail/detection_array__rosidl_typesupport_fastrtps_c.h\n'}
[10.453405] (vision_msgs) StdoutLine: {'line': b'-- Up-to-date: /home/robot/robot_ws/install/vision_msgs/include/vision_msgs/vision_msgs/msg/detail/ai_status__rosidl_typesupport_fastrtps_c.h\n'}
[10.473307] (vision_msgs) StdoutLine: {'line': b'-- Up-to-date: /home/robot/robot_ws/install/vision_msgs/lib/libvision_msgs__rosidl_typesupport_fastrtps_c.so\n'}
[10.474249] (vision_msgs) StdoutLine: {'line': b'-- Up-to-date: /home/robot/robot_ws/install/vision_msgs/include/vision_msgs/vision_msgs\n'}
[10.475011] (vision_msgs) StdoutLine: {'line': b'-- Up-to-date: /home/robot/robot_ws/install/vision_msgs/include/vision_msgs/vision_msgs/msg\n'}
[10.475954] (vision_msgs) StdoutLine: {'line': b'-- Up-to-date: /home/robot/robot_ws/install/vision_msgs/include/vision_msgs/vision_msgs/msg/detail\n'}
[10.476669] (vision_msgs) StdoutLine: {'line': b'-- Up-to-date: /home/robot/robot_ws/install/vision_msgs/include/vision_msgs/vision_msgs/msg/detail/detection__rosidl_typesupport_introspection_c.h\n'}
[10.477405] (vision_msgs) StdoutLine: {'line': b'-- Up-to-date: /home/robot/robot_ws/install/vision_msgs/include/vision_msgs/vision_msgs/msg/detail/ai_status__rosidl_typesupport_introspection_c.h\n'}
[10.478174] (vision_msgs) StdoutLine: {'line': b'-- Up-to-date: /home/robot/robot_ws/install/vision_msgs/include/vision_msgs/vision_msgs/msg/detail/detection__type_support.c\n'}
[10.478889] (vision_msgs) StdoutLine: {'line': b'-- Up-to-date: /home/robot/robot_ws/install/vision_msgs/include/vision_msgs/vision_msgs/msg/detail/ai_status__type_support.c\n'}
[10.519806] (vision_msgs) StdoutLine: {'line': b'-- Up-to-date: /home/robot/robot_ws/install/vision_msgs/include/vision_msgs/vision_msgs/msg/detail/detection_array__rosidl_typesupport_introspection_c.h\n'}
[10.520782] (vision_msgs) StdoutLine: {'line': b'-- Up-to-date: /home/robot/robot_ws/install/vision_msgs/include/vision_msgs/vision_msgs/msg/detail/detection_array__type_support.c\n'}
[10.521616] (vision_msgs) StdoutLine: {'line': b'-- Up-to-date: /home/robot/robot_ws/install/vision_msgs/include/vision_msgs/vision_msgs/msg/rosidl_typesupport_introspection_c__visibility_control.h\n'}
[10.522393] (vision_msgs) StdoutLine: {'line': b'-- Up-to-date: /home/robot/robot_ws/install/vision_msgs/lib/libvision_msgs__rosidl_typesupport_introspection_c.so\n'}
[10.523110] (vision_msgs) StdoutLine: {'line': b'-- Up-to-date: /home/robot/robot_ws/install/vision_msgs/lib/libvision_msgs__rosidl_typesupport_c.so\n'}
[10.523936] (vision_msgs) StdoutLine: {'line': b'-- Up-to-date: /home/robot/robot_ws/install/vision_msgs/include/vision_msgs/vision_msgs\n'}
[10.524689] (vision_msgs) StdoutLine: {'line': b'-- Up-to-date: /home/robot/robot_ws/install/vision_msgs/include/vision_msgs/vision_msgs/msg\n'}
[10.525401] (vision_msgs) StdoutLine: {'line': b'-- Up-to-date: /home/robot/robot_ws/install/vision_msgs/include/vision_msgs/vision_msgs/msg/detection_array.hpp\n'}
[10.526107] (vision_msgs) StdoutLine: {'line': b'-- Up-to-date: /home/robot/robot_ws/install/vision_msgs/include/vision_msgs/vision_msgs/msg/ai_status.hpp\n'}
[10.560531] (-) TimerEvent: {}
[10.570568] (vision_msgs) StdoutLine: {'line': b'-- Up-to-date: /home/robot/robot_ws/install/vision_msgs/include/vision_msgs/vision_msgs/msg/detail\n'}
[10.571368] (vision_msgs) StdoutLine: {'line': b'-- Up-to-date: /home/robot/robot_ws/install/vision_msgs/include/vision_msgs/vision_msgs/msg/detail/detection__struct.hpp\n'}
[10.572074] (vision_msgs) StdoutLine: {'line': b'-- Up-to-date: /home/robot/robot_ws/install/vision_msgs/include/vision_msgs/vision_msgs/msg/detail/ai_status__traits.hpp\n'}
[10.572831] (vision_msgs) StdoutLine: {'line': b'-- Up-to-date: /home/robot/robot_ws/install/vision_msgs/include/vision_msgs/vision_msgs/msg/detail/detection_array__type_support.hpp\n'}
[10.577143] (vision_msgs) StdoutLine: {'line': b'-- Up-to-date: /home/robot/robot_ws/install/vision_msgs/include/vision_msgs/vision_msgs/msg/detail/detection_array__builder.hpp\n'}
[10.578670] (vision_msgs) StdoutLine: {'line': b'-- Up-to-date: /home/robot/robot_ws/install/vision_msgs/include/vision_msgs/vision_msgs/msg/detail/detection__traits.hpp\n'}
[10.592255] (vision_msgs) StdoutLine: {'line': b'-- Up-to-date: /home/robot/robot_ws/install/vision_msgs/include/vision_msgs/vision_msgs/msg/detail/detection_array__struct.hpp\n'}
[10.592979] (vision_msgs) StdoutLine: {'line': b'-- Up-to-date: /home/robot/robot_ws/install/vision_msgs/include/vision_msgs/vision_msgs/msg/detail/ai_status__type_support.hpp\n'}
[10.593551] (vision_msgs) StdoutLine: {'line': b'-- Up-to-date: /home/robot/robot_ws/install/vision_msgs/include/vision_msgs/vision_msgs/msg/detail/detection__type_support.hpp\n'}
[10.594006] (vision_msgs) StdoutLine: {'line': b'-- Up-to-date: /home/robot/robot_ws/install/vision_msgs/include/vision_msgs/vision_msgs/msg/detail/detection_array__traits.hpp\n'}
[10.594618] (vision_msgs) StdoutLine: {'line': b'-- Up-to-date: /home/robot/robot_ws/install/vision_msgs/include/vision_msgs/vision_msgs/msg/detail/ai_status__builder.hpp\n'}
[10.595209] (vision_msgs) StdoutLine: {'line': b'-- Up-to-date: /home/robot/robot_ws/install/vision_msgs/include/vision_msgs/vision_msgs/msg/detail/detection__builder.hpp\n'}
[10.616479] (vision_msgs) StdoutLine: {'line': b'-- Up-to-date: /home/robot/robot_ws/install/vision_msgs/include/vision_msgs/vision_msgs/msg/detail/ai_status__struct.hpp\n'}
[10.617300] (vision_msgs) StdoutLine: {'line': b'-- Up-to-date: /home/robot/robot_ws/install/vision_msgs/include/vision_msgs/vision_msgs/msg/rosidl_generator_cpp__visibility_control.hpp\n'}
[10.618057] (vision_msgs) StdoutLine: {'line': b'-- Up-to-date: /home/robot/robot_ws/install/vision_msgs/include/vision_msgs/vision_msgs/msg/detection.hpp\n'}
[10.618764] (vision_msgs) StdoutLine: {'line': b'-- Up-to-date: /home/robot/robot_ws/install/vision_msgs/include/vision_msgs/vision_msgs\n'}
[10.619427] (vision_msgs) StdoutLine: {'line': b'-- Up-to-date: /home/robot/robot_ws/install/vision_msgs/include/vision_msgs/vision_msgs/msg\n'}
[10.620194] (vision_msgs) StdoutLine: {'line': b'-- Up-to-date: /home/robot/robot_ws/install/vision_msgs/include/vision_msgs/vision_msgs/msg/rosidl_typesupport_fastrtps_cpp__visibility_control.h\n'}
[10.620918] (vision_msgs) StdoutLine: {'line': b'-- Up-to-date: /home/robot/robot_ws/install/vision_msgs/include/vision_msgs/vision_msgs/msg/detail\n'}
[10.621722] (vision_msgs) StdoutLine: {'line': b'-- Up-to-date: /home/robot/robot_ws/install/vision_msgs/include/vision_msgs/vision_msgs/msg/detail/dds_fastrtps\n'}
[10.632571] (vision_msgs) StdoutLine: {'line': b'-- Up-to-date: /home/robot/robot_ws/install/vision_msgs/include/vision_msgs/vision_msgs/msg/detail/detection__rosidl_typesupport_fastrtps_cpp.hpp\n'}
[10.633259] (vision_msgs) StdoutLine: {'line': b'-- Up-to-date: /home/robot/robot_ws/install/vision_msgs/include/vision_msgs/vision_msgs/msg/detail/detection_array__rosidl_typesupport_fastrtps_cpp.hpp\n'}
[10.633939] (vision_msgs) StdoutLine: {'line': b'-- Up-to-date: /home/robot/robot_ws/install/vision_msgs/include/vision_msgs/vision_msgs/msg/detail/ai_status__rosidl_typesupport_fastrtps_cpp.hpp\n'}
[10.634598] (vision_msgs) StdoutLine: {'line': b'-- Up-to-date: /home/robot/robot_ws/install/vision_msgs/lib/libvision_msgs__rosidl_typesupport_fastrtps_cpp.so\n'}
[10.635261] (vision_msgs) StdoutLine: {'line': b'-- Up-to-date: /home/robot/robot_ws/install/vision_msgs/include/vision_msgs/vision_msgs\n'}
[10.636062] (vision_msgs) StdoutLine: {'line': b'-- Up-to-date: /home/robot/robot_ws/install/vision_msgs/include/vision_msgs/vision_msgs/msg\n'}
[10.636757] (vision_msgs) StdoutLine: {'line': b'-- Up-to-date: /home/robot/robot_ws/install/vision_msgs/include/vision_msgs/vision_msgs/msg/detail\n'}
[10.637450] (vision_msgs) StdoutLine: {'line': b'-- Up-to-date: /home/robot/robot_ws/install/vision_msgs/include/vision_msgs/vision_msgs/msg/detail/detection_array__type_support.cpp\n'}
[10.638195] (vision_msgs) StdoutLine: {'line': b'-- Up-to-date: /home/robot/robot_ws/install/vision_msgs/include/vision_msgs/vision_msgs/msg/detail/detection__type_support.cpp\n'}
[10.638882] (vision_msgs) StdoutLine: {'line': b'-- Up-to-date: /home/robot/robot_ws/install/vision_msgs/include/vision_msgs/vision_msgs/msg/detail/ai_status__type_support.cpp\n'}
[10.639510] (vision_msgs) StdoutLine: {'line': b'-- Up-to-date: /home/robot/robot_ws/install/vision_msgs/include/vision_msgs/vision_msgs/msg/detail/ai_status__rosidl_typesupport_introspection_cpp.hpp\n'}
[10.640260] (vision_msgs) StdoutLine: {'line': b'-- Up-to-date: /home/robot/robot_ws/install/vision_msgs/include/vision_msgs/vision_msgs/msg/detail/detection__rosidl_typesupport_introspection_cpp.hpp\n'}
[10.641022] (vision_msgs) StdoutLine: {'line': b'-- Up-to-date: /home/robot/robot_ws/install/vision_msgs/include/vision_msgs/vision_msgs/msg/detail/detection_array__rosidl_typesupport_introspection_cpp.hpp\n'}
[10.641729] (vision_msgs) StdoutLine: {'line': b'-- Up-to-date: /home/robot/robot_ws/install/vision_msgs/lib/libvision_msgs__rosidl_typesupport_introspection_cpp.so\n'}
[10.642437] (vision_msgs) StdoutLine: {'line': b'-- Up-to-date: /home/robot/robot_ws/install/vision_msgs/lib/libvision_msgs__rosidl_typesupport_cpp.so\n'}
[10.643280] (vision_msgs) StdoutLine: {'line': b'-- Up-to-date: /home/robot/robot_ws/install/vision_msgs/share/vision_msgs/environment/pythonpath.sh\n'}
[10.656385] (vision_msgs) StdoutLine: {'line': b'-- Up-to-date: /home/robot/robot_ws/install/vision_msgs/share/vision_msgs/environment/pythonpath.dsv\n'}
[10.657177] (vision_msgs) StdoutLine: {'line': b'-- Up-to-date: /home/robot/robot_ws/install/vision_msgs/local/lib/python3.10/dist-packages/vision_msgs-1.0.0-py3.10.egg-info\n'}
[10.657971] (vision_msgs) StdoutLine: {'line': b'-- Installing: /home/robot/robot_ws/install/vision_msgs/local/lib/python3.10/dist-packages/vision_msgs-1.0.0-py3.10.egg-info/PKG-INFO\n'}
[10.658646] (vision_msgs) StdoutLine: {'line': b'-- Installing: /home/robot/robot_ws/install/vision_msgs/local/lib/python3.10/dist-packages/vision_msgs-1.0.0-py3.10.egg-info/top_level.txt\n'}
[10.659336] (vision_msgs) StdoutLine: {'line': b'-- Installing: /home/robot/robot_ws/install/vision_msgs/local/lib/python3.10/dist-packages/vision_msgs-1.0.0-py3.10.egg-info/SOURCES.txt\n'}
[10.660152] (vision_msgs) StdoutLine: {'line': b'-- Installing: /home/robot/robot_ws/install/vision_msgs/local/lib/python3.10/dist-packages/vision_msgs-1.0.0-py3.10.egg-info/dependency_links.txt\n'}
[10.660771] (-) TimerEvent: {}
[10.661430] (vision_msgs) StdoutLine: {'line': b'-- Up-to-date: /home/robot/robot_ws/install/vision_msgs/local/lib/python3.10/dist-packages/vision_msgs\n'}
[10.662225] (vision_msgs) StdoutLine: {'line': b'-- Up-to-date: /home/robot/robot_ws/install/vision_msgs/local/lib/python3.10/dist-packages/vision_msgs/__init__.py\n'}
[10.662931] (vision_msgs) StdoutLine: {'line': b'-- Up-to-date: /home/robot/robot_ws/install/vision_msgs/local/lib/python3.10/dist-packages/vision_msgs/vision_msgs_s__rosidl_typesupport_fastrtps_c.cpython-310-aarch64-linux-gnu.so\n'}
[10.663903] (vision_msgs) StdoutLine: {'line': b'-- Up-to-date: /home/robot/robot_ws/install/vision_msgs/local/lib/python3.10/dist-packages/vision_msgs/vision_msgs_s__rosidl_typesupport_c.cpython-310-aarch64-linux-gnu.so\n'}
[10.664611] (vision_msgs) StdoutLine: {'line': b'-- Up-to-date: /home/robot/robot_ws/install/vision_msgs/local/lib/python3.10/dist-packages/vision_msgs/_vision_msgs_s.ep.rosidl_typesupport_fastrtps_c.c\n'}
[10.665327] (vision_msgs) StdoutLine: {'line': b'-- Up-to-date: /home/robot/robot_ws/install/vision_msgs/local/lib/python3.10/dist-packages/vision_msgs/libvision_msgs__rosidl_generator_py.so\n'}
[10.665966] (vision_msgs) StdoutLine: {'line': b'-- Up-to-date: /home/robot/robot_ws/install/vision_msgs/local/lib/python3.10/dist-packages/vision_msgs/_vision_msgs_s.ep.rosidl_typesupport_introspection_c.c\n'}
[10.666676] (vision_msgs) StdoutLine: {'line': b'-- Up-to-date: /home/robot/robot_ws/install/vision_msgs/local/lib/python3.10/dist-packages/vision_msgs/msg\n'}
[10.667404] (vision_msgs) StdoutLine: {'line': b'-- Up-to-date: /home/robot/robot_ws/install/vision_msgs/local/lib/python3.10/dist-packages/vision_msgs/msg/__init__.py\n'}
[10.689614] (vision_msgs) StdoutLine: {'line': b'-- Up-to-date: /home/robot/robot_ws/install/vision_msgs/local/lib/python3.10/dist-packages/vision_msgs/msg/_detection_array_s.c\n'}
[10.690658] (vision_msgs) StdoutLine: {'line': b'-- Up-to-date: /home/robot/robot_ws/install/vision_msgs/local/lib/python3.10/dist-packages/vision_msgs/msg/_ai_status.py\n'}
[10.691439] (vision_msgs) StdoutLine: {'line': b'-- Up-to-date: /home/robot/robot_ws/install/vision_msgs/local/lib/python3.10/dist-packages/vision_msgs/msg/_detection_array.py\n'}
[10.692112] (vision_msgs) StdoutLine: {'line': b'-- Up-to-date: /home/robot/robot_ws/install/vision_msgs/local/lib/python3.10/dist-packages/vision_msgs/msg/_ai_status_s.c\n'}
[10.692796] (vision_msgs) StdoutLine: {'line': b'-- Up-to-date: /home/robot/robot_ws/install/vision_msgs/local/lib/python3.10/dist-packages/vision_msgs/msg/_detection.py\n'}
[10.693376] (vision_msgs) StdoutLine: {'line': b'-- Up-to-date: /home/robot/robot_ws/install/vision_msgs/local/lib/python3.10/dist-packages/vision_msgs/msg/_detection_s.c\n'}
[10.693902] (vision_msgs) StdoutLine: {'line': b'-- Up-to-date: /home/robot/robot_ws/install/vision_msgs/local/lib/python3.10/dist-packages/vision_msgs/vision_msgs_s__rosidl_typesupport_introspection_c.cpython-310-aarch64-linux-gnu.so\n'}
[10.694406] (vision_msgs) StdoutLine: {'line': b'-- Up-to-date: /home/robot/robot_ws/install/vision_msgs/local/lib/python3.10/dist-packages/vision_msgs/_vision_msgs_s.ep.rosidl_typesupport_c.c\n'}
[10.761012] (-) TimerEvent: {}
[10.861998] (-) TimerEvent: {}
[10.963032] (-) TimerEvent: {}
[11.008320] (vision_msgs) StdoutLine: {'line': b"Listing '/home/robot/robot_ws/install/vision_msgs/local/lib/python3.10/dist-packages/vision_msgs'...\n"}
[11.010148] (vision_msgs) StdoutLine: {'line': b"Listing '/home/robot/robot_ws/install/vision_msgs/local/lib/python3.10/dist-packages/vision_msgs/msg'...\n"}
[11.063821] (-) TimerEvent: {}
[11.091933] (vision_msgs) StdoutLine: {'line': b'-- Up-to-date: /home/robot/robot_ws/install/vision_msgs/local/lib/python3.10/dist-packages/vision_msgs/vision_msgs_s__rosidl_typesupport_fastrtps_c.cpython-310-aarch64-linux-gnu.so\n'}
[11.096082] (vision_msgs) StdoutLine: {'line': b'-- Up-to-date: /home/robot/robot_ws/install/vision_msgs/local/lib/python3.10/dist-packages/vision_msgs/vision_msgs_s__rosidl_typesupport_introspection_c.cpython-310-aarch64-linux-gnu.so\n'}
[11.100460] (vision_msgs) StdoutLine: {'line': b'-- Up-to-date: /home/robot/robot_ws/install/vision_msgs/local/lib/python3.10/dist-packages/vision_msgs/vision_msgs_s__rosidl_typesupport_c.cpython-310-aarch64-linux-gnu.so\n'}
[11.105940] (vision_msgs) StdoutLine: {'line': b'-- Up-to-date: /home/robot/robot_ws/install/vision_msgs/lib/libvision_msgs__rosidl_generator_py.so\n'}
[11.107890] (vision_msgs) StdoutLine: {'line': b'-- Up-to-date: /home/robot/robot_ws/install/vision_msgs/share/ament_index/resource_index/rust_packages/vision_msgs\n'}
[11.108797] (vision_msgs) StdoutLine: {'line': b'-- Up-to-date: /home/robot/robot_ws/install/vision_msgs/share/vision_msgs/rust\n'}
[11.109639] (vision_msgs) StdoutLine: {'line': b'-- Up-to-date: /home/robot/robot_ws/install/vision_msgs/share/vision_msgs/rust/src\n'}
[11.110188] (vision_msgs) StdoutLine: {'line': b'-- Up-to-date: /home/robot/robot_ws/install/vision_msgs/share/vision_msgs/rust/src/msg.rs\n'}
[11.110663] (vision_msgs) StdoutLine: {'line': b'-- Up-to-date: /home/robot/robot_ws/install/vision_msgs/share/vision_msgs/rust/src/msg\n'}
[11.111546] (vision_msgs) StdoutLine: {'line': b'-- Up-to-date: /home/robot/robot_ws/install/vision_msgs/share/vision_msgs/rust/src/msg/rmw.rs\n'}
[11.112579] (vision_msgs) StdoutLine: {'line': b'-- Up-to-date: /home/robot/robot_ws/install/vision_msgs/share/vision_msgs/rust/src/lib.rs\n'}
[11.113729] (vision_msgs) StdoutLine: {'line': b'-- Up-to-date: /home/robot/robot_ws/install/vision_msgs/share/vision_msgs/rust/build.rs\n'}
[11.114550] (vision_msgs) StdoutLine: {'line': b'-- Up-to-date: /home/robot/robot_ws/install/vision_msgs/share/vision_msgs/rust/Cargo.toml\n'}
[11.115293] (vision_msgs) StdoutLine: {'line': b'-- Up-to-date: /home/robot/robot_ws/install/vision_msgs/share/vision_msgs/msg/Detection.idl\n'}
[11.116443] (vision_msgs) StdoutLine: {'line': b'-- Up-to-date: /home/robot/robot_ws/install/vision_msgs/share/vision_msgs/msg/DetectionArray.idl\n'}
[11.116987] (vision_msgs) StdoutLine: {'line': b'-- Up-to-date: /home/robot/robot_ws/install/vision_msgs/share/vision_msgs/msg/AIStatus.idl\n'}
[11.117972] (vision_msgs) StdoutLine: {'line': b'-- Up-to-date: /home/robot/robot_ws/install/vision_msgs/share/vision_msgs/msg/Detection.msg\n'}
[11.118691] (vision_msgs) StdoutLine: {'line': b'-- Up-to-date: /home/robot/robot_ws/install/vision_msgs/share/vision_msgs/msg/DetectionArray.msg\n'}
[11.119301] (vision_msgs) StdoutLine: {'line': b'-- Up-to-date: /home/robot/robot_ws/install/vision_msgs/share/vision_msgs/msg/AIStatus.msg\n'}
[11.128256] (vision_msgs) StdoutLine: {'line': b'-- Up-to-date: /home/robot/robot_ws/install/vision_msgs/share/ament_index/resource_index/package_run_dependencies/vision_msgs\n'}
[11.130275] (vision_msgs) StdoutLine: {'line': b'-- Up-to-date: /home/robot/robot_ws/install/vision_msgs/share/ament_index/resource_index/parent_prefix_path/vision_msgs\n'}
[11.131836] (vision_msgs) StdoutLine: {'line': b'-- Up-to-date: /home/robot/robot_ws/install/vision_msgs/share/vision_msgs/environment/ament_prefix_path.sh\n'}
[11.132454] (vision_msgs) StdoutLine: {'line': b'-- Up-to-date: /home/robot/robot_ws/install/vision_msgs/share/vision_msgs/environment/ament_prefix_path.dsv\n'}
[11.132924] (vision_msgs) StdoutLine: {'line': b'-- Up-to-date: /home/robot/robot_ws/install/vision_msgs/share/vision_msgs/environment/path.sh\n'}
[11.133373] (vision_msgs) StdoutLine: {'line': b'-- Up-to-date: /home/robot/robot_ws/install/vision_msgs/share/vision_msgs/environment/path.dsv\n'}
[11.140061] (vision_msgs) StdoutLine: {'line': b'-- Up-to-date: /home/robot/robot_ws/install/vision_msgs/share/vision_msgs/local_setup.bash\n'}
[11.141242] (vision_msgs) StdoutLine: {'line': b'-- Up-to-date: /home/robot/robot_ws/install/vision_msgs/share/vision_msgs/local_setup.sh\n'}
[11.141957] (vision_msgs) StdoutLine: {'line': b'-- Up-to-date: /home/robot/robot_ws/install/vision_msgs/share/vision_msgs/local_setup.zsh\n'}
[11.142820] (vision_msgs) StdoutLine: {'line': b'-- Up-to-date: /home/robot/robot_ws/install/vision_msgs/share/vision_msgs/local_setup.dsv\n'}
[11.143451] (vision_msgs) StdoutLine: {'line': b'-- Installing: /home/robot/robot_ws/install/vision_msgs/share/vision_msgs/package.dsv\n'}
[11.145465] (vision_msgs) StdoutLine: {'line': b'-- Up-to-date: /home/robot/robot_ws/install/vision_msgs/share/ament_index/resource_index/packages/vision_msgs\n'}
[11.148013] (vision_msgs) StdoutLine: {'line': b'-- Up-to-date: /home/robot/robot_ws/install/vision_msgs/share/vision_msgs/cmake/export_vision_msgs__rosidl_generator_cExport.cmake\n'}
[11.148961] (vision_msgs) StdoutLine: {'line': b'-- Up-to-date: /home/robot/robot_ws/install/vision_msgs/share/vision_msgs/cmake/export_vision_msgs__rosidl_generator_cExport-noconfig.cmake\n'}
[11.152045] (vision_msgs) StdoutLine: {'line': b'-- Up-to-date: /home/robot/robot_ws/install/vision_msgs/share/vision_msgs/cmake/export_vision_msgs__rosidl_typesupport_fastrtps_cExport.cmake\n'}
[11.152964] (vision_msgs) StdoutLine: {'line': b'-- Up-to-date: /home/robot/robot_ws/install/vision_msgs/share/vision_msgs/cmake/export_vision_msgs__rosidl_typesupport_fastrtps_cExport-noconfig.cmake\n'}
[11.155996] (vision_msgs) StdoutLine: {'line': b'-- Up-to-date: /home/robot/robot_ws/install/vision_msgs/share/vision_msgs/cmake/vision_msgs__rosidl_typesupport_introspection_cExport.cmake\n'}
[11.157119] (vision_msgs) StdoutLine: {'line': b'-- Up-to-date: /home/robot/robot_ws/install/vision_msgs/share/vision_msgs/cmake/vision_msgs__rosidl_typesupport_introspection_cExport-noconfig.cmake\n'}
[11.160052] (vision_msgs) StdoutLine: {'line': b'-- Up-to-date: /home/robot/robot_ws/install/vision_msgs/share/vision_msgs/cmake/vision_msgs__rosidl_typesupport_cExport.cmake\n'}
[11.160951] (vision_msgs) StdoutLine: {'line': b'-- Up-to-date: /home/robot/robot_ws/install/vision_msgs/share/vision_msgs/cmake/vision_msgs__rosidl_typesupport_cExport-noconfig.cmake\n'}
[11.163710] (vision_msgs) StdoutLine: {'line': b'-- Up-to-date: /home/robot/robot_ws/install/vision_msgs/share/vision_msgs/cmake/export_vision_msgs__rosidl_generator_cppExport.cmake\n'}
[11.164428] (-) TimerEvent: {}
[11.167187] (vision_msgs) StdoutLine: {'line': b'-- Up-to-date: /home/robot/robot_ws/install/vision_msgs/share/vision_msgs/cmake/export_vision_msgs__rosidl_typesupport_fastrtps_cppExport.cmake\n'}
[11.168362] (vision_msgs) StdoutLine: {'line': b'-- Up-to-date: /home/robot/robot_ws/install/vision_msgs/share/vision_msgs/cmake/export_vision_msgs__rosidl_typesupport_fastrtps_cppExport-noconfig.cmake\n'}
[11.181977] (vision_msgs) StdoutLine: {'line': b'-- Up-to-date: /home/robot/robot_ws/install/vision_msgs/share/vision_msgs/cmake/vision_msgs__rosidl_typesupport_introspection_cppExport.cmake\n'}
[11.182916] (vision_msgs) StdoutLine: {'line': b'-- Up-to-date: /home/robot/robot_ws/install/vision_msgs/share/vision_msgs/cmake/vision_msgs__rosidl_typesupport_introspection_cppExport-noconfig.cmake\n'}
[11.185834] (vision_msgs) StdoutLine: {'line': b'-- Up-to-date: /home/robot/robot_ws/install/vision_msgs/share/vision_msgs/cmake/vision_msgs__rosidl_typesupport_cppExport.cmake\n'}
[11.186902] (vision_msgs) StdoutLine: {'line': b'-- Up-to-date: /home/robot/robot_ws/install/vision_msgs/share/vision_msgs/cmake/vision_msgs__rosidl_typesupport_cppExport-noconfig.cmake\n'}
[11.189849] (vision_msgs) StdoutLine: {'line': b'-- Up-to-date: /home/robot/robot_ws/install/vision_msgs/share/vision_msgs/cmake/export_vision_msgs__rosidl_generator_pyExport.cmake\n'}
[11.190827] (vision_msgs) StdoutLine: {'line': b'-- Up-to-date: /home/robot/robot_ws/install/vision_msgs/share/vision_msgs/cmake/export_vision_msgs__rosidl_generator_pyExport-noconfig.cmake\n'}
[11.192477] (vision_msgs) StdoutLine: {'line': b'-- Up-to-date: /home/robot/robot_ws/install/vision_msgs/share/vision_msgs/cmake/rosidl_cmake-extras.cmake\n'}
[11.193358] (vision_msgs) StdoutLine: {'line': b'-- Up-to-date: /home/robot/robot_ws/install/vision_msgs/share/vision_msgs/cmake/ament_cmake_export_dependencies-extras.cmake\n'}
[11.194568] (vision_msgs) StdoutLine: {'line': b'-- Up-to-date: /home/robot/robot_ws/install/vision_msgs/share/vision_msgs/cmake/ament_cmake_export_include_directories-extras.cmake\n'}
[11.195547] (vision_msgs) StdoutLine: {'line': b'-- Up-to-date: /home/robot/robot_ws/install/vision_msgs/share/vision_msgs/cmake/ament_cmake_export_libraries-extras.cmake\n'}
[11.197038] (vision_msgs) StdoutLine: {'line': b'-- Up-to-date: /home/robot/robot_ws/install/vision_msgs/share/vision_msgs/cmake/ament_cmake_export_targets-extras.cmake\n'}
[11.197793] (vision_msgs) StdoutLine: {'line': b'-- Up-to-date: /home/robot/robot_ws/install/vision_msgs/share/vision_msgs/cmake/rosidl_cmake_export_typesupport_targets-extras.cmake\n'}
[11.198932] (vision_msgs) StdoutLine: {'line': b'-- Up-to-date: /home/robot/robot_ws/install/vision_msgs/share/vision_msgs/cmake/rosidl_cmake_export_typesupport_libraries-extras.cmake\n'}
[11.199597] (vision_msgs) StdoutLine: {'line': b'-- Up-to-date: /home/robot/robot_ws/install/vision_msgs/share/vision_msgs/cmake/rosidl_cmake_aggregate_target-extras.cmake\n'}
[11.200277] (vision_msgs) StdoutLine: {'line': b'-- Up-to-date: /home/robot/robot_ws/install/vision_msgs/share/vision_msgs/cmake/vision_msgsConfig.cmake\n'}
[11.200889] (vision_msgs) StdoutLine: {'line': b'-- Up-to-date: /home/robot/robot_ws/install/vision_msgs/share/vision_msgs/cmake/vision_msgsConfig-version.cmake\n'}
[11.201449] (vision_msgs) StdoutLine: {'line': b'-- Up-to-date: /home/robot/robot_ws/install/vision_msgs/share/vision_msgs/package.xml\n'}
[11.227899] (vision_msgs) CommandEnded: {'returncode': 0}
[11.264876] (-) TimerEvent: {}
[11.366266] (-) TimerEvent: {}
[11.468782] (-) TimerEvent: {}
[11.571532] (-) TimerEvent: {}
[11.674149] (-) TimerEvent: {}
[11.776653] (-) TimerEvent: {}
[11.879027] (-) TimerEvent: {}
[11.947448] (vision_msgs) JobEnded: {'identifier': 'vision_msgs', 'rc': 0}
[11.953267] (robot_ai) JobStarted: {'identifier': 'robot_ai'}
[11.984423] (-) TimerEvent: {}
[12.087297] (-) TimerEvent: {}
[12.190283] (-) TimerEvent: {}
[12.292653] (-) TimerEvent: {}
[12.394882] (-) TimerEvent: {}
[12.496352] (-) TimerEvent: {}
[12.599162] (-) TimerEvent: {}
[12.659096] (camera_node) StdoutLine: {'line': b'running egg_info\n'}
[12.663109] (camera_node) StdoutLine: {'line': b'writing ../../build/camera_node/camera_node.egg-info/PKG-INFO\n'}
[12.665673] (camera_node) StdoutLine: {'line': b'writing dependency_links to ../../build/camera_node/camera_node.egg-info/dependency_links.txt\n'}
[12.667819] (camera_node) StdoutLine: {'line': b'writing entry points to ../../build/camera_node/camera_node.egg-info/entry_points.txt\n'}
[12.669300] (camera_node) StdoutLine: {'line': b'writing requirements to ../../build/camera_node/camera_node.egg-info/requires.txt\n'}
[12.670863] (camera_node) StdoutLine: {'line': b'writing top-level names to ../../build/camera_node/camera_node.egg-info/top_level.txt\n'}
[12.684347] (camera_node) StdoutLine: {'line': b"reading manifest file '../../build/camera_node/camera_node.egg-info/SOURCES.txt'\n"}
[12.699484] (-) TimerEvent: {}
[12.801910] (-) TimerEvent: {}
[12.839508] (camera_node) StdoutLine: {'line': b"writing manifest file '../../build/camera_node/camera_node.egg-info/SOURCES.txt'\n"}
[12.841672] (camera_node) StdoutLine: {'line': b'running build\n'}
[12.842645] (camera_node) StdoutLine: {'line': b'running build_py\n'}
[12.844351] (camera_node) StdoutLine: {'line': b'running install\n'}
[12.849915] (camera_node) StdoutLine: {'line': b'running install_lib\n'}
[12.858224] (camera_node) StdoutLine: {'line': b'running install_data\n'}
[12.866531] (camera_node) StdoutLine: {'line': b'running install_egg_info\n'}
[12.900107] (camera_node) StdoutLine: {'line': b"removing '/home/robot/robot_ws/install/camera_node/lib/python3.10/site-packages/camera_node-1.0.0-py3.10.egg-info' (and everything under it)\n"}
[12.902102] (-) TimerEvent: {}
[12.904839] (camera_node) StdoutLine: {'line': b'Copying ../../build/camera_node/camera_node.egg-info to /home/robot/robot_ws/install/camera_node/lib/python3.10/site-packages/camera_node-1.0.0-py3.10.egg-info\n'}
[12.945100] (camera_node) StdoutLine: {'line': b'running install_scripts\n'}
[13.002310] (-) TimerEvent: {}
[13.072897] (camera_node) StdoutLine: {'line': b'Installing camera_node script to /home/robot/robot_ws/install/camera_node/lib/camera_node\n'}
[13.078833] (camera_node) StdoutLine: {'line': b"writing list of installed files to '/home/robot/robot_ws/build/camera_node/install.log'\n"}
[13.102570] (-) TimerEvent: {}
[13.203545] (-) TimerEvent: {}
[13.304497] (-) TimerEvent: {}
[13.407379] (-) TimerEvent: {}
[13.510349] (-) TimerEvent: {}
[13.613428] (-) TimerEvent: {}
[13.717369] (-) TimerEvent: {}
[13.821909] (-) TimerEvent: {}
[13.924726] (-) TimerEvent: {}
[14.333386] (-) TimerEvent: {}
[14.434359] (-) TimerEvent: {}
[14.535406] (-) TimerEvent: {}
[14.636701] (-) TimerEvent: {}
[14.739058] (-) TimerEvent: {}
[14.840943] (-) TimerEvent: {}
[14.942993] (-) TimerEvent: {}
[15.046875] (-) TimerEvent: {}
[15.134060] (robot_serial) Command: {'cmd': ['/usr/bin/python3', '-W', 'ignore:setup.py install is deprecated', '-W', 'ignore:easy_install command is deprecated', 'setup.py', 'egg_info', '--egg-base', '../../build/robot_serial', 'build', '--build-base', '/home/robot/robot_ws/build/robot_serial/build', 'install', '--record', '/home/robot/robot_ws/build/robot_serial/install.log', '--install-scripts', '$base/lib/robot_serial', '--single-version-externally-managed', 'install_data'], 'cwd': '/home/robot/robot_ws/src/robot_serial', 'env': {'LESSOPEN': '| /usr/bin/lesspipe %s', 'USER': 'robot', 'SSH_CLIENT': '192.168.61.171 58385 22', 'XDG_SESSION_TYPE': 'tty', 'SHLVL': '1', 'LD_LIBRARY_PATH': '/home/robot/robot_ws/install/vision_msgs/lib:/opt/ros/humble/opt/rviz_ogre_vendor/lib:/opt/ros/humble/lib/aarch64-linux-gnu:/opt/ros/humble/lib', 'BROWSER': '/home/robot/.vscode-server/cli/servers/Stable-1b6a188127eeaf9194f945eb6eb89a657e93c54c/server/bin/helpers/browser.sh', 'MOTD_SHOWN': 'pam', 'HOME': '/home/robot', 'OLDPWD': '/home/robot/robot_ws', 'TERM_PROGRAM_VERSION': '1.130.0', 'VSCODE_IPC_HOOK_CLI': '/run/user/1000/vscode-ipc-6c806b01-5fa9-48ba-b2c3-0f639f061ed7.sock', 'ROS_PYTHON_VERSION': '3', 'VSCODE_PYTHON_AUTOACTIVATE_GUARD': '1', 'DBUS_SESSION_BUS_ADDRESS': 'unix:path=/run/user/1000/bus', 'COLORTERM': 'truecolor', 'COLCON_PREFIX_PATH': '/home/robot/robot_ws/install', 'ROS_DISTRO': 'humble', 'LOGNAME': 'robot', '_': '/usr/bin/colcon', 'ROS_VERSION': '2', 'XDG_SESSION_CLASS': 'user', 'TERM': 'xterm-256color', 'XDG_SESSION_ID': '1', 'ROS_LOCALHOST_ONLY': '1', 'PATH': '/home/robot/.vscode-server/cli/servers/Stable-1b6a188127eeaf9194f945eb6eb89a657e93c54c/server/bin/remote-cli:/home/robot/.local/bin:/opt/ros/humble/bin:/usr/local/sbin:/usr/local/bin:/usr/sbin:/usr/bin:/sbin:/bin:/usr/games:/usr/local/games:/snap/bin', 'XDG_RUNTIME_DIR': '/run/user/1000', 'LANG': 'en_US.UTF-8', 'RMW_IMPLEMENTATION': 'rmw_cyclonedds_cpp', 'LS_COLORS': 'rs=0:di=01;34:ln=01;36:mh=00:pi=40;33:so=01;35:do=01;35:bd=40;33;01:cd=40;33;01:or=40;31;01:mi=00:su=37;41:sg=30;43:ca=30;41:tw=30;42:ow=34;42:st=37;44:ex=01;32:*.tar=01;31:*.tgz=01;31:*.arc=01;31:*.arj=01;31:*.taz=01;31:*.lha=01;31:*.lz4=01;31:*.lzh=01;31:*.lzma=01;31:*.tlz=01;31:*.txz=01;31:*.tzo=01;31:*.t7z=01;31:*.zip=01;31:*.z=01;31:*.dz=01;31:*.gz=01;31:*.lrz=01;31:*.lz=01;31:*.lzo=01;31:*.xz=01;31:*.zst=01;31:*.tzst=01;31:*.bz2=01;31:*.bz=01;31:*.tbz=01;31:*.tbz2=01;31:*.tz=01;31:*.deb=01;31:*.rpm=01;31:*.jar=01;31:*.war=01;31:*.ear=01;31:*.sar=01;31:*.rar=01;31:*.alz=01;31:*.ace=01;31:*.zoo=01;31:*.cpio=01;31:*.7z=01;31:*.rz=01;31:*.cab=01;31:*.wim=01;31:*.swm=01;31:*.dwm=01;31:*.esd=01;31:*.jpg=01;35:*.jpeg=01;35:*.mjpg=01;35:*.mjpeg=01;35:*.gif=01;35:*.bmp=01;35:*.pbm=01;35:*.pgm=01;35:*.ppm=01;35:*.tga=01;35:*.xbm=01;35:*.xpm=01;35:*.tif=01;35:*.tiff=01;35:*.png=01;35:*.svg=01;35:*.svgz=01;35:*.mng=01;35:*.pcx=01;35:*.mov=01;35:*.mpg=01;35:*.mpeg=01;35:*.m2v=01;35:*.mkv=01;35:*.webm=01;35:*.webp=01;35:*.ogm=01;35:*.mp4=01;35:*.m4v=01;35:*.mp4v=01;35:*.vob=01;35:*.qt=01;35:*.nuv=01;35:*.wmv=01;35:*.asf=01;35:*.rm=01;35:*.rmvb=01;35:*.flc=01;35:*.avi=01;35:*.fli=01;35:*.flv=01;35:*.gl=01;35:*.dl=01;35:*.xcf=01;35:*.xwd=01;35:*.yuv=01;35:*.cgm=01;35:*.emf=01;35:*.ogv=01;35:*.ogx=01;35:*.aac=00;36:*.au=00;36:*.flac=00;36:*.m4a=00;36:*.mid=00;36:*.midi=00;36:*.mka=00;36:*.mp3=00;36:*.mpc=00;36:*.ogg=00;36:*.ra=00;36:*.wav=00;36:*.oga=00;36:*.opus=00;36:*.spx=00;36:*.xspf=00;36:', 'TERM_PROGRAM': 'vscode', 'ROS_DOMAIN_ID': '0', 'AMENT_PREFIX_PATH': '/home/robot/robot_ws/install/web_bridge:/home/robot/robot_ws/install/vision_ai_node:/home/robot/robot_ws/install/robot_ai:/home/robot/robot_ws/install/vision_msgs:/home/robot/robot_ws/install/robot_bringup:/home/robot/robot_ws/install/sllidar_ros2:/home/robot/robot_ws/install/robot_serial:/home/robot/robot_ws/install/robot_description:/home/robot/robot_ws/install/camera_node:/opt/ros/humble', 'SHELL': '/bin/bash', 'LESSCLOSE': '/usr/bin/lesspipe %s %s', 'PWD': '/home/robot/robot_ws/build/robot_serial', 'LC_ALL': 'en_US.UTF-8', 'SSH_CONNECTION': '192.168.61.171 58385 192.168.61.135 22', 'XDG_DATA_DIRS': '/usr/local/share:/usr/share:/var/lib/snapd/desktop', 'PYTHONPATH': '/home/robot/robot_ws/build/robot_serial/prefix_override:/usr/lib/python3/dist-packages/colcon_core/task/python/colcon_distutils_commands:/home/robot/robot_ws/install/robot_serial/lib/python3.10/site-packages:/home/robot/robot_ws/install/web_bridge/lib/python3.10/site-packages:/home/robot/robot_ws/install/vision_ai_node/lib/python3.10/site-packages:/home/robot/robot_ws/install/robot_ai/lib/python3.10/site-packages:/home/robot/robot_ws/install/vision_msgs/local/lib/python3.10/dist-packages:/home/robot/robot_ws/install/robot_serial/lib/python3.10/site-packages:/home/robot/robot_ws/install/camera_node/lib/python3.10/site-packages:/opt/ros/humble/lib/python3.10/site-packages:/opt/ros/humble/local/lib/python3.10/dist-packages', 'COLCON': '1', 'CMAKE_PREFIX_PATH': '/home/robot/robot_ws/install/vision_msgs:/home/robot/robot_ws/install/robot_bringup:/home/robot/robot_ws/install/sllidar_ros2:/home/robot/robot_ws/install/robot_description'}, 'shell': False}
[15.147859] (-) TimerEvent: {}
[15.158681] (web_bridge) Command: {'cmd': ['/usr/bin/python3', '-W', 'ignore:setup.py install is deprecated', '-W', 'ignore:easy_install command is deprecated', 'setup.py', 'egg_info', '--egg-base', '../../build/web_bridge', 'build', '--build-base', '/home/robot/robot_ws/build/web_bridge/build', 'install', '--record', '/home/robot/robot_ws/build/web_bridge/install.log', '--install-scripts', '$base/lib/web_bridge', '--single-version-externally-managed', 'install_data'], 'cwd': '/home/robot/robot_ws/src/web_bridge', 'env': {'LESSOPEN': '| /usr/bin/lesspipe %s', 'USER': 'robot', 'SSH_CLIENT': '192.168.61.171 58385 22', 'XDG_SESSION_TYPE': 'tty', 'SHLVL': '1', 'LD_LIBRARY_PATH': '/home/robot/robot_ws/install/vision_msgs/lib:/opt/ros/humble/opt/rviz_ogre_vendor/lib:/opt/ros/humble/lib/aarch64-linux-gnu:/opt/ros/humble/lib', 'BROWSER': '/home/robot/.vscode-server/cli/servers/Stable-1b6a188127eeaf9194f945eb6eb89a657e93c54c/server/bin/helpers/browser.sh', 'MOTD_SHOWN': 'pam', 'HOME': '/home/robot', 'OLDPWD': '/home/robot/robot_ws', 'TERM_PROGRAM_VERSION': '1.130.0', 'VSCODE_IPC_HOOK_CLI': '/run/user/1000/vscode-ipc-6c806b01-5fa9-48ba-b2c3-0f639f061ed7.sock', 'ROS_PYTHON_VERSION': '3', 'VSCODE_PYTHON_AUTOACTIVATE_GUARD': '1', 'DBUS_SESSION_BUS_ADDRESS': 'unix:path=/run/user/1000/bus', 'COLORTERM': 'truecolor', 'COLCON_PREFIX_PATH': '/home/robot/robot_ws/install', 'ROS_DISTRO': 'humble', 'LOGNAME': 'robot', '_': '/usr/bin/colcon', 'ROS_VERSION': '2', 'XDG_SESSION_CLASS': 'user', 'TERM': 'xterm-256color', 'XDG_SESSION_ID': '1', 'ROS_LOCALHOST_ONLY': '1', 'PATH': '/home/robot/.vscode-server/cli/servers/Stable-1b6a188127eeaf9194f945eb6eb89a657e93c54c/server/bin/remote-cli:/home/robot/.local/bin:/opt/ros/humble/bin:/usr/local/sbin:/usr/local/bin:/usr/sbin:/usr/bin:/sbin:/bin:/usr/games:/usr/local/games:/snap/bin', 'XDG_RUNTIME_DIR': '/run/user/1000', 'LANG': 'en_US.UTF-8', 'RMW_IMPLEMENTATION': 'rmw_cyclonedds_cpp', 'LS_COLORS': 'rs=0:di=01;34:ln=01;36:mh=00:pi=40;33:so=01;35:do=01;35:bd=40;33;01:cd=40;33;01:or=40;31;01:mi=00:su=37;41:sg=30;43:ca=30;41:tw=30;42:ow=34;42:st=37;44:ex=01;32:*.tar=01;31:*.tgz=01;31:*.arc=01;31:*.arj=01;31:*.taz=01;31:*.lha=01;31:*.lz4=01;31:*.lzh=01;31:*.lzma=01;31:*.tlz=01;31:*.txz=01;31:*.tzo=01;31:*.t7z=01;31:*.zip=01;31:*.z=01;31:*.dz=01;31:*.gz=01;31:*.lrz=01;31:*.lz=01;31:*.lzo=01;31:*.xz=01;31:*.zst=01;31:*.tzst=01;31:*.bz2=01;31:*.bz=01;31:*.tbz=01;31:*.tbz2=01;31:*.tz=01;31:*.deb=01;31:*.rpm=01;31:*.jar=01;31:*.war=01;31:*.ear=01;31:*.sar=01;31:*.rar=01;31:*.alz=01;31:*.ace=01;31:*.zoo=01;31:*.cpio=01;31:*.7z=01;31:*.rz=01;31:*.cab=01;31:*.wim=01;31:*.swm=01;31:*.dwm=01;31:*.esd=01;31:*.jpg=01;35:*.jpeg=01;35:*.mjpg=01;35:*.mjpeg=01;35:*.gif=01;35:*.bmp=01;35:*.pbm=01;35:*.pgm=01;35:*.ppm=01;35:*.tga=01;35:*.xbm=01;35:*.xpm=01;35:*.tif=01;35:*.tiff=01;35:*.png=01;35:*.svg=01;35:*.svgz=01;35:*.mng=01;35:*.pcx=01;35:*.mov=01;35:*.mpg=01;35:*.mpeg=01;35:*.m2v=01;35:*.mkv=01;35:*.webm=01;35:*.webp=01;35:*.ogm=01;35:*.mp4=01;35:*.m4v=01;35:*.mp4v=01;35:*.vob=01;35:*.qt=01;35:*.nuv=01;35:*.wmv=01;35:*.asf=01;35:*.rm=01;35:*.rmvb=01;35:*.flc=01;35:*.avi=01;35:*.fli=01;35:*.flv=01;35:*.gl=01;35:*.dl=01;35:*.xcf=01;35:*.xwd=01;35:*.yuv=01;35:*.cgm=01;35:*.emf=01;35:*.ogv=01;35:*.ogx=01;35:*.aac=00;36:*.au=00;36:*.flac=00;36:*.m4a=00;36:*.mid=00;36:*.midi=00;36:*.mka=00;36:*.mp3=00;36:*.mpc=00;36:*.ogg=00;36:*.ra=00;36:*.wav=00;36:*.oga=00;36:*.opus=00;36:*.spx=00;36:*.xspf=00;36:', 'TERM_PROGRAM': 'vscode', 'ROS_DOMAIN_ID': '0', 'AMENT_PREFIX_PATH': '/home/robot/robot_ws/install/web_bridge:/home/robot/robot_ws/install/vision_ai_node:/home/robot/robot_ws/install/robot_ai:/home/robot/robot_ws/install/vision_msgs:/home/robot/robot_ws/install/robot_bringup:/home/robot/robot_ws/install/sllidar_ros2:/home/robot/robot_ws/install/robot_serial:/home/robot/robot_ws/install/robot_description:/home/robot/robot_ws/install/camera_node:/opt/ros/humble', 'SHELL': '/bin/bash', 'LESSCLOSE': '/usr/bin/lesspipe %s %s', 'PWD': '/home/robot/robot_ws/build/web_bridge', 'LC_ALL': 'en_US.UTF-8', 'SSH_CONNECTION': '192.168.61.171 58385 192.168.61.135 22', 'XDG_DATA_DIRS': '/usr/local/share:/usr/share:/var/lib/snapd/desktop', 'PYTHONPATH': '/home/robot/robot_ws/build/web_bridge/prefix_override:/usr/lib/python3/dist-packages/colcon_core/task/python/colcon_distutils_commands:/home/robot/robot_ws/install/web_bridge/lib/python3.10/site-packages:/home/robot/robot_ws/install/web_bridge/lib/python3.10/site-packages:/home/robot/robot_ws/install/vision_ai_node/lib/python3.10/site-packages:/home/robot/robot_ws/install/robot_ai/lib/python3.10/site-packages:/home/robot/robot_ws/install/vision_msgs/local/lib/python3.10/dist-packages:/home/robot/robot_ws/install/robot_serial/lib/python3.10/site-packages:/home/robot/robot_ws/install/camera_node/lib/python3.10/site-packages:/opt/ros/humble/lib/python3.10/site-packages:/opt/ros/humble/local/lib/python3.10/dist-packages', 'COLCON': '1', 'CMAKE_PREFIX_PATH': '/home/robot/robot_ws/install/vision_msgs:/home/robot/robot_ws/install/robot_bringup:/home/robot/robot_ws/install/sllidar_ros2:/home/robot/robot_ws/install/robot_description'}, 'shell': False}
[15.187842] (camera_node) CommandEnded: {'returncode': 0}
[15.248198] (-) TimerEvent: {}
[15.274435] (camera_node) JobEnded: {'identifier': 'camera_node', 'rc': 0}
[15.296640] (robot_bringup) JobStarted: {'identifier': 'robot_bringup'}
[15.349573] (-) TimerEvent: {}
[15.442059] (robot_bringup) JobProgress: {'identifier': 'robot_bringup', 'progress': 'cmake'}
[15.449868] (-) TimerEvent: {}
[15.529785] (robot_bringup) JobProgress: {'identifier': 'robot_bringup', 'progress': 'build'}
[15.530139] (robot_bringup) Command: {'cmd': ['/usr/bin/cmake', '--build', '/home/robot/robot_ws/build/robot_bringup', '--', '-j4', '-l4'], 'cwd': '/home/robot/robot_ws/build/robot_bringup', 'env': OrderedDict([('LESSOPEN', '| /usr/bin/lesspipe %s'), ('USER', 'robot'), ('SSH_CLIENT', '192.168.61.171 58385 22'), ('XDG_SESSION_TYPE', 'tty'), ('SHLVL', '1'), ('LD_LIBRARY_PATH', '/home/robot/robot_ws/install/vision_msgs/lib:/opt/ros/humble/opt/rviz_ogre_vendor/lib:/opt/ros/humble/lib/aarch64-linux-gnu:/opt/ros/humble/lib'), ('BROWSER', '/home/robot/.vscode-server/cli/servers/Stable-1b6a188127eeaf9194f945eb6eb89a657e93c54c/server/bin/helpers/browser.sh'), ('MOTD_SHOWN', 'pam'), ('HOME', '/home/robot'), ('OLDPWD', '/home/robot/robot_ws'), ('TERM_PROGRAM_VERSION', '1.130.0'), ('VSCODE_IPC_HOOK_CLI', '/run/user/1000/vscode-ipc-6c806b01-5fa9-48ba-b2c3-0f639f061ed7.sock'), ('ROS_PYTHON_VERSION', '3'), ('VSCODE_PYTHON_AUTOACTIVATE_GUARD', '1'), ('DBUS_SESSION_BUS_ADDRESS', 'unix:path=/run/user/1000/bus'), ('COLORTERM', 'truecolor'), ('COLCON_PREFIX_PATH', '/home/robot/robot_ws/install'), ('ROS_DISTRO', 'humble'), ('LOGNAME', 'robot'), ('_', '/usr/bin/colcon'), ('ROS_VERSION', '2'), ('XDG_SESSION_CLASS', 'user'), ('TERM', 'xterm-256color'), ('XDG_SESSION_ID', '1'), ('ROS_LOCALHOST_ONLY', '1'), ('PATH', '/home/robot/.vscode-server/cli/servers/Stable-1b6a188127eeaf9194f945eb6eb89a657e93c54c/server/bin/remote-cli:/home/robot/.local/bin:/opt/ros/humble/bin:/usr/local/sbin:/usr/local/bin:/usr/sbin:/usr/bin:/sbin:/bin:/usr/games:/usr/local/games:/snap/bin'), ('XDG_RUNTIME_DIR', '/run/user/1000'), ('LANG', 'en_US.UTF-8'), ('RMW_IMPLEMENTATION', 'rmw_cyclonedds_cpp'), ('LS_COLORS', 'rs=0:di=01;34:ln=01;36:mh=00:pi=40;33:so=01;35:do=01;35:bd=40;33;01:cd=40;33;01:or=40;31;01:mi=00:su=37;41:sg=30;43:ca=30;41:tw=30;42:ow=34;42:st=37;44:ex=01;32:*.tar=01;31:*.tgz=01;31:*.arc=01;31:*.arj=01;31:*.taz=01;31:*.lha=01;31:*.lz4=01;31:*.lzh=01;31:*.lzma=01;31:*.tlz=01;31:*.txz=01;31:*.tzo=01;31:*.t7z=01;31:*.zip=01;31:*.z=01;31:*.dz=01;31:*.gz=01;31:*.lrz=01;31:*.lz=01;31:*.lzo=01;31:*.xz=01;31:*.zst=01;31:*.tzst=01;31:*.bz2=01;31:*.bz=01;31:*.tbz=01;31:*.tbz2=01;31:*.tz=01;31:*.deb=01;31:*.rpm=01;31:*.jar=01;31:*.war=01;31:*.ear=01;31:*.sar=01;31:*.rar=01;31:*.alz=01;31:*.ace=01;31:*.zoo=01;31:*.cpio=01;31:*.7z=01;31:*.rz=01;31:*.cab=01;31:*.wim=01;31:*.swm=01;31:*.dwm=01;31:*.esd=01;31:*.jpg=01;35:*.jpeg=01;35:*.mjpg=01;35:*.mjpeg=01;35:*.gif=01;35:*.bmp=01;35:*.pbm=01;35:*.pgm=01;35:*.ppm=01;35:*.tga=01;35:*.xbm=01;35:*.xpm=01;35:*.tif=01;35:*.tiff=01;35:*.png=01;35:*.svg=01;35:*.svgz=01;35:*.mng=01;35:*.pcx=01;35:*.mov=01;35:*.mpg=01;35:*.mpeg=01;35:*.m2v=01;35:*.mkv=01;35:*.webm=01;35:*.webp=01;35:*.ogm=01;35:*.mp4=01;35:*.m4v=01;35:*.mp4v=01;35:*.vob=01;35:*.qt=01;35:*.nuv=01;35:*.wmv=01;35:*.asf=01;35:*.rm=01;35:*.rmvb=01;35:*.flc=01;35:*.avi=01;35:*.fli=01;35:*.flv=01;35:*.gl=01;35:*.dl=01;35:*.xcf=01;35:*.xwd=01;35:*.yuv=01;35:*.cgm=01;35:*.emf=01;35:*.ogv=01;35:*.ogx=01;35:*.aac=00;36:*.au=00;36:*.flac=00;36:*.m4a=00;36:*.mid=00;36:*.midi=00;36:*.mka=00;36:*.mp3=00;36:*.mpc=00;36:*.ogg=00;36:*.ra=00;36:*.wav=00;36:*.oga=00;36:*.opus=00;36:*.spx=00;36:*.xspf=00;36:'), ('TERM_PROGRAM', 'vscode'), ('ROS_DOMAIN_ID', '0'), ('AMENT_PREFIX_PATH', '/home/robot/robot_ws/install/web_bridge:/home/robot/robot_ws/install/vision_ai_node:/home/robot/robot_ws/install/robot_ai:/home/robot/robot_ws/install/vision_msgs:/home/robot/robot_ws/install/robot_bringup:/home/robot/robot_ws/install/sllidar_ros2:/home/robot/robot_ws/install/robot_serial:/home/robot/robot_ws/install/robot_description:/home/robot/robot_ws/install/camera_node:/opt/ros/humble'), ('SHELL', '/bin/bash'), ('LESSCLOSE', '/usr/bin/lesspipe %s %s'), ('PWD', '/home/robot/robot_ws/build/robot_bringup'), ('LC_ALL', 'en_US.UTF-8'), ('SSH_CONNECTION', '192.168.61.171 58385 192.168.61.135 22'), ('XDG_DATA_DIRS', '/usr/local/share:/usr/share:/var/lib/snapd/desktop'), ('PYTHONPATH', '/home/robot/robot_ws/install/web_bridge/lib/python3.10/site-packages:/home/robot/robot_ws/install/vision_ai_node/lib/python3.10/site-packages:/home/robot/robot_ws/install/robot_ai/lib/python3.10/site-packages:/home/robot/robot_ws/install/vision_msgs/local/lib/python3.10/dist-packages:/home/robot/robot_ws/install/robot_serial/lib/python3.10/site-packages:/home/robot/robot_ws/install/camera_node/lib/python3.10/site-packages:/opt/ros/humble/lib/python3.10/site-packages:/opt/ros/humble/local/lib/python3.10/dist-packages'), ('COLCON', '1'), ('CMAKE_PREFIX_PATH', '/home/robot/robot_ws/install/sllidar_ros2:/home/robot/robot_ws/install/robot_description:/home/robot/robot_ws/install/vision_msgs:/home/robot/robot_ws/install/robot_bringup:/home/robot/robot_ws/install/web_bridge:/home/robot/robot_ws/install/vision_ai_node:/home/robot/robot_ws/install/robot_ai:/home/robot/robot_ws/install/robot_serial:/home/robot/robot_ws/install/camera_node:/opt/ros/humble')]), 'shell': False}
[15.555954] (-) TimerEvent: {}
[15.657132] (-) TimerEvent: {}
[15.759453] (-) TimerEvent: {}
[15.860472] (-) TimerEvent: {}
[15.961588] (-) TimerEvent: {}
[16.031593] (robot_bringup) CommandEnded: {'returncode': 0}
[16.055312] (robot_bringup) JobProgress: {'identifier': 'robot_bringup', 'progress': 'install'}
[16.055836] (robot_bringup) Command: {'cmd': ['/usr/bin/cmake', '--install', '/home/robot/robot_ws/build/robot_bringup'], 'cwd': '/home/robot/robot_ws/build/robot_bringup', 'env': OrderedDict([('LESSOPEN', '| /usr/bin/lesspipe %s'), ('USER', 'robot'), ('SSH_CLIENT', '192.168.61.171 58385 22'), ('XDG_SESSION_TYPE', 'tty'), ('SHLVL', '1'), ('LD_LIBRARY_PATH', '/home/robot/robot_ws/install/vision_msgs/lib:/opt/ros/humble/opt/rviz_ogre_vendor/lib:/opt/ros/humble/lib/aarch64-linux-gnu:/opt/ros/humble/lib'), ('BROWSER', '/home/robot/.vscode-server/cli/servers/Stable-1b6a188127eeaf9194f945eb6eb89a657e93c54c/server/bin/helpers/browser.sh'), ('MOTD_SHOWN', 'pam'), ('HOME', '/home/robot'), ('OLDPWD', '/home/robot/robot_ws'), ('TERM_PROGRAM_VERSION', '1.130.0'), ('VSCODE_IPC_HOOK_CLI', '/run/user/1000/vscode-ipc-6c806b01-5fa9-48ba-b2c3-0f639f061ed7.sock'), ('ROS_PYTHON_VERSION', '3'), ('VSCODE_PYTHON_AUTOACTIVATE_GUARD', '1'), ('DBUS_SESSION_BUS_ADDRESS', 'unix:path=/run/user/1000/bus'), ('COLORTERM', 'truecolor'), ('COLCON_PREFIX_PATH', '/home/robot/robot_ws/install'), ('ROS_DISTRO', 'humble'), ('LOGNAME', 'robot'), ('_', '/usr/bin/colcon'), ('ROS_VERSION', '2'), ('XDG_SESSION_CLASS', 'user'), ('TERM', 'xterm-256color'), ('XDG_SESSION_ID', '1'), ('ROS_LOCALHOST_ONLY', '1'), ('PATH', '/home/robot/.vscode-server/cli/servers/Stable-1b6a188127eeaf9194f945eb6eb89a657e93c54c/server/bin/remote-cli:/home/robot/.local/bin:/opt/ros/humble/bin:/usr/local/sbin:/usr/local/bin:/usr/sbin:/usr/bin:/sbin:/bin:/usr/games:/usr/local/games:/snap/bin'), ('XDG_RUNTIME_DIR', '/run/user/1000'), ('LANG', 'en_US.UTF-8'), ('RMW_IMPLEMENTATION', 'rmw_cyclonedds_cpp'), ('LS_COLORS', 'rs=0:di=01;34:ln=01;36:mh=00:pi=40;33:so=01;35:do=01;35:bd=40;33;01:cd=40;33;01:or=40;31;01:mi=00:su=37;41:sg=30;43:ca=30;41:tw=30;42:ow=34;42:st=37;44:ex=01;32:*.tar=01;31:*.tgz=01;31:*.arc=01;31:*.arj=01;31:*.taz=01;31:*.lha=01;31:*.lz4=01;31:*.lzh=01;31:*.lzma=01;31:*.tlz=01;31:*.txz=01;31:*.tzo=01;31:*.t7z=01;31:*.zip=01;31:*.z=01;31:*.dz=01;31:*.gz=01;31:*.lrz=01;31:*.lz=01;31:*.lzo=01;31:*.xz=01;31:*.zst=01;31:*.tzst=01;31:*.bz2=01;31:*.bz=01;31:*.tbz=01;31:*.tbz2=01;31:*.tz=01;31:*.deb=01;31:*.rpm=01;31:*.jar=01;31:*.war=01;31:*.ear=01;31:*.sar=01;31:*.rar=01;31:*.alz=01;31:*.ace=01;31:*.zoo=01;31:*.cpio=01;31:*.7z=01;31:*.rz=01;31:*.cab=01;31:*.wim=01;31:*.swm=01;31:*.dwm=01;31:*.esd=01;31:*.jpg=01;35:*.jpeg=01;35:*.mjpg=01;35:*.mjpeg=01;35:*.gif=01;35:*.bmp=01;35:*.pbm=01;35:*.pgm=01;35:*.ppm=01;35:*.tga=01;35:*.xbm=01;35:*.xpm=01;35:*.tif=01;35:*.tiff=01;35:*.png=01;35:*.svg=01;35:*.svgz=01;35:*.mng=01;35:*.pcx=01;35:*.mov=01;35:*.mpg=01;35:*.mpeg=01;35:*.m2v=01;35:*.mkv=01;35:*.webm=01;35:*.webp=01;35:*.ogm=01;35:*.mp4=01;35:*.m4v=01;35:*.mp4v=01;35:*.vob=01;35:*.qt=01;35:*.nuv=01;35:*.wmv=01;35:*.asf=01;35:*.rm=01;35:*.rmvb=01;35:*.flc=01;35:*.avi=01;35:*.fli=01;35:*.flv=01;35:*.gl=01;35:*.dl=01;35:*.xcf=01;35:*.xwd=01;35:*.yuv=01;35:*.cgm=01;35:*.emf=01;35:*.ogv=01;35:*.ogx=01;35:*.aac=00;36:*.au=00;36:*.flac=00;36:*.m4a=00;36:*.mid=00;36:*.midi=00;36:*.mka=00;36:*.mp3=00;36:*.mpc=00;36:*.ogg=00;36:*.ra=00;36:*.wav=00;36:*.oga=00;36:*.opus=00;36:*.spx=00;36:*.xspf=00;36:'), ('TERM_PROGRAM', 'vscode'), ('ROS_DOMAIN_ID', '0'), ('AMENT_PREFIX_PATH', '/home/robot/robot_ws/install/web_bridge:/home/robot/robot_ws/install/vision_ai_node:/home/robot/robot_ws/install/robot_ai:/home/robot/robot_ws/install/vision_msgs:/home/robot/robot_ws/install/robot_bringup:/home/robot/robot_ws/install/sllidar_ros2:/home/robot/robot_ws/install/robot_serial:/home/robot/robot_ws/install/robot_description:/home/robot/robot_ws/install/camera_node:/opt/ros/humble'), ('SHELL', '/bin/bash'), ('LESSCLOSE', '/usr/bin/lesspipe %s %s'), ('PWD', '/home/robot/robot_ws/build/robot_bringup'), ('LC_ALL', 'en_US.UTF-8'), ('SSH_CONNECTION', '192.168.61.171 58385 192.168.61.135 22'), ('XDG_DATA_DIRS', '/usr/local/share:/usr/share:/var/lib/snapd/desktop'), ('PYTHONPATH', '/home/robot/robot_ws/install/web_bridge/lib/python3.10/site-packages:/home/robot/robot_ws/install/vision_ai_node/lib/python3.10/site-packages:/home/robot/robot_ws/install/robot_ai/lib/python3.10/site-packages:/home/robot/robot_ws/install/vision_msgs/local/lib/python3.10/dist-packages:/home/robot/robot_ws/install/robot_serial/lib/python3.10/site-packages:/home/robot/robot_ws/install/camera_node/lib/python3.10/site-packages:/opt/ros/humble/lib/python3.10/site-packages:/opt/ros/humble/local/lib/python3.10/dist-packages'), ('COLCON', '1'), ('CMAKE_PREFIX_PATH', '/home/robot/robot_ws/install/sllidar_ros2:/home/robot/robot_ws/install/robot_description:/home/robot/robot_ws/install/vision_msgs:/home/robot/robot_ws/install/robot_bringup:/home/robot/robot_ws/install/web_bridge:/home/robot/robot_ws/install/vision_ai_node:/home/robot/robot_ws/install/robot_ai:/home/robot/robot_ws/install/robot_serial:/home/robot/robot_ws/install/camera_node:/opt/ros/humble')]), 'shell': False}
[16.101118] (-) TimerEvent: {}
[16.205586] (-) TimerEvent: {}
[16.208230] (robot_bringup) StdoutLine: {'line': b'-- Install configuration: ""\n'}
[16.216916] (robot_bringup) StdoutLine: {'line': b'-- Up-to-date: /home/robot/robot_ws/install/robot_bringup/share/robot_bringup//launch\n'}
[16.218889] (robot_bringup) StdoutLine: {'line': b'-- Up-to-date: /home/robot/robot_ws/install/robot_bringup/share/robot_bringup//launch/ai.launch.py\n'}
[16.220503] (robot_bringup) StdoutLine: {'line': b'-- Up-to-date: /home/robot/robot_ws/install/robot_bringup/share/robot_bringup//launch/full_robot.launch.py\n'}
[16.222170] (robot_bringup) StdoutLine: {'line': b'-- Installing: /home/robot/robot_ws/install/robot_bringup/share/robot_bringup//launch/slam.launch.py\n'}
[16.225231] (robot_bringup) StdoutLine: {'line': b'-- Up-to-date: /home/robot/robot_ws/install/robot_bringup/share/robot_bringup//launch/__pycache__\n'}
[16.228579] (robot_bringup) StdoutLine: {'line': b'-- Up-to-date: /home/robot/robot_ws/install/robot_bringup/share/robot_bringup//launch/__pycache__/ai.launch.cpython-310.pyc\n'}
[16.240791] (robot_bringup) StdoutLine: {'line': b'-- Up-to-date: /home/robot/robot_ws/install/robot_bringup/share/robot_bringup//launch/__pycache__/full_robot.launch.cpython-310.pyc\n'}
[16.242464] (robot_bringup) StdoutLine: {'line': b'-- Installing: /home/robot/robot_ws/install/robot_bringup/share/robot_bringup//launch/__pycache__/minimal.launch.cpython-310.pyc\n'}
[16.249392] (robot_bringup) StdoutLine: {'line': b'-- Up-to-date: /home/robot/robot_ws/install/robot_bringup/share/robot_bringup//launch/__pycache__/slam.launch.cpython-310.pyc\n'}
[16.251861] (robot_bringup) StdoutLine: {'line': b'-- Up-to-date: /home/robot/robot_ws/install/robot_bringup/share/robot_bringup//launch/__pycache__/view_robot.launch.cpython-310.pyc\n'}
[16.254376] (robot_bringup) StdoutLine: {'line': b'-- Up-to-date: /home/robot/robot_ws/install/robot_bringup/share/robot_bringup//launch/__pycache__/nav2.launch.cpython-310.pyc\n'}
[16.257218] (robot_bringup) StdoutLine: {'line': b'-- Installing: /home/robot/robot_ws/install/robot_bringup/share/robot_bringup//launch/minimal.launch.py\n'}
[16.261934] (robot_bringup) StdoutLine: {'line': b'-- Up-to-date: /home/robot/robot_ws/install/robot_bringup/share/robot_bringup//launch/localization.launch.py\n'}
[16.264376] (robot_bringup) StdoutLine: {'line': b'-- Up-to-date: /home/robot/robot_ws/install/robot_bringup/share/robot_bringup//launch/robot.launch.py\n'}
[16.266768] (robot_bringup) StdoutLine: {'line': b'-- Up-to-date: /home/robot/robot_ws/install/robot_bringup/share/robot_bringup//launch/lidar.launch.py\n'}
[16.269833] (robot_bringup) StdoutLine: {'line': b'-- Up-to-date: /home/robot/robot_ws/install/robot_bringup/share/robot_bringup//launch/view_robot.launch.py\n'}
[16.273359] (robot_bringup) StdoutLine: {'line': b'-- Up-to-date: /home/robot/robot_ws/install/robot_bringup/share/robot_bringup//launch/nav2.launch.py\n'}
[16.274118] (robot_bringup) StdoutLine: {'line': b'-- Up-to-date: /home/robot/robot_ws/install/robot_bringup/share/robot_bringup//config\n'}
[16.285941] (robot_bringup) StdoutLine: {'line': b'-- Installing: /home/robot/robot_ws/install/robot_bringup/share/robot_bringup//config/ekf.yaml\n'}
[16.286666] (robot_bringup) StdoutLine: {'line': b'-- Installing: /home/robot/robot_ws/install/robot_bringup/share/robot_bringup//config/slam_toolbox_params.yaml\n'}
[16.290399] (robot_bringup) StdoutLine: {'line': b'-- Installing: /home/robot/robot_ws/install/robot_bringup/share/robot_bringup//config/map_server_params.yaml\n'}
[16.295594] (robot_bringup) StdoutLine: {'line': b'-- Installing: /home/robot/robot_ws/install/robot_bringup/share/robot_bringup//config/nav2_params.yaml\n'}
[16.311849] (-) TimerEvent: {}
[16.314048] (robot_bringup) StdoutLine: {'line': b'-- Up-to-date: /home/robot/robot_ws/install/robot_bringup/share/robot_bringup//config/amcl_params.yaml\n'}
[16.316755] (robot_bringup) StdoutLine: {'line': b'-- Up-to-date: /home/robot/robot_ws/install/robot_bringup/share/robot_bringup//rviz\n'}
[16.319723] (robot_bringup) StdoutLine: {'line': b'-- Up-to-date: /home/robot/robot_ws/install/robot_bringup/share/robot_bringup//rviz/robot_view.rviz\n'}
[16.323328] (robot_bringup) StdoutLine: {'line': b'-- Up-to-date: /home/robot/robot_ws/install/robot_bringup/lib/robot_bringup/mount_hdd.sh\n'}
[16.324116] (robot_bringup) StdoutLine: {'line': b'-- Up-to-date: /home/robot/robot_ws/install/robot_bringup/lib/robot_bringup/unmount_hdd.sh\n'}
[16.330129] (robot_bringup) StdoutLine: {'line': b'-- Up-to-date: /home/robot/robot_ws/install/robot_bringup/lib/robot_bringup/save_map.sh\n'}
[16.331009] (robot_bringup) StdoutLine: {'line': b'-- Up-to-date: /home/robot/robot_ws/install/robot_bringup/lib/robot_bringup/setup_hdd_automount.sh\n'}
[16.335059] (robot_bringup) StdoutLine: {'line': b'-- Up-to-date: /home/robot/robot_ws/install/robot_bringup/lib/robot_bringup/save_map.py\n'}
[16.335819] (robot_bringup) StdoutLine: {'line': b'-- Up-to-date: /home/robot/robot_ws/install/robot_bringup/lib/robot_bringup/copy_map.sh\n'}
[16.336508] (robot_bringup) StdoutLine: {'line': b'-- Up-to-date: /home/robot/robot_ws/install/robot_bringup/share/robot_bringup//maps\n'}
[16.344530] (robot_bringup) StdoutLine: {'line': b'-- Up-to-date: /home/robot/robot_ws/install/robot_bringup/share/robot_bringup//maps/.gitkeep\n'}
[16.348404] (robot_bringup) StdoutLine: {'line': b'-- Up-to-date: /home/robot/robot_ws/install/robot_bringup/share/robot_bringup//maps/my_room\n'}
[16.355338] (robot_bringup) StdoutLine: {'line': b'-- Installing: /home/robot/robot_ws/install/robot_bringup/share/robot_bringup//maps/my_room/map.yaml\n'}
[16.356385] (robot_bringup) StdoutLine: {'line': b'-- Installing: /home/robot/robot_ws/install/robot_bringup/share/robot_bringup//maps/my_room/map.pgm\n'}
[16.362471] (robot_bringup) StdoutLine: {'line': b'-- Up-to-date: /home/robot/robot_ws/install/robot_bringup/share/ament_index/resource_index/package_run_dependencies/robot_bringup\n'}
[16.366637] (robot_bringup) StdoutLine: {'line': b'-- Up-to-date: /home/robot/robot_ws/install/robot_bringup/share/ament_index/resource_index/parent_prefix_path/robot_bringup\n'}
[16.372275] (robot_bringup) StdoutLine: {'line': b'-- Up-to-date: /home/robot/robot_ws/install/robot_bringup/share/robot_bringup/environment/ament_prefix_path.sh\n'}
[16.376171] (robot_bringup) StdoutLine: {'line': b'-- Up-to-date: /home/robot/robot_ws/install/robot_bringup/share/robot_bringup/environment/ament_prefix_path.dsv\n'}
[16.381545] (robot_bringup) StdoutLine: {'line': b'-- Up-to-date: /home/robot/robot_ws/install/robot_bringup/share/robot_bringup/environment/path.sh\n'}
[16.385384] (robot_bringup) StdoutLine: {'line': b'-- Up-to-date: /home/robot/robot_ws/install/robot_bringup/share/robot_bringup/environment/path.dsv\n'}
[16.385975] (robot_bringup) StdoutLine: {'line': b'-- Up-to-date: /home/robot/robot_ws/install/robot_bringup/share/robot_bringup/local_setup.bash\n'}
[16.386507] (robot_bringup) StdoutLine: {'line': b'-- Up-to-date: /home/robot/robot_ws/install/robot_bringup/share/robot_bringup/local_setup.sh\n'}
[16.387030] (robot_bringup) StdoutLine: {'line': b'-- Up-to-date: /home/robot/robot_ws/install/robot_bringup/share/robot_bringup/local_setup.zsh\n'}
[16.387513] (robot_bringup) StdoutLine: {'line': b'-- Up-to-date: /home/robot/robot_ws/install/robot_bringup/share/robot_bringup/local_setup.dsv\n'}
[16.392386] (robot_bringup) StdoutLine: {'line': b'-- Installing: /home/robot/robot_ws/install/robot_bringup/share/robot_bringup/package.dsv\n'}
[16.400086] (robot_bringup) StdoutLine: {'line': b'-- Up-to-date: /home/robot/robot_ws/install/robot_bringup/share/ament_index/resource_index/packages/robot_bringup\n'}
[16.403761] (robot_bringup) StdoutLine: {'line': b'-- Up-to-date: /home/robot/robot_ws/install/robot_bringup/share/robot_bringup/cmake/robot_bringupConfig.cmake\n'}
[16.404570] (robot_bringup) StdoutLine: {'line': b'-- Up-to-date: /home/robot/robot_ws/install/robot_bringup/share/robot_bringup/cmake/robot_bringupConfig-version.cmake\n'}
[16.405559] (robot_bringup) StdoutLine: {'line': b'-- Up-to-date: /home/robot/robot_ws/install/robot_bringup/share/robot_bringup/package.xml\n'}
[16.412750] (-) TimerEvent: {}
[16.430102] (robot_bringup) CommandEnded: {'returncode': 0}
[16.513314] (-) TimerEvent: {}
[16.614602] (-) TimerEvent: {}
[16.697210] (robot_bringup) JobEnded: {'identifier': 'robot_bringup', 'rc': 0}
[16.700470] (vision_ai_node) JobStarted: {'identifier': 'vision_ai_node'}
[16.714839] (-) TimerEvent: {}
[16.815812] (-) TimerEvent: {}
[16.920141] (-) TimerEvent: {}
[17.021103] (-) TimerEvent: {}
[17.122047] (-) TimerEvent: {}
[17.223256] (-) TimerEvent: {}
[17.324311] (-) TimerEvent: {}
[17.425416] (-) TimerEvent: {}
[17.526632] (-) TimerEvent: {}
[17.558003] (web_bridge) StdoutLine: {'line': b'running egg_info\n'}
[17.562382] (web_bridge) StdoutLine: {'line': b'writing ../../build/web_bridge/web_bridge.egg-info/PKG-INFO\n'}
[17.564711] (web_bridge) StdoutLine: {'line': b'writing dependency_links to ../../build/web_bridge/web_bridge.egg-info/dependency_links.txt\n'}
[17.567930] (web_bridge) StdoutLine: {'line': b'writing entry points to ../../build/web_bridge/web_bridge.egg-info/entry_points.txt\n'}
[17.570689] (web_bridge) StdoutLine: {'line': b'writing requirements to ../../build/web_bridge/web_bridge.egg-info/requires.txt\n'}
[17.571432] (web_bridge) StdoutLine: {'line': b'writing top-level names to ../../build/web_bridge/web_bridge.egg-info/top_level.txt\n'}
[17.582102] (web_bridge) StdoutLine: {'line': b"reading manifest file '../../build/web_bridge/web_bridge.egg-info/SOURCES.txt'\n"}
[17.626842] (-) TimerEvent: {}
[17.729052] (-) TimerEvent: {}
[17.763558] (web_bridge) StdoutLine: {'line': b"writing manifest file '../../build/web_bridge/web_bridge.egg-info/SOURCES.txt'\n"}
[17.765363] (web_bridge) StdoutLine: {'line': b'running build\n'}
[17.766146] (web_bridge) StdoutLine: {'line': b'running build_py\n'}
[17.768141] (web_bridge) StdoutLine: {'line': b'running install\n'}
[17.770937] (web_bridge) StdoutLine: {'line': b'running install_lib\n'}
[17.784095] (web_bridge) StdoutLine: {'line': b'running install_data\n'}
[17.786331] (web_bridge) StdoutLine: {'line': b'running install_egg_info\n'}
[17.798371] (web_bridge) StdoutLine: {'line': b"removing '/home/robot/robot_ws/install/web_bridge/lib/python3.10/site-packages/web_bridge-0.0.1-py3.10.egg-info' (and everything under it)\n"}
[17.801533] (web_bridge) StdoutLine: {'line': b'Copying ../../build/web_bridge/web_bridge.egg-info to /home/robot/robot_ws/install/web_bridge/lib/python3.10/site-packages/web_bridge-0.0.1-py3.10.egg-info\n'}
[17.814360] (web_bridge) StdoutLine: {'line': b'running install_scripts\n'}
[17.829365] (-) TimerEvent: {}
[17.924138] (robot_serial) StdoutLine: {'line': b'running egg_info\n'}
[17.929077] (robot_serial) StdoutLine: {'line': b'writing ../../build/robot_serial/robot_serial.egg-info/PKG-INFO\n'}
[17.929955] (-) TimerEvent: {}
[17.940645] (robot_serial) StdoutLine: {'line': b'writing dependency_links to ../../build/robot_serial/robot_serial.egg-info/dependency_links.txt\n'}
[17.942580] (robot_serial) StdoutLine: {'line': b'writing entry points to ../../build/robot_serial/robot_serial.egg-info/entry_points.txt\n'}
[17.945521] (robot_serial) StdoutLine: {'line': b'writing requirements to ../../build/robot_serial/robot_serial.egg-info/requires.txt\n'}
[17.946328] (robot_serial) StdoutLine: {'line': b'writing top-level names to ../../build/robot_serial/robot_serial.egg-info/top_level.txt\n'}
[17.963493] (robot_serial) StdoutLine: {'line': b"reading manifest file '../../build/robot_serial/robot_serial.egg-info/SOURCES.txt'\n"}
[18.004968] (web_bridge) StdoutLine: {'line': b'Installing web_bridge script to /home/robot/robot_ws/install/web_bridge/lib/web_bridge\n'}
[18.007381] (web_bridge) StdoutLine: {'line': b"writing list of installed files to '/home/robot/robot_ws/build/web_bridge/install.log'\n"}
[18.035867] (-) TimerEvent: {}
[18.138393] (robot_serial) StdoutLine: {'line': b"writing manifest file '../../build/robot_serial/robot_serial.egg-info/SOURCES.txt'\n"}
[18.139255] (-) TimerEvent: {}
[18.143619] (robot_serial) StdoutLine: {'line': b'running build\n'}
[18.149812] (robot_serial) StdoutLine: {'line': b'running build_py\n'}
[18.158346] (robot_serial) StdoutLine: {'line': b'copying robot_serial/wheel_odom_node.py -> /home/robot/robot_ws/build/robot_serial/build/lib/robot_serial\n'}
[18.166379] (robot_serial) StdoutLine: {'line': b'copying robot_serial/serial_parser.py -> /home/robot/robot_ws/build/robot_serial/build/lib/robot_serial\n'}
[18.192038] (robot_serial) StdoutLine: {'line': b'running install\n'}
[18.206398] (robot_serial) StdoutLine: {'line': b'running install_lib\n'}
[18.217645] (robot_serial) StdoutLine: {'line': b'copying /home/robot/robot_ws/build/robot_serial/build/lib/robot_serial/wheel_odom_node.py -> /home/robot/robot_ws/install/robot_serial/lib/python3.10/site-packages/robot_serial\n'}
[18.220340] (robot_serial) StdoutLine: {'line': b'copying /home/robot/robot_ws/build/robot_serial/build/lib/robot_serial/serial_parser.py -> /home/robot/robot_ws/install/robot_serial/lib/python3.10/site-packages/robot_serial\n'}
[18.226879] (robot_serial) StdoutLine: {'line': b'byte-compiling /home/robot/robot_ws/install/robot_serial/lib/python3.10/site-packages/robot_serial/wheel_odom_node.py to wheel_odom_node.cpython-310.pyc\n'}
[18.236193] (robot_serial) StdoutLine: {'line': b'byte-compiling /home/robot/robot_ws/install/robot_serial/lib/python3.10/site-packages/robot_serial/serial_parser.py to serial_parser.cpython-310.pyc\n'}
[18.239454] (-) TimerEvent: {}
[18.241427] (robot_serial) StdoutLine: {'line': b'running install_data\n'}
[18.243232] (robot_serial) StdoutLine: {'line': b'running install_egg_info\n'}
[18.256045] (robot_serial) StdoutLine: {'line': b"removing '/home/robot/robot_ws/install/robot_serial/lib/python3.10/site-packages/robot_serial-1.0.0-py3.10.egg-info' (and everything under it)\n"}
[18.258988] (robot_serial) StdoutLine: {'line': b'Copying ../../build/robot_serial/robot_serial.egg-info to /home/robot/robot_ws/install/robot_serial/lib/python3.10/site-packages/robot_serial-1.0.0-py3.10.egg-info\n'}
[18.323262] (robot_serial) StdoutLine: {'line': b'running install_scripts\n'}
[18.339729] (-) TimerEvent: {}
[18.440832] (-) TimerEvent: {}
[18.460469] (robot_serial) StdoutLine: {'line': b'Installing serial_node script to /home/robot/robot_ws/install/robot_serial/lib/robot_serial\n'}
[18.461854] (robot_serial) StdoutLine: {'line': b'Installing teleop_text script to /home/robot/robot_ws/install/robot_serial/lib/robot_serial\n'}
[18.463434] (robot_serial) StdoutLine: {'line': b'Installing wheel_odom_node script to /home/robot/robot_ws/install/robot_serial/lib/robot_serial\n'}
[18.465526] (robot_serial) StdoutLine: {'line': b"writing list of installed files to '/home/robot/robot_ws/build/robot_serial/install.log'\n"}
[18.541200] (-) TimerEvent: {}
[18.643556] (-) TimerEvent: {}
[18.744466] (-) TimerEvent: {}
[18.845295] (-) TimerEvent: {}
[18.946331] (-) TimerEvent: {}
[19.409294] (-) TimerEvent: {}
[19.510725] (-) TimerEvent: {}
[19.513998] (robot_ai) Command: {'cmd': ['/usr/bin/python3', '-W', 'ignore:setup.py install is deprecated', '-W', 'ignore:easy_install command is deprecated', 'setup.py', 'egg_info', '--egg-base', '../../build/robot_ai', 'build', '--build-base', '/home/robot/robot_ws/build/robot_ai/build', 'install', '--record', '/home/robot/robot_ws/build/robot_ai/install.log', '--install-scripts', '$base/lib/robot_ai', '--single-version-externally-managed', 'install_data'], 'cwd': '/home/robot/robot_ws/src/robot_ai', 'env': {'LESSOPEN': '| /usr/bin/lesspipe %s', 'USER': 'robot', 'SSH_CLIENT': '192.168.61.171 58385 22', 'XDG_SESSION_TYPE': 'tty', 'SHLVL': '1', 'LD_LIBRARY_PATH': '/home/robot/robot_ws/install/vision_msgs/lib:/opt/ros/humble/opt/rviz_ogre_vendor/lib:/opt/ros/humble/lib/aarch64-linux-gnu:/opt/ros/humble/lib', 'BROWSER': '/home/robot/.vscode-server/cli/servers/Stable-1b6a188127eeaf9194f945eb6eb89a657e93c54c/server/bin/helpers/browser.sh', 'MOTD_SHOWN': 'pam', 'HOME': '/home/robot', 'OLDPWD': '/home/robot/robot_ws', 'TERM_PROGRAM_VERSION': '1.130.0', 'VSCODE_IPC_HOOK_CLI': '/run/user/1000/vscode-ipc-6c806b01-5fa9-48ba-b2c3-0f639f061ed7.sock', 'ROS_PYTHON_VERSION': '3', 'VSCODE_PYTHON_AUTOACTIVATE_GUARD': '1', 'DBUS_SESSION_BUS_ADDRESS': 'unix:path=/run/user/1000/bus', 'COLORTERM': 'truecolor', 'COLCON_PREFIX_PATH': '/home/robot/robot_ws/install', 'ROS_DISTRO': 'humble', 'LOGNAME': 'robot', '_': '/usr/bin/colcon', 'ROS_VERSION': '2', 'XDG_SESSION_CLASS': 'user', 'TERM': 'xterm-256color', 'XDG_SESSION_ID': '1', 'ROS_LOCALHOST_ONLY': '1', 'PATH': '/home/robot/.vscode-server/cli/servers/Stable-1b6a188127eeaf9194f945eb6eb89a657e93c54c/server/bin/remote-cli:/home/robot/.local/bin:/opt/ros/humble/bin:/usr/local/sbin:/usr/local/bin:/usr/sbin:/usr/bin:/sbin:/bin:/usr/games:/usr/local/games:/snap/bin', 'XDG_RUNTIME_DIR': '/run/user/1000', 'LANG': 'en_US.UTF-8', 'RMW_IMPLEMENTATION': 'rmw_cyclonedds_cpp', 'LS_COLORS': 'rs=0:di=01;34:ln=01;36:mh=00:pi=40;33:so=01;35:do=01;35:bd=40;33;01:cd=40;33;01:or=40;31;01:mi=00:su=37;41:sg=30;43:ca=30;41:tw=30;42:ow=34;42:st=37;44:ex=01;32:*.tar=01;31:*.tgz=01;31:*.arc=01;31:*.arj=01;31:*.taz=01;31:*.lha=01;31:*.lz4=01;31:*.lzh=01;31:*.lzma=01;31:*.tlz=01;31:*.txz=01;31:*.tzo=01;31:*.t7z=01;31:*.zip=01;31:*.z=01;31:*.dz=01;31:*.gz=01;31:*.lrz=01;31:*.lz=01;31:*.lzo=01;31:*.xz=01;31:*.zst=01;31:*.tzst=01;31:*.bz2=01;31:*.bz=01;31:*.tbz=01;31:*.tbz2=01;31:*.tz=01;31:*.deb=01;31:*.rpm=01;31:*.jar=01;31:*.war=01;31:*.ear=01;31:*.sar=01;31:*.rar=01;31:*.alz=01;31:*.ace=01;31:*.zoo=01;31:*.cpio=01;31:*.7z=01;31:*.rz=01;31:*.cab=01;31:*.wim=01;31:*.swm=01;31:*.dwm=01;31:*.esd=01;31:*.jpg=01;35:*.jpeg=01;35:*.mjpg=01;35:*.mjpeg=01;35:*.gif=01;35:*.bmp=01;35:*.pbm=01;35:*.pgm=01;35:*.ppm=01;35:*.tga=01;35:*.xbm=01;35:*.xpm=01;35:*.tif=01;35:*.tiff=01;35:*.png=01;35:*.svg=01;35:*.svgz=01;35:*.mng=01;35:*.pcx=01;35:*.mov=01;35:*.mpg=01;35:*.mpeg=01;35:*.m2v=01;35:*.mkv=01;35:*.webm=01;35:*.webp=01;35:*.ogm=01;35:*.mp4=01;35:*.m4v=01;35:*.mp4v=01;35:*.vob=01;35:*.qt=01;35:*.nuv=01;35:*.wmv=01;35:*.asf=01;35:*.rm=01;35:*.rmvb=01;35:*.flc=01;35:*.avi=01;35:*.fli=01;35:*.flv=01;35:*.gl=01;35:*.dl=01;35:*.xcf=01;35:*.xwd=01;35:*.yuv=01;35:*.cgm=01;35:*.emf=01;35:*.ogv=01;35:*.ogx=01;35:*.aac=00;36:*.au=00;36:*.flac=00;36:*.m4a=00;36:*.mid=00;36:*.midi=00;36:*.mka=00;36:*.mp3=00;36:*.mpc=00;36:*.ogg=00;36:*.ra=00;36:*.wav=00;36:*.oga=00;36:*.opus=00;36:*.spx=00;36:*.xspf=00;36:', 'TERM_PROGRAM': 'vscode', 'ROS_DOMAIN_ID': '0', 'AMENT_PREFIX_PATH': '/home/robot/robot_ws/install/web_bridge:/home/robot/robot_ws/install/vision_ai_node:/home/robot/robot_ws/install/robot_ai:/home/robot/robot_ws/install/vision_msgs:/home/robot/robot_ws/install/robot_bringup:/home/robot/robot_ws/install/sllidar_ros2:/home/robot/robot_ws/install/robot_serial:/home/robot/robot_ws/install/robot_description:/home/robot/robot_ws/install/camera_node:/opt/ros/humble', 'SHELL': '/bin/bash', 'LESSCLOSE': '/usr/bin/lesspipe %s %s', 'PWD': '/home/robot/robot_ws/build/robot_ai', 'LC_ALL': 'en_US.UTF-8', 'SSH_CONNECTION': '192.168.61.171 58385 192.168.61.135 22', 'XDG_DATA_DIRS': '/usr/local/share:/usr/share:/var/lib/snapd/desktop', 'PYTHONPATH': '/home/robot/robot_ws/build/robot_ai/prefix_override:/usr/lib/python3/dist-packages/colcon_core/task/python/colcon_distutils_commands:/home/robot/robot_ws/install/robot_ai/lib/python3.10/site-packages:/home/robot/robot_ws/install/web_bridge/lib/python3.10/site-packages:/home/robot/robot_ws/install/vision_ai_node/lib/python3.10/site-packages:/home/robot/robot_ws/install/robot_ai/lib/python3.10/site-packages:/home/robot/robot_ws/install/vision_msgs/local/lib/python3.10/dist-packages:/home/robot/robot_ws/install/robot_serial/lib/python3.10/site-packages:/home/robot/robot_ws/install/camera_node/lib/python3.10/site-packages:/opt/ros/humble/lib/python3.10/site-packages:/opt/ros/humble/local/lib/python3.10/dist-packages', 'COLCON': '1', 'CMAKE_PREFIX_PATH': '/home/robot/robot_ws/install/vision_msgs:/home/robot/robot_ws/install/robot_bringup:/home/robot/robot_ws/install/sllidar_ros2:/home/robot/robot_ws/install/robot_description'}, 'shell': False}
[19.545716] (web_bridge) CommandEnded: {'returncode': 0}
[19.610989] (-) TimerEvent: {}
[19.712494] (-) TimerEvent: {}
[20.068126] (web_bridge) JobEnded: {'identifier': 'web_bridge', 'rc': 0}
[20.070132] (-) TimerEvent: {}
[20.070744] (robot_serial) CommandEnded: {'returncode': 0}
[20.126619] (robot_serial) JobEnded: {'identifier': 'robot_serial', 'rc': 0}
[20.170342] (-) TimerEvent: {}
[20.272777] (-) TimerEvent: {}
[20.941755] (-) TimerEvent: {}
[21.042838] (-) TimerEvent: {}
[21.143882] (-) TimerEvent: {}
[21.238631] (robot_ai) StdoutLine: {'line': b'running egg_info\n'}
[21.239753] (robot_ai) StdoutLine: {'line': b'writing ../../build/robot_ai/robot_ai.egg-info/PKG-INFO\n'}
[21.242937] (robot_ai) StdoutLine: {'line': b'writing dependency_links to ../../build/robot_ai/robot_ai.egg-info/dependency_links.txt\n'}
[21.244047] (-) TimerEvent: {}
[21.249342] (robot_ai) StdoutLine: {'line': b'writing entry points to ../../build/robot_ai/robot_ai.egg-info/entry_points.txt\n'}
[21.250126] (robot_ai) StdoutLine: {'line': b'writing requirements to ../../build/robot_ai/robot_ai.egg-info/requires.txt\n'}
[21.250929] (robot_ai) StdoutLine: {'line': b'writing top-level names to ../../build/robot_ai/robot_ai.egg-info/top_level.txt\n'}
[21.263424] (robot_ai) StdoutLine: {'line': b"reading manifest file '../../build/robot_ai/robot_ai.egg-info/SOURCES.txt'\n"}
[21.344252] (-) TimerEvent: {}
[21.437779] (robot_ai) StdoutLine: {'line': b"writing manifest file '../../build/robot_ai/robot_ai.egg-info/SOURCES.txt'\n"}
[21.439179] (robot_ai) StdoutLine: {'line': b'running build\n'}
[21.439983] (robot_ai) StdoutLine: {'line': b'running build_py\n'}
[21.442968] (robot_ai) StdoutLine: {'line': b'running install\n'}
[21.444447] (-) TimerEvent: {}
[21.445373] (robot_ai) StdoutLine: {'line': b'running install_lib\n'}
[21.457409] (robot_ai) StdoutLine: {'line': b'running install_data\n'}
[21.459000] (robot_ai) StdoutLine: {'line': b'running install_egg_info\n'}
[21.473040] (robot_ai) StdoutLine: {'line': b"removing '/home/robot/robot_ws/install/robot_ai/lib/python3.10/site-packages/robot_ai-1.0.0-py3.10.egg-info' (and everything under it)\n"}
[21.476002] (robot_ai) StdoutLine: {'line': b'Copying ../../build/robot_ai/robot_ai.egg-info to /home/robot/robot_ws/install/robot_ai/lib/python3.10/site-packages/robot_ai-1.0.0-py3.10.egg-info\n'}
[21.544673] (-) TimerEvent: {}
[21.613074] (robot_ai) StdoutLine: {'line': b'running install_scripts\n'}
[21.644926] (-) TimerEvent: {}
[21.745899] (-) TimerEvent: {}
[21.770891] (robot_ai) StdoutLine: {'line': b'Installing ai_node script to /home/robot/robot_ws/install/robot_ai/lib/robot_ai\n'}
[21.777043] (robot_ai) StdoutLine: {'line': b"writing list of installed files to '/home/robot/robot_ws/build/robot_ai/install.log'\n"}
[21.846374] (-) TimerEvent: {}
[21.947847] (-) TimerEvent: {}
[22.023399] (robot_ai) CommandEnded: {'returncode': 0}
[22.048653] (-) TimerEvent: {}
[22.078065] (robot_ai) JobEnded: {'identifier': 'robot_ai', 'rc': 0}
[22.148923] (-) TimerEvent: {}
[22.249788] (-) TimerEvent: {}
[22.350868] (-) TimerEvent: {}
[22.451892] (-) TimerEvent: {}
[22.553318] (-) TimerEvent: {}
[22.654258] (-) TimerEvent: {}
[23.035573] (-) TimerEvent: {}
[23.136835] (-) TimerEvent: {}
[23.340798] (-) TimerEvent: {}
[23.434232] (vision_ai_node) Command: {'cmd': ['/usr/bin/python3', '-W', 'ignore:setup.py install is deprecated', '-W', 'ignore:easy_install command is deprecated', 'setup.py', 'egg_info', '--egg-base', '../../build/vision_ai_node', 'build', '--build-base', '/home/robot/robot_ws/build/vision_ai_node/build', 'install', '--record', '/home/robot/robot_ws/build/vision_ai_node/install.log', '--install-scripts', '$base/lib/vision_ai_node', '--single-version-externally-managed', 'install_data'], 'cwd': '/home/robot/robot_ws/src/vision_ai_node', 'env': {'LESSOPEN': '| /usr/bin/lesspipe %s', 'USER': 'robot', 'SSH_CLIENT': '192.168.61.171 58385 22', 'XDG_SESSION_TYPE': 'tty', 'SHLVL': '1', 'LD_LIBRARY_PATH': '/home/robot/robot_ws/install/vision_msgs/lib:/opt/ros/humble/opt/rviz_ogre_vendor/lib:/opt/ros/humble/lib/aarch64-linux-gnu:/opt/ros/humble/lib', 'BROWSER': '/home/robot/.vscode-server/cli/servers/Stable-1b6a188127eeaf9194f945eb6eb89a657e93c54c/server/bin/helpers/browser.sh', 'MOTD_SHOWN': 'pam', 'HOME': '/home/robot', 'OLDPWD': '/home/robot/robot_ws', 'TERM_PROGRAM_VERSION': '1.130.0', 'VSCODE_IPC_HOOK_CLI': '/run/user/1000/vscode-ipc-6c806b01-5fa9-48ba-b2c3-0f639f061ed7.sock', 'ROS_PYTHON_VERSION': '3', 'VSCODE_PYTHON_AUTOACTIVATE_GUARD': '1', 'DBUS_SESSION_BUS_ADDRESS': 'unix:path=/run/user/1000/bus', 'COLORTERM': 'truecolor', 'COLCON_PREFIX_PATH': '/home/robot/robot_ws/install', 'ROS_DISTRO': 'humble', 'LOGNAME': 'robot', '_': '/usr/bin/colcon', 'ROS_VERSION': '2', 'XDG_SESSION_CLASS': 'user', 'TERM': 'xterm-256color', 'XDG_SESSION_ID': '1', 'ROS_LOCALHOST_ONLY': '1', 'PATH': '/home/robot/.vscode-server/cli/servers/Stable-1b6a188127eeaf9194f945eb6eb89a657e93c54c/server/bin/remote-cli:/home/robot/.local/bin:/opt/ros/humble/bin:/usr/local/sbin:/usr/local/bin:/usr/sbin:/usr/bin:/sbin:/bin:/usr/games:/usr/local/games:/snap/bin', 'XDG_RUNTIME_DIR': '/run/user/1000', 'LANG': 'en_US.UTF-8', 'RMW_IMPLEMENTATION': 'rmw_cyclonedds_cpp', 'LS_COLORS': 'rs=0:di=01;34:ln=01;36:mh=00:pi=40;33:so=01;35:do=01;35:bd=40;33;01:cd=40;33;01:or=40;31;01:mi=00:su=37;41:sg=30;43:ca=30;41:tw=30;42:ow=34;42:st=37;44:ex=01;32:*.tar=01;31:*.tgz=01;31:*.arc=01;31:*.arj=01;31:*.taz=01;31:*.lha=01;31:*.lz4=01;31:*.lzh=01;31:*.lzma=01;31:*.tlz=01;31:*.txz=01;31:*.tzo=01;31:*.t7z=01;31:*.zip=01;31:*.z=01;31:*.dz=01;31:*.gz=01;31:*.lrz=01;31:*.lz=01;31:*.lzo=01;31:*.xz=01;31:*.zst=01;31:*.tzst=01;31:*.bz2=01;31:*.bz=01;31:*.tbz=01;31:*.tbz2=01;31:*.tz=01;31:*.deb=01;31:*.rpm=01;31:*.jar=01;31:*.war=01;31:*.ear=01;31:*.sar=01;31:*.rar=01;31:*.alz=01;31:*.ace=01;31:*.zoo=01;31:*.cpio=01;31:*.7z=01;31:*.rz=01;31:*.cab=01;31:*.wim=01;31:*.swm=01;31:*.dwm=01;31:*.esd=01;31:*.jpg=01;35:*.jpeg=01;35:*.mjpg=01;35:*.mjpeg=01;35:*.gif=01;35:*.bmp=01;35:*.pbm=01;35:*.pgm=01;35:*.ppm=01;35:*.tga=01;35:*.xbm=01;35:*.xpm=01;35:*.tif=01;35:*.tiff=01;35:*.png=01;35:*.svg=01;35:*.svgz=01;35:*.mng=01;35:*.pcx=01;35:*.mov=01;35:*.mpg=01;35:*.mpeg=01;35:*.m2v=01;35:*.mkv=01;35:*.webm=01;35:*.webp=01;35:*.ogm=01;35:*.mp4=01;35:*.m4v=01;35:*.mp4v=01;35:*.vob=01;35:*.qt=01;35:*.nuv=01;35:*.wmv=01;35:*.asf=01;35:*.rm=01;35:*.rmvb=01;35:*.flc=01;35:*.avi=01;35:*.fli=01;35:*.flv=01;35:*.gl=01;35:*.dl=01;35:*.xcf=01;35:*.xwd=01;35:*.yuv=01;35:*.cgm=01;35:*.emf=01;35:*.ogv=01;35:*.ogx=01;35:*.aac=00;36:*.au=00;36:*.flac=00;36:*.m4a=00;36:*.mid=00;36:*.midi=00;36:*.mka=00;36:*.mp3=00;36:*.mpc=00;36:*.ogg=00;36:*.ra=00;36:*.wav=00;36:*.oga=00;36:*.opus=00;36:*.spx=00;36:*.xspf=00;36:', 'TERM_PROGRAM': 'vscode', 'ROS_DOMAIN_ID': '0', 'AMENT_PREFIX_PATH': '/home/robot/robot_ws/install/web_bridge:/home/robot/robot_ws/install/vision_ai_node:/home/robot/robot_ws/install/robot_ai:/home/robot/robot_ws/install/vision_msgs:/home/robot/robot_ws/install/robot_bringup:/home/robot/robot_ws/install/sllidar_ros2:/home/robot/robot_ws/install/robot_serial:/home/robot/robot_ws/install/robot_description:/home/robot/robot_ws/install/camera_node:/opt/ros/humble', 'SHELL': '/bin/bash', 'LESSCLOSE': '/usr/bin/lesspipe %s %s', 'PWD': '/home/robot/robot_ws/build/vision_ai_node', 'LC_ALL': 'en_US.UTF-8', 'SSH_CONNECTION': '192.168.61.171 58385 192.168.61.135 22', 'XDG_DATA_DIRS': '/usr/local/share:/usr/share:/var/lib/snapd/desktop', 'PYTHONPATH': '/home/robot/robot_ws/build/vision_ai_node/prefix_override:/usr/lib/python3/dist-packages/colcon_core/task/python/colcon_distutils_commands:/home/robot/robot_ws/install/vision_ai_node/lib/python3.10/site-packages:/home/robot/robot_ws/install/web_bridge/lib/python3.10/site-packages:/home/robot/robot_ws/install/vision_ai_node/lib/python3.10/site-packages:/home/robot/robot_ws/install/robot_ai/lib/python3.10/site-packages:/home/robot/robot_ws/install/vision_msgs/local/lib/python3.10/dist-packages:/home/robot/robot_ws/install/robot_serial/lib/python3.10/site-packages:/home/robot/robot_ws/install/camera_node/lib/python3.10/site-packages:/opt/ros/humble/lib/python3.10/site-packages:/opt/ros/humble/local/lib/python3.10/dist-packages', 'COLCON': '1', 'CMAKE_PREFIX_PATH': '/home/robot/robot_ws/install/vision_msgs:/home/robot/robot_ws/install/robot_bringup:/home/robot/robot_ws/install/sllidar_ros2:/home/robot/robot_ws/install/robot_description'}, 'shell': False}
[23.549885] (-) TimerEvent: {}
[23.650722] (-) TimerEvent: {}
[23.751569] (-) TimerEvent: {}
[23.852793] (-) TimerEvent: {}
[23.953808] (-) TimerEvent: {}
[24.054676] (-) TimerEvent: {}
[24.155782] (-) TimerEvent: {}
[24.258469] (-) TimerEvent: {}
[24.360661] (-) TimerEvent: {}
[24.461661] (-) TimerEvent: {}
[24.563356] (-) TimerEvent: {}
[24.664115] (-) TimerEvent: {}
[24.767953] (-) TimerEvent: {}
[24.869959] (-) TimerEvent: {}
[24.971964] (-) TimerEvent: {}
[25.072819] (-) TimerEvent: {}
[25.173566] (-) TimerEvent: {}
[25.193437] (vision_ai_node) StdoutLine: {'line': b'running egg_info\n'}
[25.197084] (vision_ai_node) StdoutLine: {'line': b'writing ../../build/vision_ai_node/vision_ai_node.egg-info/PKG-INFO\n'}
[25.273809] (-) TimerEvent: {}
[25.374820] (-) TimerEvent: {}
[25.476083] (-) TimerEvent: {}
[25.577053] (-) TimerEvent: {}
[25.678028] (-) TimerEvent: {}
[25.779036] (-) TimerEvent: {}
[25.880006] (-) TimerEvent: {}
[25.981036] (-) TimerEvent: {}
[26.081999] (-) TimerEvent: {}
[26.183027] (-) TimerEvent: {}
[26.284241] (-) TimerEvent: {}
[26.385075] (-) TimerEvent: {}
[26.485882] (-) TimerEvent: {}
[26.586727] (-) TimerEvent: {}
[26.687554] (-) TimerEvent: {}
[26.788649] (-) TimerEvent: {}
[26.889477] (-) TimerEvent: {}
[26.990524] (-) TimerEvent: {}
[27.091279] (-) TimerEvent: {}
[27.192025] (-) TimerEvent: {}
[27.292887] (-) TimerEvent: {}
[27.393992] (-) TimerEvent: {}
[27.494819] (-) TimerEvent: {}
[27.595612] (-) TimerEvent: {}
[27.696483] (-) TimerEvent: {}
[27.797307] (-) TimerEvent: {}
[27.898073] (-) TimerEvent: {}
[27.998882] (-) TimerEvent: {}
[28.099788] (-) TimerEvent: {}
[28.200676] (-) TimerEvent: {}
[28.301595] (-) TimerEvent: {}
[28.402518] (-) TimerEvent: {}
[28.503391] (-) TimerEvent: {}
[28.604384] (-) TimerEvent: {}
[40.326330] (vision_ai_node) StdoutLine: {'line': b'writing dependency_links to ../../build/vision_ai_node/vision_ai_node.egg-info/dependency_links.txt\n'}
[40.327806] (-) TimerEvent: {}
[40.428869] (-) TimerEvent: {}
[40.529614] (-) TimerEvent: {}
[40.630394] (-) TimerEvent: {}
[40.731186] (-) TimerEvent: {}
[40.832278] (-) TimerEvent: {}
[40.933316] (-) TimerEvent: {}
[41.034700] (-) TimerEvent: {}
[41.135797] (-) TimerEvent: {}
[41.236807] (-) TimerEvent: {}
[41.337778] (-) TimerEvent: {}
[41.438780] (-) TimerEvent: {}
[41.539802] (-) TimerEvent: {}
[41.640785] (-) TimerEvent: {}
[41.741741] (-) TimerEvent: {}
[41.842961] (-) TimerEvent: {}
[41.944127] (-) TimerEvent: {}
[42.045433] (-) TimerEvent: {}
[42.146281] (-) TimerEvent: {}
[42.247427] (-) TimerEvent: {}
[42.348592] (-) TimerEvent: {}
[42.449560] (-) TimerEvent: {}
[42.550527] (-) TimerEvent: {}
[42.651309] (-) TimerEvent: {}
[42.752335] (-) TimerEvent: {}
[42.853199] (-) TimerEvent: {}
[42.954272] (-) TimerEvent: {}
[43.055383] (-) TimerEvent: {}
[43.156355] (-) TimerEvent: {}
[43.257411] (-) TimerEvent: {}
[43.358428] (-) TimerEvent: {}
[43.459552] (-) TimerEvent: {}
[43.560644] (-) TimerEvent: {}
[43.661666] (-) TimerEvent: {}
[43.762771] (-) TimerEvent: {}
[43.863911] (-) TimerEvent: {}
[43.964948] (-) TimerEvent: {}
[44.066018] (-) TimerEvent: {}
[44.166950] (-) TimerEvent: {}
[44.268044] (-) TimerEvent: {}
[44.369178] (-) TimerEvent: {}
[44.470230] (-) TimerEvent: {}
[44.476734] (vision_ai_node) StdoutLine: {'line': b'writing entry points to ../../build/vision_ai_node/vision_ai_node.egg-info/entry_points.txt\n'}
[44.570489] (-) TimerEvent: {}
[44.671566] (-) TimerEvent: {}
[44.772524] (-) TimerEvent: {}
[44.873587] (-) TimerEvent: {}
[44.974710] (-) TimerEvent: {}
[45.075801] (-) TimerEvent: {}
[45.176722] (-) TimerEvent: {}
[45.277766] (-) TimerEvent: {}
[45.378831] (-) TimerEvent: {}
[45.479989] (-) TimerEvent: {}
[45.580952] (-) TimerEvent: {}
[45.682056] (-) TimerEvent: {}
[45.783088] (-) TimerEvent: {}
[45.884128] (-) TimerEvent: {}
[45.985347] (-) TimerEvent: {}
[46.086408] (-) TimerEvent: {}
[46.187492] (-) TimerEvent: {}
[46.288495] (-) TimerEvent: {}
[46.389446] (-) TimerEvent: {}
[46.490432] (-) TimerEvent: {}
[46.591473] (-) TimerEvent: {}
[46.692495] (-) TimerEvent: {}
[46.793570] (-) TimerEvent: {}
[46.894507] (-) TimerEvent: {}
[46.995415] (-) TimerEvent: {}
[47.096394] (-) TimerEvent: {}
[47.197432] (-) TimerEvent: {}
[47.298465] (-) TimerEvent: {}
[47.399648] (-) TimerEvent: {}
[47.500725] (-) TimerEvent: {}
[47.601767] (-) TimerEvent: {}
[47.702755] (-) TimerEvent: {}
[47.803847] (-) TimerEvent: {}
[47.822808] (vision_ai_node) StdoutLine: {'line': b'writing requirements to ../../build/vision_ai_node/vision_ai_node.egg-info/requires.txt\n'}
[47.824406] (vision_ai_node) StdoutLine: {'line': b'writing top-level names to ../../build/vision_ai_node/vision_ai_node.egg-info/top_level.txt\n'}
[47.837229] (vision_ai_node) StdoutLine: {'line': b"reading manifest file '../../build/vision_ai_node/vision_ai_node.egg-info/SOURCES.txt'\n"}
[47.904076] (-) TimerEvent: {}
[48.005102] (-) TimerEvent: {}
[48.106154] (-) TimerEvent: {}
[48.207239] (-) TimerEvent: {}
[48.308199] (-) TimerEvent: {}
[48.409227] (-) TimerEvent: {}
[48.510278] (-) TimerEvent: {}
[48.611423] (-) TimerEvent: {}
[48.712531] (-) TimerEvent: {}
[48.813498] (-) TimerEvent: {}
[48.914457] (-) TimerEvent: {}
[49.015416] (-) TimerEvent: {}
[49.116453] (-) TimerEvent: {}
[49.217487] (-) TimerEvent: {}
[49.318709] (-) TimerEvent: {}
[49.419853] (-) TimerEvent: {}
[49.521125] (-) TimerEvent: {}
[49.622282] (-) TimerEvent: {}
[49.723432] (-) TimerEvent: {}
[49.824616] (-) TimerEvent: {}
[49.925681] (-) TimerEvent: {}
[50.026655] (-) TimerEvent: {}
[50.127723] (-) TimerEvent: {}
[50.228695] (-) TimerEvent: {}
[50.329681] (-) TimerEvent: {}
[50.430759] (-) TimerEvent: {}
[50.531867] (-) TimerEvent: {}
[50.632976] (-) TimerEvent: {}
[50.734085] (-) TimerEvent: {}
[50.835064] (-) TimerEvent: {}
[50.936183] (-) TimerEvent: {}
[51.037357] (-) TimerEvent: {}
[51.138602] (-) TimerEvent: {}
[51.239703] (-) TimerEvent: {}
[51.340798] (-) TimerEvent: {}
[51.441712] (-) TimerEvent: {}
[51.542757] (-) TimerEvent: {}
[51.643967] (-) TimerEvent: {}
[51.745040] (-) TimerEvent: {}
[51.846117] (-) TimerEvent: {}
[51.947089] (-) TimerEvent: {}
[52.048189] (-) TimerEvent: {}
[52.149431] (-) TimerEvent: {}
[52.250621] (-) TimerEvent: {}
[52.351815] (-) TimerEvent: {}
[52.452910] (-) TimerEvent: {}
[52.554269] (-) TimerEvent: {}
[52.655376] (-) TimerEvent: {}
[52.756407] (-) TimerEvent: {}
[52.857651] (-) TimerEvent: {}
[52.958821] (-) TimerEvent: {}
[53.059891] (-) TimerEvent: {}
[53.161053] (-) TimerEvent: {}
[53.262163] (-) TimerEvent: {}
[53.363329] (-) TimerEvent: {}
[53.464489] (-) TimerEvent: {}
[53.565488] (-) TimerEvent: {}
[53.666685] (-) TimerEvent: {}
[53.767649] (-) TimerEvent: {}
[53.868710] (-) TimerEvent: {}
[53.969848] (-) TimerEvent: {}
[54.071030] (-) TimerEvent: {}
[54.172064] (-) TimerEvent: {}
[54.273118] (-) TimerEvent: {}
[54.374287] (-) TimerEvent: {}
[54.475395] (-) TimerEvent: {}
[54.576395] (-) TimerEvent: {}
[54.677321] (-) TimerEvent: {}
[54.778415] (-) TimerEvent: {}
[54.879492] (-) TimerEvent: {}
[54.980792] (-) TimerEvent: {}
[55.081834] (-) TimerEvent: {}
[55.182861] (-) TimerEvent: {}
[63.754740] (vision_ai_node) StdoutLine: {'line': b"writing manifest file '../../build/vision_ai_node/vision_ai_node.egg-info/SOURCES.txt'\n"}
[63.756264] (-) TimerEvent: {}
[63.858090] (-) TimerEvent: {}
[63.959917] (-) TimerEvent: {}
[64.060970] (-) TimerEvent: {}
[64.162088] (-) TimerEvent: {}
[64.263180] (-) TimerEvent: {}
[64.364188] (-) TimerEvent: {}
[64.465277] (-) TimerEvent: {}
[64.566443] (-) TimerEvent: {}
[64.667536] (-) TimerEvent: {}
[64.768469] (-) TimerEvent: {}
[64.869380] (-) TimerEvent: {}
[64.893180] (vision_ai_node) StdoutLine: {'line': b'running build\n'}
[64.894403] (vision_ai_node) StdoutLine: {'line': b'running build_py\n'}
[64.897032] (vision_ai_node) StdoutLine: {'line': b'running install\n'}
[64.899469] (vision_ai_node) StdoutLine: {'line': b'running install_lib\n'}
[64.907793] (vision_ai_node) StdoutLine: {'line': b'running install_data\n'}
[64.909870] (vision_ai_node) StdoutLine: {'line': b'running install_egg_info\n'}
[64.918799] (vision_ai_node) StdoutLine: {'line': b"removing '/home/robot/robot_ws/install/vision_ai_node/lib/python3.10/site-packages/vision_ai_node-1.0.0-py3.10.egg-info' (and everything under it)\n"}
[64.969596] (-) TimerEvent: {}
[65.070920] (-) TimerEvent: {}
[65.172494] (-) TimerEvent: {}
[65.273601] (-) TimerEvent: {}
[65.374601] (-) TimerEvent: {}
[65.475831] (-) TimerEvent: {}
[65.576831] (-) TimerEvent: {}
[65.678079] (-) TimerEvent: {}
[65.779232] (-) TimerEvent: {}
[65.880395] (-) TimerEvent: {}
[65.981299] (-) TimerEvent: {}
[66.082356] (-) TimerEvent: {}
[66.183729] (-) TimerEvent: {}
[66.287972] (-) TimerEvent: {}
[66.389804] (-) TimerEvent: {}
[66.490891] (-) TimerEvent: {}
[66.591949] (-) TimerEvent: {}
[66.693156] (-) TimerEvent: {}
[66.794374] (-) TimerEvent: {}
[66.895576] (-) TimerEvent: {}
[66.996618] (-) TimerEvent: {}
[67.097504] (-) TimerEvent: {}
[67.198464] (-) TimerEvent: {}
[67.299722] (-) TimerEvent: {}
[67.400727] (-) TimerEvent: {}
[67.501892] (-) TimerEvent: {}
[67.603038] (-) TimerEvent: {}
[67.704153] (-) TimerEvent: {}
[67.805416] (-) TimerEvent: {}
[67.906479] (-) TimerEvent: {}
[68.007601] (-) TimerEvent: {}
[68.108702] (-) TimerEvent: {}
[68.209850] (-) TimerEvent: {}
[68.310911] (-) TimerEvent: {}
[68.412108] (-) TimerEvent: {}
[68.513297] (-) TimerEvent: {}
[68.614449] (-) TimerEvent: {}
[68.715576] (-) TimerEvent: {}
[68.816664] (-) TimerEvent: {}
[68.917797] (-) TimerEvent: {}
[69.018902] (-) TimerEvent: {}
[69.119968] (-) TimerEvent: {}
[69.221090] (-) TimerEvent: {}
[69.322324] (-) TimerEvent: {}
[69.423480] (-) TimerEvent: {}
[69.524753] (-) TimerEvent: {}
[69.625750] (-) TimerEvent: {}
[69.726714] (-) TimerEvent: {}
[69.827740] (-) TimerEvent: {}
[69.928723] (-) TimerEvent: {}
[70.029844] (-) TimerEvent: {}
[70.130973] (-) TimerEvent: {}
[70.232070] (-) TimerEvent: {}
[70.333049] (-) TimerEvent: {}
[70.434163] (-) TimerEvent: {}
[70.681461] (-) TimerEvent: {}
[70.782638] (-) TimerEvent: {}
[70.883689] (-) TimerEvent: {}
[70.984499] (-) TimerEvent: {}
[71.085675] (-) TimerEvent: {}
[71.186846] (-) TimerEvent: {}
[71.288026] (-) TimerEvent: {}
[71.389057] (-) TimerEvent: {}
[71.490350] (-) TimerEvent: {}
[71.591592] (-) TimerEvent: {}
[71.692677] (-) TimerEvent: {}
[71.793728] (-) TimerEvent: {}
[71.894807] (-) TimerEvent: {}
[71.996055] (-) TimerEvent: {}
[72.097128] (-) TimerEvent: {}
[72.198139] (-) TimerEvent: {}
[72.299225] (-) TimerEvent: {}
[72.400202] (-) TimerEvent: {}
[72.501376] (-) TimerEvent: {}
[72.602548] (-) TimerEvent: {}
[72.703515] (-) TimerEvent: {}
[72.804550] (-) TimerEvent: {}
[72.905596] (-) TimerEvent: {}
[73.006621] (-) TimerEvent: {}
[73.107616] (-) TimerEvent: {}
[73.208844] (-) TimerEvent: {}
[73.309923] (-) TimerEvent: {}
[73.411009] (-) TimerEvent: {}
[73.512276] (-) TimerEvent: {}
[73.613334] (-) TimerEvent: {}
[73.714463] (-) TimerEvent: {}
[73.815536] (-) TimerEvent: {}
[73.916687] (-) TimerEvent: {}
[74.017724] (-) TimerEvent: {}
[74.118680] (-) TimerEvent: {}
[74.219592] (-) TimerEvent: {}
[74.320620] (-) TimerEvent: {}
[74.421588] (-) TimerEvent: {}
[74.522614] (-) TimerEvent: {}
[74.623806] (-) TimerEvent: {}
[74.725028] (-) TimerEvent: {}
[74.826126] (-) TimerEvent: {}
[74.927217] (-) TimerEvent: {}
[75.028438] (-) TimerEvent: {}
[75.129543] (-) TimerEvent: {}
[75.230555] (-) TimerEvent: {}
[75.331494] (-) TimerEvent: {}
[75.432730] (-) TimerEvent: {}
[75.533903] (-) TimerEvent: {}
[75.634941] (-) TimerEvent: {}
[75.736155] (-) TimerEvent: {}
[75.837338] (-) TimerEvent: {}
[75.938519] (-) TimerEvent: {}
[76.039689] (-) TimerEvent: {}
[76.140765] (-) TimerEvent: {}
[76.241810] (-) TimerEvent: {}
[76.342874] (-) TimerEvent: {}
[76.443985] (-) TimerEvent: {}
[76.545132] (-) TimerEvent: {}
[76.646373] (-) TimerEvent: {}
[76.747491] (-) TimerEvent: {}
[76.848552] (-) TimerEvent: {}
[76.949719] (-) TimerEvent: {}
[77.051020] (-) TimerEvent: {}
[77.152249] (-) TimerEvent: {}
[77.253405] (-) TimerEvent: {}
[77.354633] (-) TimerEvent: {}
[77.455810] (-) TimerEvent: {}
[77.556965] (-) TimerEvent: {}
[77.658057] (-) TimerEvent: {}
[77.759225] (-) TimerEvent: {}
[77.860432] (-) TimerEvent: {}
[77.961635] (-) TimerEvent: {}
[78.062661] (-) TimerEvent: {}
[78.163814] (-) TimerEvent: {}
[78.264878] (-) TimerEvent: {}
[78.365981] (-) TimerEvent: {}
[78.467154] (-) TimerEvent: {}
[78.568354] (-) TimerEvent: {}
[78.669434] (-) TimerEvent: {}
[78.770553] (-) TimerEvent: {}
[78.871614] (-) TimerEvent: {}
[78.972834] (-) TimerEvent: {}
[79.074086] (-) TimerEvent: {}
[79.175207] (-) TimerEvent: {}
[79.276241] (-) TimerEvent: {}
[79.377390] (-) TimerEvent: {}
[79.478495] (-) TimerEvent: {}
[79.579701] (-) TimerEvent: {}
[79.680913] (-) TimerEvent: {}
[79.781992] (-) TimerEvent: {}
[79.882944] (-) TimerEvent: {}
[79.984192] (-) TimerEvent: {}
[80.085307] (-) TimerEvent: {}
[80.186447] (-) TimerEvent: {}
[80.287712] (-) TimerEvent: {}
[80.388849] (-) TimerEvent: {}
[80.490033] (-) TimerEvent: {}
[80.590899] (-) TimerEvent: {}
[80.691865] (-) TimerEvent: {}
[80.793049] (-) TimerEvent: {}
[80.894168] (-) TimerEvent: {}
[80.995162] (-) TimerEvent: {}
[81.096326] (-) TimerEvent: {}
[81.197438] (-) TimerEvent: {}
[81.298529] (-) TimerEvent: {}
[81.399481] (-) TimerEvent: {}
[81.500626] (-) TimerEvent: {}
[81.601627] (-) TimerEvent: {}
[81.702663] (-) TimerEvent: {}
[81.803611] (-) TimerEvent: {}
[81.904761] (-) TimerEvent: {}
[82.005807] (-) TimerEvent: {}
[82.106662] (-) TimerEvent: {}
[82.207721] (-) TimerEvent: {}
[82.308719] (-) TimerEvent: {}
[82.409602] (-) TimerEvent: {}
[82.510687] (-) TimerEvent: {}
[82.611726] (-) TimerEvent: {}
[82.712761] (-) TimerEvent: {}
[82.813903] (-) TimerEvent: {}
[82.915044] (-) TimerEvent: {}
[83.016253] (-) TimerEvent: {}
[84.900166] (vision_ai_node) StdoutLine: {'line': b'Copying ../../build/vision_ai_node/vision_ai_node.egg-info to /home/robot/robot_ws/install/vision_ai_node/lib/python3.10/site-packages/vision_ai_node-1.0.0-py3.10.egg-info\n'}
[84.901229] (-) TimerEvent: {}
[85.005272] (-) TimerEvent: {}
[85.106285] (-) TimerEvent: {}
[85.206995] (-) TimerEvent: {}
[85.307832] (-) TimerEvent: {}
[85.408900] (-) TimerEvent: {}
[85.509823] (-) TimerEvent: {}
[85.610777] (-) TimerEvent: {}
[85.711797] (-) TimerEvent: {}
[85.812686] (-) TimerEvent: {}
[85.913687] (-) TimerEvent: {}
[86.014725] (-) TimerEvent: {}
[86.108627] (vision_ai_node) StdoutLine: {'line': b'running install_scripts\n'}
[86.115070] (-) TimerEvent: {}
[86.210526] (vision_ai_node) StdoutLine: {'line': b'Installing vision_ai_node script to /home/robot/robot_ws/install/vision_ai_node/lib/vision_ai_node\n'}
[86.212243] (vision_ai_node) StdoutLine: {'line': b"writing list of installed files to '/home/robot/robot_ws/build/vision_ai_node/install.log'\n"}
[86.215381] (-) TimerEvent: {}
[86.316779] (-) TimerEvent: {}
[86.334167] (vision_ai_node) CommandEnded: {'returncode': 0}
[86.369994] (vision_ai_node) JobEnded: {'identifier': 'vision_ai_node', 'rc': 0}
[86.373539] (-) EventReactorShutdown: {}
