[0.000000] (-) TimerEvent: {}
[0.000743] (camera_node) JobQueued: {'identifier': 'camera_node', 'dependencies': OrderedDict()}
[0.001440] (-) TimerEvent: {}
[0.002068] (robot_description) JobQueued: {'identifier': 'robot_description', 'dependencies': OrderedDict()}
[0.002335] (robot_serial) JobQueued: {'identifier': 'robot_serial', 'dependencies': OrderedDict()}
[0.002546] (sllidar_ros2) JobQueued: {'identifier': 'sllidar_ros2', 'dependencies': OrderedDict()}
[0.002993] (vision_msgs) JobQueued: {'identifier': 'vision_msgs', 'dependencies': OrderedDict()}
[0.008832] (robot_ai) JobQueued: {'identifier': 'robot_ai', 'dependencies': OrderedDict([('vision_msgs', '/home/robot/robot_ws/install/vision_msgs')])}
[0.010124] (robot_bringup) JobQueued: {'identifier': 'robot_bringup', 'dependencies': OrderedDict([('robot_description', '/home/robot/robot_ws/install/robot_description'), ('sllidar_ros2', '/home/robot/robot_ws/install/sllidar_ros2')])}
[0.010414] (vision_ai_node) JobQueued: {'identifier': 'vision_ai_node', 'dependencies': OrderedDict([('vision_msgs', '/home/robot/robot_ws/install/vision_msgs')])}
[0.010954] (vision_msgs) JobStarted: {'identifier': 'vision_msgs'}
[0.012040] (robot_description) JobStarted: {'identifier': 'robot_description'}
[0.035318] (sllidar_ros2) JobStarted: {'identifier': 'sllidar_ros2'}
[0.059936] (camera_node) JobStarted: {'identifier': 'camera_node'}
[0.102378] (-) TimerEvent: {}
[0.116831] (vision_msgs) JobProgress: {'identifier': 'vision_msgs', 'progress': 'cmake'}
[0.120044] (vision_msgs) Command: {'cmd': ['/usr/bin/cmake', '/home/robot/robot_ws/src/vision_msgs', '-DCMAKE_INSTALL_PREFIX=/home/robot/robot_ws/install/vision_msgs'], 'cwd': '/home/robot/robot_ws/build/vision_msgs', 'env': OrderedDict([('LESSOPEN', '| /usr/bin/lesspipe %s'), ('USER', 'robot'), ('SSH_CLIENT', '192.168.1.88 62124 22'), ('XDG_SESSION_TYPE', 'tty'), ('GIT_ASKPASS', '/home/robot/.vscode-server/cli/servers/Stable-1b6a188127eeaf9194f945eb6eb89a657e93c54c/server/extensions/git/dist/askpass.sh'), ('SHLVL', '1'), ('LD_LIBRARY_PATH', '/home/robot/robot_ws/install/vision_msgs/lib:/opt/ros/humble/opt/rviz_ogre_vendor/lib:/opt/ros/humble/lib/aarch64-linux-gnu:/opt/ros/humble/lib'), ('BROWSER', '/home/robot/.vscode-server/cli/servers/Stable-1b6a188127eeaf9194f945eb6eb89a657e93c54c/server/bin/helpers/browser.sh'), ('MOTD_SHOWN', 'pam'), ('HOME', '/home/robot'), ('OLDPWD', '/home/robot/robot_ws'), ('TERM_PROGRAM_VERSION', '1.130.0'), ('VSCODE_IPC_HOOK_CLI', '/run/user/1000/vscode-ipc-590b6df8-ecea-44ec-b569-7876fc689e68.sock'), ('ROS_PYTHON_VERSION', '3'), ('VSCODE_GIT_ASKPASS_MAIN', '/home/robot/.vscode-server/cli/servers/Stable-1b6a188127eeaf9194f945eb6eb89a657e93c54c/server/extensions/git/dist/askpass-main.js'), ('VSCODE_GIT_ASKPASS_NODE', '/home/robot/.vscode-server/cli/servers/Stable-1b6a188127eeaf9194f945eb6eb89a657e93c54c/server/node'), ('VSCODE_PYTHON_AUTOACTIVATE_GUARD', '1'), ('DBUS_SESSION_BUS_ADDRESS', 'unix:path=/run/user/1000/bus'), ('COLORTERM', 'truecolor'), ('COLCON_PREFIX_PATH', '/home/robot/robot_ws/install'), ('ROS_DISTRO', 'humble'), ('LOGNAME', 'robot'), ('_', '/usr/bin/colcon'), ('ROS_VERSION', '2'), ('XDG_SESSION_CLASS', 'user'), ('TERM', 'xterm-256color'), ('XDG_SESSION_ID', '3'), ('ROS_LOCALHOST_ONLY', '0'), ('PATH', '/home/robot/.vscode-server/data/User/globalStorage/github.copilot-chat/debugCommand:/home/robot/.vscode-server/data/User/globalStorage/github.copilot-chat/copilotCli:/home/robot/.vscode-server/cli/servers/Stable-1b6a188127eeaf9194f945eb6eb89a657e93c54c/server/bin/remote-cli:/home/robot/.local/bin:/home/robot/robot_ws/install/esp32_ros2_bridge/bin:/opt/ros/humble/bin:/usr/local/sbin:/usr/local/bin:/usr/sbin:/usr/bin:/sbin:/bin:/usr/games:/usr/local/games:/snap/bin'), ('XDG_RUNTIME_DIR', '/run/user/1000'), ('LANG', 'en_US.UTF-8'), ('LS_COLORS', 'rs=0:di=01;34:ln=01;36:mh=00:pi=40;33:so=01;35:do=01;35:bd=40;33;01:cd=40;33;01:or=40;31;01:mi=00:su=37;41:sg=30;43:ca=30;41:tw=30;42:ow=34;42:st=37;44:ex=01;32:*.tar=01;31:*.tgz=01;31:*.arc=01;31:*.arj=01;31:*.taz=01;31:*.lha=01;31:*.lz4=01;31:*.lzh=01;31:*.lzma=01;31:*.tlz=01;31:*.txz=01;31:*.tzo=01;31:*.t7z=01;31:*.zip=01;31:*.z=01;31:*.dz=01;31:*.gz=01;31:*.lrz=01;31:*.lz=01;31:*.lzo=01;31:*.xz=01;31:*.zst=01;31:*.tzst=01;31:*.bz2=01;31:*.bz=01;31:*.tbz=01;31:*.tbz2=01;31:*.tz=01;31:*.deb=01;31:*.rpm=01;31:*.jar=01;31:*.war=01;31:*.ear=01;31:*.sar=01;31:*.rar=01;31:*.alz=01;31:*.ace=01;31:*.zoo=01;31:*.cpio=01;31:*.7z=01;31:*.rz=01;31:*.cab=01;31:*.wim=01;31:*.swm=01;31:*.dwm=01;31:*.esd=01;31:*.jpg=01;35:*.jpeg=01;35:*.mjpg=01;35:*.mjpeg=01;35:*.gif=01;35:*.bmp=01;35:*.pbm=01;35:*.pgm=01;35:*.ppm=01;35:*.tga=01;35:*.xbm=01;35:*.xpm=01;35:*.tif=01;35:*.tiff=01;35:*.png=01;35:*.svg=01;35:*.svgz=01;35:*.mng=01;35:*.pcx=01;35:*.mov=01;35:*.mpg=01;35:*.mpeg=01;35:*.m2v=01;35:*.mkv=01;35:*.webm=01;35:*.webp=01;35:*.ogm=01;35:*.mp4=01;35:*.m4v=01;35:*.mp4v=01;35:*.vob=01;35:*.qt=01;35:*.nuv=01;35:*.wmv=01;35:*.asf=01;35:*.rm=01;35:*.rmvb=01;35:*.flc=01;35:*.avi=01;35:*.fli=01;35:*.flv=01;35:*.gl=01;35:*.dl=01;35:*.xcf=01;35:*.xwd=01;35:*.yuv=01;35:*.cgm=01;35:*.emf=01;35:*.ogv=01;35:*.ogx=01;35:*.aac=00;36:*.au=00;36:*.flac=00;36:*.m4a=00;36:*.mid=00;36:*.midi=00;36:*.mka=00;36:*.mp3=00;36:*.mpc=00;36:*.ogg=00;36:*.ra=00;36:*.wav=00;36:*.oga=00;36:*.opus=00;36:*.spx=00;36:*.xspf=00;36:'), ('VSCODE_GIT_IPC_HANDLE', '/run/user/1000/vscode-git-7db71fe166.sock'), ('TERM_PROGRAM', 'vscode'), ('AMENT_PREFIX_PATH', '/home/robot/robot_ws/install/vision_ai_node:/home/robot/robot_ws/install/robot_ai:/home/robot/robot_ws/install/vision_msgs:/home/robot/robot_ws/install/robot_bringup:/home/robot/robot_ws/install/sllidar_ros2:/home/robot/robot_ws/install/robot_serial:/home/robot/robot_ws/install/robot_description:/home/robot/robot_ws/install/robot_camera:/home/robot/robot_ws/install/esp32_ros2_bridge:/home/robot/robot_ws/install/camera_node:/opt/ros/humble'), ('SHELL', '/bin/bash'), ('LESSCLOSE', '/usr/bin/lesspipe %s %s'), ('VSCODE_GIT_ASKPASS_EXTRA_ARGS', ''), ('PWD', '/home/robot/robot_ws/build/vision_msgs'), ('LC_ALL', 'en_US.UTF-8'), ('COPILOT_DEBUG_NONCE', 'cb1825ebc9d7300a5c5f8b48b9d9b175'), ('SSH_CONNECTION', '192.168.1.88 62124 192.168.1.253 22'), ('XDG_DATA_DIRS', '/usr/local/share:/usr/share:/var/lib/snapd/desktop'), ('PYTHONPATH', '/home/robot/robot_ws/install/vision_ai_node/lib/python3.10/site-packages:/home/robot/robot_ws/install/robot_ai/lib/python3.10/site-packages:/home/robot/robot_ws/install/vision_msgs/local/lib/python3.10/dist-packages:/home/robot/robot_ws/install/robot_serial/lib/python3.10/site-packages:/home/robot/robot_ws/build/robot_camera:/home/robot/robot_ws/install/robot_camera/lib/python3.10/site-packages:/home/robot/robot_ws/build/esp32_ros2_bridge:/home/robot/robot_ws/install/esp32_ros2_bridge/lib/python3.10/site-packages:/home/robot/robot_ws/install/camera_node/lib/python3.10/site-packages:/opt/ros/humble/lib/python3.10/site-packages:/opt/ros/humble/local/lib/python3.10/dist-packages'), ('COLCON', '1'), ('CMAKE_PREFIX_PATH', '/home/robot/robot_ws/install/vision_msgs:/home/robot/robot_ws/install/robot_bringup:/home/robot/robot_ws/install/sllidar_ros2:/home/robot/robot_ws/install/robot_description:/home/robot/robot_ws/install/vision_ai_node:/home/robot/robot_ws/install/robot_ai:/home/robot/robot_ws/install/robot_serial:/home/robot/robot_ws/install/robot_camera:/home/robot/robot_ws/install/esp32_ros2_bridge:/home/robot/robot_ws/install/camera_node:/opt/ros/humble')]), 'shell': False}
[0.148692] (robot_description) JobProgress: {'identifier': 'robot_description', 'progress': 'cmake'}
[0.151514] (robot_description) Command: {'cmd': ['/usr/bin/cmake', '/home/robot/robot_ws/src/robot_description', '-DCMAKE_INSTALL_PREFIX=/home/robot/robot_ws/install/robot_description'], 'cwd': '/home/robot/robot_ws/build/robot_description', 'env': OrderedDict([('LESSOPEN', '| /usr/bin/lesspipe %s'), ('USER', 'robot'), ('SSH_CLIENT', '192.168.1.88 62124 22'), ('XDG_SESSION_TYPE', 'tty'), ('GIT_ASKPASS', '/home/robot/.vscode-server/cli/servers/Stable-1b6a188127eeaf9194f945eb6eb89a657e93c54c/server/extensions/git/dist/askpass.sh'), ('SHLVL', '1'), ('LD_LIBRARY_PATH', '/home/robot/robot_ws/install/vision_msgs/lib:/opt/ros/humble/opt/rviz_ogre_vendor/lib:/opt/ros/humble/lib/aarch64-linux-gnu:/opt/ros/humble/lib'), ('BROWSER', '/home/robot/.vscode-server/cli/servers/Stable-1b6a188127eeaf9194f945eb6eb89a657e93c54c/server/bin/helpers/browser.sh'), ('MOTD_SHOWN', 'pam'), ('HOME', '/home/robot'), ('OLDPWD', '/home/robot/robot_ws'), ('TERM_PROGRAM_VERSION', '1.130.0'), ('VSCODE_IPC_HOOK_CLI', '/run/user/1000/vscode-ipc-590b6df8-ecea-44ec-b569-7876fc689e68.sock'), ('ROS_PYTHON_VERSION', '3'), ('VSCODE_GIT_ASKPASS_MAIN', '/home/robot/.vscode-server/cli/servers/Stable-1b6a188127eeaf9194f945eb6eb89a657e93c54c/server/extensions/git/dist/askpass-main.js'), ('VSCODE_GIT_ASKPASS_NODE', '/home/robot/.vscode-server/cli/servers/Stable-1b6a188127eeaf9194f945eb6eb89a657e93c54c/server/node'), ('VSCODE_PYTHON_AUTOACTIVATE_GUARD', '1'), ('DBUS_SESSION_BUS_ADDRESS', 'unix:path=/run/user/1000/bus'), ('COLORTERM', 'truecolor'), ('COLCON_PREFIX_PATH', '/home/robot/robot_ws/install'), ('ROS_DISTRO', 'humble'), ('LOGNAME', 'robot'), ('_', '/usr/bin/colcon'), ('ROS_VERSION', '2'), ('XDG_SESSION_CLASS', 'user'), ('TERM', 'xterm-256color'), ('XDG_SESSION_ID', '3'), ('ROS_LOCALHOST_ONLY', '0'), ('PATH', '/home/robot/.vscode-server/data/User/globalStorage/github.copilot-chat/debugCommand:/home/robot/.vscode-server/data/User/globalStorage/github.copilot-chat/copilotCli:/home/robot/.vscode-server/cli/servers/Stable-1b6a188127eeaf9194f945eb6eb89a657e93c54c/server/bin/remote-cli:/home/robot/.local/bin:/home/robot/robot_ws/install/esp32_ros2_bridge/bin:/opt/ros/humble/bin:/usr/local/sbin:/usr/local/bin:/usr/sbin:/usr/bin:/sbin:/bin:/usr/games:/usr/local/games:/snap/bin'), ('XDG_RUNTIME_DIR', '/run/user/1000'), ('LANG', 'en_US.UTF-8'), ('LS_COLORS', 'rs=0:di=01;34:ln=01;36:mh=00:pi=40;33:so=01;35:do=01;35:bd=40;33;01:cd=40;33;01:or=40;31;01:mi=00:su=37;41:sg=30;43:ca=30;41:tw=30;42:ow=34;42:st=37;44:ex=01;32:*.tar=01;31:*.tgz=01;31:*.arc=01;31:*.arj=01;31:*.taz=01;31:*.lha=01;31:*.lz4=01;31:*.lzh=01;31:*.lzma=01;31:*.tlz=01;31:*.txz=01;31:*.tzo=01;31:*.t7z=01;31:*.zip=01;31:*.z=01;31:*.dz=01;31:*.gz=01;31:*.lrz=01;31:*.lz=01;31:*.lzo=01;31:*.xz=01;31:*.zst=01;31:*.tzst=01;31:*.bz2=01;31:*.bz=01;31:*.tbz=01;31:*.tbz2=01;31:*.tz=01;31:*.deb=01;31:*.rpm=01;31:*.jar=01;31:*.war=01;31:*.ear=01;31:*.sar=01;31:*.rar=01;31:*.alz=01;31:*.ace=01;31:*.zoo=01;31:*.cpio=01;31:*.7z=01;31:*.rz=01;31:*.cab=01;31:*.wim=01;31:*.swm=01;31:*.dwm=01;31:*.esd=01;31:*.jpg=01;35:*.jpeg=01;35:*.mjpg=01;35:*.mjpeg=01;35:*.gif=01;35:*.bmp=01;35:*.pbm=01;35:*.pgm=01;35:*.ppm=01;35:*.tga=01;35:*.xbm=01;35:*.xpm=01;35:*.tif=01;35:*.tiff=01;35:*.png=01;35:*.svg=01;35:*.svgz=01;35:*.mng=01;35:*.pcx=01;35:*.mov=01;35:*.mpg=01;35:*.mpeg=01;35:*.m2v=01;35:*.mkv=01;35:*.webm=01;35:*.webp=01;35:*.ogm=01;35:*.mp4=01;35:*.m4v=01;35:*.mp4v=01;35:*.vob=01;35:*.qt=01;35:*.nuv=01;35:*.wmv=01;35:*.asf=01;35:*.rm=01;35:*.rmvb=01;35:*.flc=01;35:*.avi=01;35:*.fli=01;35:*.flv=01;35:*.gl=01;35:*.dl=01;35:*.xcf=01;35:*.xwd=01;35:*.yuv=01;35:*.cgm=01;35:*.emf=01;35:*.ogv=01;35:*.ogx=01;35:*.aac=00;36:*.au=00;36:*.flac=00;36:*.m4a=00;36:*.mid=00;36:*.midi=00;36:*.mka=00;36:*.mp3=00;36:*.mpc=00;36:*.ogg=00;36:*.ra=00;36:*.wav=00;36:*.oga=00;36:*.opus=00;36:*.spx=00;36:*.xspf=00;36:'), ('VSCODE_GIT_IPC_HANDLE', '/run/user/1000/vscode-git-7db71fe166.sock'), ('TERM_PROGRAM', 'vscode'), ('AMENT_PREFIX_PATH', '/home/robot/robot_ws/install/vision_ai_node:/home/robot/robot_ws/install/robot_ai:/home/robot/robot_ws/install/vision_msgs:/home/robot/robot_ws/install/robot_bringup:/home/robot/robot_ws/install/sllidar_ros2:/home/robot/robot_ws/install/robot_serial:/home/robot/robot_ws/install/robot_description:/home/robot/robot_ws/install/robot_camera:/home/robot/robot_ws/install/esp32_ros2_bridge:/home/robot/robot_ws/install/camera_node:/opt/ros/humble'), ('SHELL', '/bin/bash'), ('LESSCLOSE', '/usr/bin/lesspipe %s %s'), ('VSCODE_GIT_ASKPASS_EXTRA_ARGS', ''), ('PWD', '/home/robot/robot_ws/build/robot_description'), ('LC_ALL', 'en_US.UTF-8'), ('COPILOT_DEBUG_NONCE', 'cb1825ebc9d7300a5c5f8b48b9d9b175'), ('SSH_CONNECTION', '192.168.1.88 62124 192.168.1.253 22'), ('XDG_DATA_DIRS', '/usr/local/share:/usr/share:/var/lib/snapd/desktop'), ('PYTHONPATH', '/home/robot/robot_ws/install/vision_ai_node/lib/python3.10/site-packages:/home/robot/robot_ws/install/robot_ai/lib/python3.10/site-packages:/home/robot/robot_ws/install/vision_msgs/local/lib/python3.10/dist-packages:/home/robot/robot_ws/install/robot_serial/lib/python3.10/site-packages:/home/robot/robot_ws/build/robot_camera:/home/robot/robot_ws/install/robot_camera/lib/python3.10/site-packages:/home/robot/robot_ws/build/esp32_ros2_bridge:/home/robot/robot_ws/install/esp32_ros2_bridge/lib/python3.10/site-packages:/home/robot/robot_ws/install/camera_node/lib/python3.10/site-packages:/opt/ros/humble/lib/python3.10/site-packages:/opt/ros/humble/local/lib/python3.10/dist-packages'), ('COLCON', '1'), ('CMAKE_PREFIX_PATH', '/home/robot/robot_ws/install/vision_msgs:/home/robot/robot_ws/install/robot_bringup:/home/robot/robot_ws/install/sllidar_ros2:/home/robot/robot_ws/install/robot_description:/home/robot/robot_ws/install/vision_ai_node:/home/robot/robot_ws/install/robot_ai:/home/robot/robot_ws/install/robot_serial:/home/robot/robot_ws/install/robot_camera:/home/robot/robot_ws/install/esp32_ros2_bridge:/home/robot/robot_ws/install/camera_node:/opt/ros/humble')]), 'shell': False}
[0.165951] (sllidar_ros2) JobProgress: {'identifier': 'sllidar_ros2', 'progress': 'cmake'}
[0.169174] (sllidar_ros2) Command: {'cmd': ['/usr/bin/cmake', '/home/robot/robot_ws/src/sllidar_ros2', '-DCMAKE_INSTALL_PREFIX=/home/robot/robot_ws/install/sllidar_ros2'], 'cwd': '/home/robot/robot_ws/build/sllidar_ros2', 'env': OrderedDict([('LESSOPEN', '| /usr/bin/lesspipe %s'), ('USER', 'robot'), ('SSH_CLIENT', '192.168.1.88 62124 22'), ('XDG_SESSION_TYPE', 'tty'), ('GIT_ASKPASS', '/home/robot/.vscode-server/cli/servers/Stable-1b6a188127eeaf9194f945eb6eb89a657e93c54c/server/extensions/git/dist/askpass.sh'), ('SHLVL', '1'), ('LD_LIBRARY_PATH', '/home/robot/robot_ws/install/vision_msgs/lib:/opt/ros/humble/opt/rviz_ogre_vendor/lib:/opt/ros/humble/lib/aarch64-linux-gnu:/opt/ros/humble/lib'), ('BROWSER', '/home/robot/.vscode-server/cli/servers/Stable-1b6a188127eeaf9194f945eb6eb89a657e93c54c/server/bin/helpers/browser.sh'), ('MOTD_SHOWN', 'pam'), ('HOME', '/home/robot'), ('OLDPWD', '/home/robot/robot_ws'), ('TERM_PROGRAM_VERSION', '1.130.0'), ('VSCODE_IPC_HOOK_CLI', '/run/user/1000/vscode-ipc-590b6df8-ecea-44ec-b569-7876fc689e68.sock'), ('ROS_PYTHON_VERSION', '3'), ('VSCODE_GIT_ASKPASS_MAIN', '/home/robot/.vscode-server/cli/servers/Stable-1b6a188127eeaf9194f945eb6eb89a657e93c54c/server/extensions/git/dist/askpass-main.js'), ('VSCODE_GIT_ASKPASS_NODE', '/home/robot/.vscode-server/cli/servers/Stable-1b6a188127eeaf9194f945eb6eb89a657e93c54c/server/node'), ('VSCODE_PYTHON_AUTOACTIVATE_GUARD', '1'), ('DBUS_SESSION_BUS_ADDRESS', 'unix:path=/run/user/1000/bus'), ('COLORTERM', 'truecolor'), ('COLCON_PREFIX_PATH', '/home/robot/robot_ws/install'), ('ROS_DISTRO', 'humble'), ('LOGNAME', 'robot'), ('_', '/usr/bin/colcon'), ('ROS_VERSION', '2'), ('XDG_SESSION_CLASS', 'user'), ('TERM', 'xterm-256color'), ('XDG_SESSION_ID', '3'), ('ROS_LOCALHOST_ONLY', '0'), ('PATH', '/home/robot/.vscode-server/data/User/globalStorage/github.copilot-chat/debugCommand:/home/robot/.vscode-server/data/User/globalStorage/github.copilot-chat/copilotCli:/home/robot/.vscode-server/cli/servers/Stable-1b6a188127eeaf9194f945eb6eb89a657e93c54c/server/bin/remote-cli:/home/robot/.local/bin:/home/robot/robot_ws/install/esp32_ros2_bridge/bin:/opt/ros/humble/bin:/usr/local/sbin:/usr/local/bin:/usr/sbin:/usr/bin:/sbin:/bin:/usr/games:/usr/local/games:/snap/bin'), ('XDG_RUNTIME_DIR', '/run/user/1000'), ('LANG', 'en_US.UTF-8'), ('LS_COLORS', 'rs=0:di=01;34:ln=01;36:mh=00:pi=40;33:so=01;35:do=01;35:bd=40;33;01:cd=40;33;01:or=40;31;01:mi=00:su=37;41:sg=30;43:ca=30;41:tw=30;42:ow=34;42:st=37;44:ex=01;32:*.tar=01;31:*.tgz=01;31:*.arc=01;31:*.arj=01;31:*.taz=01;31:*.lha=01;31:*.lz4=01;31:*.lzh=01;31:*.lzma=01;31:*.tlz=01;31:*.txz=01;31:*.tzo=01;31:*.t7z=01;31:*.zip=01;31:*.z=01;31:*.dz=01;31:*.gz=01;31:*.lrz=01;31:*.lz=01;31:*.lzo=01;31:*.xz=01;31:*.zst=01;31:*.tzst=01;31:*.bz2=01;31:*.bz=01;31:*.tbz=01;31:*.tbz2=01;31:*.tz=01;31:*.deb=01;31:*.rpm=01;31:*.jar=01;31:*.war=01;31:*.ear=01;31:*.sar=01;31:*.rar=01;31:*.alz=01;31:*.ace=01;31:*.zoo=01;31:*.cpio=01;31:*.7z=01;31:*.rz=01;31:*.cab=01;31:*.wim=01;31:*.swm=01;31:*.dwm=01;31:*.esd=01;31:*.jpg=01;35:*.jpeg=01;35:*.mjpg=01;35:*.mjpeg=01;35:*.gif=01;35:*.bmp=01;35:*.pbm=01;35:*.pgm=01;35:*.ppm=01;35:*.tga=01;35:*.xbm=01;35:*.xpm=01;35:*.tif=01;35:*.tiff=01;35:*.png=01;35:*.svg=01;35:*.svgz=01;35:*.mng=01;35:*.pcx=01;35:*.mov=01;35:*.mpg=01;35:*.mpeg=01;35:*.m2v=01;35:*.mkv=01;35:*.webm=01;35:*.webp=01;35:*.ogm=01;35:*.mp4=01;35:*.m4v=01;35:*.mp4v=01;35:*.vob=01;35:*.qt=01;35:*.nuv=01;35:*.wmv=01;35:*.asf=01;35:*.rm=01;35:*.rmvb=01;35:*.flc=01;35:*.avi=01;35:*.fli=01;35:*.flv=01;35:*.gl=01;35:*.dl=01;35:*.xcf=01;35:*.xwd=01;35:*.yuv=01;35:*.cgm=01;35:*.emf=01;35:*.ogv=01;35:*.ogx=01;35:*.aac=00;36:*.au=00;36:*.flac=00;36:*.m4a=00;36:*.mid=00;36:*.midi=00;36:*.mka=00;36:*.mp3=00;36:*.mpc=00;36:*.ogg=00;36:*.ra=00;36:*.wav=00;36:*.oga=00;36:*.opus=00;36:*.spx=00;36:*.xspf=00;36:'), ('VSCODE_GIT_IPC_HANDLE', '/run/user/1000/vscode-git-7db71fe166.sock'), ('TERM_PROGRAM', 'vscode'), ('AMENT_PREFIX_PATH', '/home/robot/robot_ws/install/vision_ai_node:/home/robot/robot_ws/install/robot_ai:/home/robot/robot_ws/install/vision_msgs:/home/robot/robot_ws/install/robot_bringup:/home/robot/robot_ws/install/sllidar_ros2:/home/robot/robot_ws/install/robot_serial:/home/robot/robot_ws/install/robot_description:/home/robot/robot_ws/install/robot_camera:/home/robot/robot_ws/install/esp32_ros2_bridge:/home/robot/robot_ws/install/camera_node:/opt/ros/humble'), ('SHELL', '/bin/bash'), ('LESSCLOSE', '/usr/bin/lesspipe %s %s'), ('VSCODE_GIT_ASKPASS_EXTRA_ARGS', ''), ('PWD', '/home/robot/robot_ws/build/sllidar_ros2'), ('LC_ALL', 'en_US.UTF-8'), ('COPILOT_DEBUG_NONCE', 'cb1825ebc9d7300a5c5f8b48b9d9b175'), ('SSH_CONNECTION', '192.168.1.88 62124 192.168.1.253 22'), ('XDG_DATA_DIRS', '/usr/local/share:/usr/share:/var/lib/snapd/desktop'), ('PYTHONPATH', '/home/robot/robot_ws/install/vision_ai_node/lib/python3.10/site-packages:/home/robot/robot_ws/install/robot_ai/lib/python3.10/site-packages:/home/robot/robot_ws/install/vision_msgs/local/lib/python3.10/dist-packages:/home/robot/robot_ws/install/robot_serial/lib/python3.10/site-packages:/home/robot/robot_ws/build/robot_camera:/home/robot/robot_ws/install/robot_camera/lib/python3.10/site-packages:/home/robot/robot_ws/build/esp32_ros2_bridge:/home/robot/robot_ws/install/esp32_ros2_bridge/lib/python3.10/site-packages:/home/robot/robot_ws/install/camera_node/lib/python3.10/site-packages:/opt/ros/humble/lib/python3.10/site-packages:/opt/ros/humble/local/lib/python3.10/dist-packages'), ('COLCON', '1'), ('CMAKE_PREFIX_PATH', '/home/robot/robot_ws/install/vision_msgs:/home/robot/robot_ws/install/robot_bringup:/home/robot/robot_ws/install/sllidar_ros2:/home/robot/robot_ws/install/robot_description:/home/robot/robot_ws/install/vision_ai_node:/home/robot/robot_ws/install/robot_ai:/home/robot/robot_ws/install/robot_serial:/home/robot/robot_ws/install/robot_camera:/home/robot/robot_ws/install/esp32_ros2_bridge:/home/robot/robot_ws/install/camera_node:/opt/ros/humble')]), 'shell': False}
[0.203096] (-) TimerEvent: {}
[0.304151] (-) TimerEvent: {}
[0.405228] (-) TimerEvent: {}
[0.506229] (-) TimerEvent: {}
[0.607350] (-) TimerEvent: {}
[0.644985] (robot_description) StdoutLine: {'line': b'-- The C compiler identification is GNU 11.4.0\n'}
[0.667025] (vision_msgs) StdoutLine: {'line': b'-- The C compiler identification is GNU 11.4.0\n'}
[0.684585] (sllidar_ros2) StdoutLine: {'line': b'-- The C compiler identification is GNU 11.4.0\n'}
[0.709309] (-) TimerEvent: {}
[0.810268] (-) TimerEvent: {}
[0.911232] (-) TimerEvent: {}
[1.012235] (-) TimerEvent: {}
[1.113449] (-) TimerEvent: {}
[1.119740] (robot_description) StdoutLine: {'line': b'-- The CXX compiler identification is GNU 11.4.0\n'}
[1.173699] (robot_description) StdoutLine: {'line': b'-- Detecting C compiler ABI info\n'}
[1.213720] (-) TimerEvent: {}
[1.228194] (vision_msgs) StdoutLine: {'line': b'-- The CXX compiler identification is GNU 11.4.0\n'}
[1.242883] (sllidar_ros2) StdoutLine: {'line': b'-- The CXX compiler identification is GNU 11.4.0\n'}
[1.313932] (-) TimerEvent: {}
[1.320039] (sllidar_ros2) StdoutLine: {'line': b'-- Detecting C compiler ABI info\n'}
[1.324694] (vision_msgs) StdoutLine: {'line': b'-- Detecting C compiler ABI info\n'}
[1.414143] (-) TimerEvent: {}
[1.515774] (-) TimerEvent: {}
[1.617579] (-) TimerEvent: {}
[1.720058] (-) TimerEvent: {}
[1.824045] (-) TimerEvent: {}
[1.873634] (sllidar_ros2) StdoutLine: {'line': b'-- Detecting C compiler ABI info - done\n'}
[1.924399] (-) TimerEvent: {}
[1.925770] (robot_description) StdoutLine: {'line': b'-- Detecting C compiler ABI info - done\n'}
[1.980330] (sllidar_ros2) StdoutLine: {'line': b'-- Check for working C compiler: /usr/bin/cc - skipped\n'}
[1.991305] (robot_description) StdoutLine: {'line': b'-- Check for working C compiler: /usr/bin/cc - skipped\n'}
[1.992695] (robot_description) StdoutLine: {'line': b'-- Detecting C compile features\n'}
[1.998895] (robot_description) StdoutLine: {'line': b'-- Detecting C compile features - done\n'}
[1.999580] (sllidar_ros2) StdoutLine: {'line': b'-- Detecting C compile features\n'}
[2.006088] (sllidar_ros2) StdoutLine: {'line': b'-- Detecting C compile features - done\n'}
[2.017599] (robot_description) StdoutLine: {'line': b'-- Detecting CXX compiler ABI info\n'}
[2.020384] (sllidar_ros2) StdoutLine: {'line': b'-- Detecting CXX compiler ABI info\n'}
[2.024602] (-) TimerEvent: {}
[2.043918] (vision_msgs) StdoutLine: {'line': b'-- Detecting C compiler ABI info - done\n'}
[2.124841] (-) TimerEvent: {}
[2.186276] (vision_msgs) StdoutLine: {'line': b'-- Check for working C compiler: /usr/bin/cc - skipped\n'}
[2.188746] (vision_msgs) StdoutLine: {'line': b'-- Detecting C compile features\n'}
[2.197988] (vision_msgs) StdoutLine: {'line': b'-- Detecting C compile features - done\n'}
[2.225163] (-) TimerEvent: {}
[2.245090] (vision_msgs) StdoutLine: {'line': b'-- Detecting CXX compiler ABI info\n'}
[2.325370] (-) TimerEvent: {}
[2.427557] (-) TimerEvent: {}
[2.529383] (-) TimerEvent: {}
[2.632708] (-) TimerEvent: {}
[2.734852] (-) TimerEvent: {}
[2.837229] (-) TimerEvent: {}
[2.939193] (-) TimerEvent: {}
[3.041278] (-) TimerEvent: {}
[3.143069] (-) TimerEvent: {}
[3.244117] (-) TimerEvent: {}
[3.345834] (-) TimerEvent: {}
[3.449347] (-) TimerEvent: {}
[3.450707] (robot_description) StdoutLine: {'line': b'-- Detecting CXX compiler ABI info - done\n'}
[3.524731] (sllidar_ros2) StdoutLine: {'line': b'-- Detecting CXX compiler ABI info - done\n'}
[3.538258] (robot_description) StdoutLine: {'line': b'-- Check for working CXX compiler: /usr/bin/c++ - skipped\n'}
[3.541417] (robot_description) StdoutLine: {'line': b'-- Detecting CXX compile features\n'}
[3.545178] (robot_description) StdoutLine: {'line': b'-- Detecting CXX compile features - done\n'}
[3.549721] (-) TimerEvent: {}
[3.554615] (vision_msgs) StdoutLine: {'line': b'-- Detecting CXX compiler ABI info - done\n'}
[3.583785] (robot_description) StdoutLine: {'line': b'-- Found ament_cmake: 1.3.14 (/opt/ros/humble/share/ament_cmake/cmake)\n'}
[3.616681] (sllidar_ros2) StdoutLine: {'line': b'-- Check for working CXX compiler: /usr/bin/c++ - skipped\n'}
[3.626088] (sllidar_ros2) StdoutLine: {'line': b'-- Detecting CXX compile features\n'}
[3.627090] (vision_msgs) StdoutLine: {'line': b'-- Check for working CXX compiler: /usr/bin/c++ - skipped\n'}
[3.628301] (vision_msgs) StdoutLine: {'line': b'-- Detecting CXX compile features\n'}
[3.630832] (sllidar_ros2) StdoutLine: {'line': b'-- Detecting CXX compile features - done\n'}
[3.645285] (vision_msgs) StdoutLine: {'line': b'-- Detecting CXX compile features - done\n'}
[3.649964] (-) TimerEvent: {}
[3.724077] (vision_msgs) StdoutLine: {'line': b'-- Found ament_cmake: 1.3.14 (/opt/ros/humble/share/ament_cmake/cmake)\n'}
[3.731127] (sllidar_ros2) StdoutLine: {'line': b'-- Found ament_cmake: 1.3.14 (/opt/ros/humble/share/ament_cmake/cmake)\n'}
[3.750355] (-) TimerEvent: {}
[3.851845] (-) TimerEvent: {}
[3.952967] (-) TimerEvent: {}
[4.054163] (-) TimerEvent: {}
[4.155640] (-) TimerEvent: {}
[4.793914] (-) TimerEvent: {}
[4.894971] (-) TimerEvent: {}
[4.997138] (-) TimerEvent: {}
[5.105230] (-) TimerEvent: {}
[5.206898] (-) TimerEvent: {}
[5.308633] (-) TimerEvent: {}
[5.405097] (sllidar_ros2) StdoutLine: {'line': b'-- Found Python3: /usr/bin/python3 (found version "3.10.12") found components: Interpreter \n'}
[5.408973] (-) TimerEvent: {}
[5.510791] (-) TimerEvent: {}
[5.613919] (-) TimerEvent: {}
[5.715760] (-) TimerEvent: {}
[5.748777] (vision_msgs) StdoutLine: {'line': b'-- Found Python3: /usr/bin/python3 (found version "3.10.12") found components: Interpreter \n'}
[5.816160] (-) TimerEvent: {}
[5.910939] (robot_description) StdoutLine: {'line': b'-- Found Python3: /usr/bin/python3 (found version "3.10.12") found components: Interpreter \n'}
[5.916522] (-) TimerEvent: {}
[6.018334] (-) TimerEvent: {}
[6.120604] (-) TimerEvent: {}
[6.223848] (-) TimerEvent: {}
[6.325716] (-) TimerEvent: {}
[6.427437] (-) TimerEvent: {}
[6.532170] (-) TimerEvent: {}
[6.635093] (-) TimerEvent: {}
[6.737807] (-) TimerEvent: {}
[6.838922] (-) TimerEvent: {}
[6.873893] (sllidar_ros2) StdoutLine: {'line': b'-- Found rclcpp: 16.0.19 (/opt/ros/humble/share/rclcpp/cmake)\n'}
[6.886861] (camera_node) Command: {'cmd': ['/usr/bin/python3', '-W', 'ignore:setup.py install is deprecated', '-W', 'ignore:easy_install command is deprecated', 'setup.py', 'egg_info', '--egg-base', '../../build/camera_node', 'build', '--build-base', '/home/robot/robot_ws/build/camera_node/build', 'install', '--record', '/home/robot/robot_ws/build/camera_node/install.log', '--install-scripts', '$base/lib/camera_node', '--single-version-externally-managed', 'install_data'], 'cwd': '/home/robot/robot_ws/src/camera_node', 'env': {'LESSOPEN': '| /usr/bin/lesspipe %s', 'USER': 'robot', 'SSH_CLIENT': '192.168.1.88 62124 22', 'XDG_SESSION_TYPE': 'tty', 'GIT_ASKPASS': '/home/robot/.vscode-server/cli/servers/Stable-1b6a188127eeaf9194f945eb6eb89a657e93c54c/server/extensions/git/dist/askpass.sh', 'SHLVL': '1', 'LD_LIBRARY_PATH': '/home/robot/robot_ws/install/vision_msgs/lib:/opt/ros/humble/opt/rviz_ogre_vendor/lib:/opt/ros/humble/lib/aarch64-linux-gnu:/opt/ros/humble/lib', 'BROWSER': '/home/robot/.vscode-server/cli/servers/Stable-1b6a188127eeaf9194f945eb6eb89a657e93c54c/server/bin/helpers/browser.sh', 'MOTD_SHOWN': 'pam', 'HOME': '/home/robot', 'OLDPWD': '/home/robot/robot_ws', 'TERM_PROGRAM_VERSION': '1.130.0', 'VSCODE_IPC_HOOK_CLI': '/run/user/1000/vscode-ipc-590b6df8-ecea-44ec-b569-7876fc689e68.sock', 'ROS_PYTHON_VERSION': '3', 'VSCODE_GIT_ASKPASS_MAIN': '/home/robot/.vscode-server/cli/servers/Stable-1b6a188127eeaf9194f945eb6eb89a657e93c54c/server/extensions/git/dist/askpass-main.js', 'VSCODE_GIT_ASKPASS_NODE': '/home/robot/.vscode-server/cli/servers/Stable-1b6a188127eeaf9194f945eb6eb89a657e93c54c/server/node', 'VSCODE_PYTHON_AUTOACTIVATE_GUARD': '1', 'DBUS_SESSION_BUS_ADDRESS': 'unix:path=/run/user/1000/bus', 'COLORTERM': 'truecolor', 'COLCON_PREFIX_PATH': '/home/robot/robot_ws/install', 'ROS_DISTRO': 'humble', 'LOGNAME': 'robot', '_': '/usr/bin/colcon', 'ROS_VERSION': '2', 'XDG_SESSION_CLASS': 'user', 'TERM': 'xterm-256color', 'XDG_SESSION_ID': '3', 'ROS_LOCALHOST_ONLY': '0', 'PATH': '/home/robot/.vscode-server/data/User/globalStorage/github.copilot-chat/debugCommand:/home/robot/.vscode-server/data/User/globalStorage/github.copilot-chat/copilotCli:/home/robot/.vscode-server/cli/servers/Stable-1b6a188127eeaf9194f945eb6eb89a657e93c54c/server/bin/remote-cli:/home/robot/.local/bin:/home/robot/robot_ws/install/esp32_ros2_bridge/bin:/opt/ros/humble/bin:/usr/local/sbin:/usr/local/bin:/usr/sbin:/usr/bin:/sbin:/bin:/usr/games:/usr/local/games:/snap/bin', 'XDG_RUNTIME_DIR': '/run/user/1000', 'LANG': 'en_US.UTF-8', 'LS_COLORS': 'rs=0:di=01;34:ln=01;36:mh=00:pi=40;33:so=01;35:do=01;35:bd=40;33;01:cd=40;33;01:or=40;31;01:mi=00:su=37;41:sg=30;43:ca=30;41:tw=30;42:ow=34;42:st=37;44:ex=01;32:*.tar=01;31:*.tgz=01;31:*.arc=01;31:*.arj=01;31:*.taz=01;31:*.lha=01;31:*.lz4=01;31:*.lzh=01;31:*.lzma=01;31:*.tlz=01;31:*.txz=01;31:*.tzo=01;31:*.t7z=01;31:*.zip=01;31:*.z=01;31:*.dz=01;31:*.gz=01;31:*.lrz=01;31:*.lz=01;31:*.lzo=01;31:*.xz=01;31:*.zst=01;31:*.tzst=01;31:*.bz2=01;31:*.bz=01;31:*.tbz=01;31:*.tbz2=01;31:*.tz=01;31:*.deb=01;31:*.rpm=01;31:*.jar=01;31:*.war=01;31:*.ear=01;31:*.sar=01;31:*.rar=01;31:*.alz=01;31:*.ace=01;31:*.zoo=01;31:*.cpio=01;31:*.7z=01;31:*.rz=01;31:*.cab=01;31:*.wim=01;31:*.swm=01;31:*.dwm=01;31:*.esd=01;31:*.jpg=01;35:*.jpeg=01;35:*.mjpg=01;35:*.mjpeg=01;35:*.gif=01;35:*.bmp=01;35:*.pbm=01;35:*.pgm=01;35:*.ppm=01;35:*.tga=01;35:*.xbm=01;35:*.xpm=01;35:*.tif=01;35:*.tiff=01;35:*.png=01;35:*.svg=01;35:*.svgz=01;35:*.mng=01;35:*.pcx=01;35:*.mov=01;35:*.mpg=01;35:*.mpeg=01;35:*.m2v=01;35:*.mkv=01;35:*.webm=01;35:*.webp=01;35:*.ogm=01;35:*.mp4=01;35:*.m4v=01;35:*.mp4v=01;35:*.vob=01;35:*.qt=01;35:*.nuv=01;35:*.wmv=01;35:*.asf=01;35:*.rm=01;35:*.rmvb=01;35:*.flc=01;35:*.avi=01;35:*.fli=01;35:*.flv=01;35:*.gl=01;35:*.dl=01;35:*.xcf=01;35:*.xwd=01;35:*.yuv=01;35:*.cgm=01;35:*.emf=01;35:*.ogv=01;35:*.ogx=01;35:*.aac=00;36:*.au=00;36:*.flac=00;36:*.m4a=00;36:*.mid=00;36:*.midi=00;36:*.mka=00;36:*.mp3=00;36:*.mpc=00;36:*.ogg=00;36:*.ra=00;36:*.wav=00;36:*.oga=00;36:*.opus=00;36:*.spx=00;36:*.xspf=00;36:', 'VSCODE_GIT_IPC_HANDLE': '/run/user/1000/vscode-git-7db71fe166.sock', 'TERM_PROGRAM': 'vscode', 'AMENT_PREFIX_PATH': '/home/robot/robot_ws/install/vision_ai_node:/home/robot/robot_ws/install/robot_ai:/home/robot/robot_ws/install/vision_msgs:/home/robot/robot_ws/install/robot_bringup:/home/robot/robot_ws/install/sllidar_ros2:/home/robot/robot_ws/install/robot_serial:/home/robot/robot_ws/install/robot_description:/home/robot/robot_ws/install/robot_camera:/home/robot/robot_ws/install/esp32_ros2_bridge:/home/robot/robot_ws/install/camera_node:/opt/ros/humble', 'SHELL': '/bin/bash', 'LESSCLOSE': '/usr/bin/lesspipe %s %s', 'VSCODE_GIT_ASKPASS_EXTRA_ARGS': '', 'PWD': '/home/robot/robot_ws/build/camera_node', 'LC_ALL': 'en_US.UTF-8', 'COPILOT_DEBUG_NONCE': 'cb1825ebc9d7300a5c5f8b48b9d9b175', 'SSH_CONNECTION': '192.168.1.88 62124 192.168.1.253 22', 'XDG_DATA_DIRS': '/usr/local/share:/usr/share:/var/lib/snapd/desktop', 'PYTHONPATH': '/home/robot/robot_ws/build/camera_node/prefix_override:/usr/lib/python3/dist-packages/colcon_core/task/python/colcon_distutils_commands:/home/robot/robot_ws/install/camera_node/lib/python3.10/site-packages:/home/robot/robot_ws/install/vision_ai_node/lib/python3.10/site-packages:/home/robot/robot_ws/install/robot_ai/lib/python3.10/site-packages:/home/robot/robot_ws/install/vision_msgs/local/lib/python3.10/dist-packages:/home/robot/robot_ws/install/robot_serial/lib/python3.10/site-packages:/home/robot/robot_ws/build/robot_camera:/home/robot/robot_ws/install/robot_camera/lib/python3.10/site-packages:/home/robot/robot_ws/build/esp32_ros2_bridge:/home/robot/robot_ws/install/esp32_ros2_bridge/lib/python3.10/site-packages:/home/robot/robot_ws/install/camera_node/lib/python3.10/site-packages:/opt/ros/humble/lib/python3.10/site-packages:/opt/ros/humble/local/lib/python3.10/dist-packages', 'COLCON': '1', 'CMAKE_PREFIX_PATH': '/home/robot/robot_ws/install/vision_msgs:/home/robot/robot_ws/install/robot_bringup:/home/robot/robot_ws/install/sllidar_ros2:/home/robot/robot_ws/install/robot_description'}, 'shell': False}
[6.939158] (-) TimerEvent: {}
[7.040135] (-) TimerEvent: {}
[7.141287] (-) TimerEvent: {}
[7.223576] (robot_description) StdoutLine: {'line': b'-- Found ament_lint_auto: 0.12.15 (/opt/ros/humble/share/ament_lint_auto/cmake)\n'}
[7.241456] (-) TimerEvent: {}
[7.342661] (-) TimerEvent: {}
[7.401955] (vision_msgs) StdoutLine: {'line': b'-- Found rosidl_default_generators: 1.2.1 (/opt/ros/humble/share/rosidl_default_generators/cmake)\n'}
[7.442874] (-) TimerEvent: {}
[7.460717] (vision_msgs) StdoutLine: {'line': b'-- Using all available rosidl_typesupport_c: rosidl_typesupport_fastrtps_c;rosidl_typesupport_introspection_c\n'}
[7.543079] (-) TimerEvent: {}
[7.619360] (vision_msgs) StdoutLine: {'line': b'-- Found rosidl_adapter: 3.1.9 (/opt/ros/humble/share/rosidl_adapter/cmake)\n'}
[7.643305] (-) TimerEvent: {}
[7.677591] (sllidar_ros2) StdoutLine: {'line': b'-- Found rosidl_generator_c: 3.1.9 (/opt/ros/humble/share/rosidl_generator_c/cmake)\n'}
[7.743577] (-) TimerEvent: {}
[7.825504] (sllidar_ros2) StdoutLine: {'line': b'-- Found rosidl_adapter: 3.1.9 (/opt/ros/humble/share/rosidl_adapter/cmake)\n'}
[7.843805] (-) TimerEvent: {}
[7.945263] (-) TimerEvent: {}
[7.951022] (sllidar_ros2) StdoutLine: {'line': b'-- Found rosidl_generator_cpp: 3.1.9 (/opt/ros/humble/share/rosidl_generator_cpp/cmake)\n'}
[8.045456] (-) TimerEvent: {}
[8.103210] (robot_description) StdoutLine: {'line': b"-- Added test 'copyright' to check source files copyright and LICENSE\n"}
[8.130644] (vision_msgs) StdoutLine: {'line': b'-- Using all available rosidl_typesupport_cpp: rosidl_typesupport_fastrtps_cpp;rosidl_typesupport_introspection_cpp\n'}
[8.137636] (robot_description) StdoutLine: {'line': b"-- Added test 'flake8' to check Python code syntax and style conventions\n"}
[8.145657] (-) TimerEvent: {}
[8.147984] (robot_description) StdoutLine: {'line': b"-- Added test 'lint_cmake' to check CMake code style\n"}
[8.154841] (robot_description) StdoutLine: {'line': b"-- Added test 'pep257' to check Python code against some of the docstring style conventions in PEP 257\n"}
[8.188687] (robot_description) StdoutLine: {'line': b"-- Added test 'xmllint' to check XML markup files\n"}
[8.194654] (sllidar_ros2) StdoutLine: {'line': b'-- Using all available rosidl_typesupport_c: rosidl_typesupport_fastrtps_c;rosidl_typesupport_introspection_c\n'}
[8.233264] (robot_description) StdoutLine: {'line': b'-- Configuring done\n'}
[8.245892] (-) TimerEvent: {}
[8.302451] (robot_description) StdoutLine: {'line': b'-- Generating done\n'}
[8.334410] (robot_description) StdoutLine: {'line': b'-- Build files have been written to: /home/robot/robot_ws/build/robot_description\n'}
[8.346119] (-) TimerEvent: {}
[8.389375] (robot_description) CommandEnded: {'returncode': 0}
[8.390988] (robot_description) JobProgress: {'identifier': 'robot_description', 'progress': 'build'}
[8.391523] (robot_description) Command: {'cmd': ['/usr/bin/cmake', '--build', '/home/robot/robot_ws/build/robot_description', '--', '-j4', '-l4'], 'cwd': '/home/robot/robot_ws/build/robot_description', 'env': OrderedDict([('LESSOPEN', '| /usr/bin/lesspipe %s'), ('USER', 'robot'), ('SSH_CLIENT', '192.168.1.88 62124 22'), ('XDG_SESSION_TYPE', 'tty'), ('GIT_ASKPASS', '/home/robot/.vscode-server/cli/servers/Stable-1b6a188127eeaf9194f945eb6eb89a657e93c54c/server/extensions/git/dist/askpass.sh'), ('SHLVL', '1'), ('LD_LIBRARY_PATH', '/home/robot/robot_ws/install/vision_msgs/lib:/opt/ros/humble/opt/rviz_ogre_vendor/lib:/opt/ros/humble/lib/aarch64-linux-gnu:/opt/ros/humble/lib'), ('BROWSER', '/home/robot/.vscode-server/cli/servers/Stable-1b6a188127eeaf9194f945eb6eb89a657e93c54c/server/bin/helpers/browser.sh'), ('MOTD_SHOWN', 'pam'), ('HOME', '/home/robot'), ('OLDPWD', '/home/robot/robot_ws'), ('TERM_PROGRAM_VERSION', '1.130.0'), ('VSCODE_IPC_HOOK_CLI', '/run/user/1000/vscode-ipc-590b6df8-ecea-44ec-b569-7876fc689e68.sock'), ('ROS_PYTHON_VERSION', '3'), ('VSCODE_GIT_ASKPASS_MAIN', '/home/robot/.vscode-server/cli/servers/Stable-1b6a188127eeaf9194f945eb6eb89a657e93c54c/server/extensions/git/dist/askpass-main.js'), ('VSCODE_GIT_ASKPASS_NODE', '/home/robot/.vscode-server/cli/servers/Stable-1b6a188127eeaf9194f945eb6eb89a657e93c54c/server/node'), ('VSCODE_PYTHON_AUTOACTIVATE_GUARD', '1'), ('DBUS_SESSION_BUS_ADDRESS', 'unix:path=/run/user/1000/bus'), ('COLORTERM', 'truecolor'), ('COLCON_PREFIX_PATH', '/home/robot/robot_ws/install'), ('ROS_DISTRO', 'humble'), ('LOGNAME', 'robot'), ('_', '/usr/bin/colcon'), ('ROS_VERSION', '2'), ('XDG_SESSION_CLASS', 'user'), ('TERM', 'xterm-256color'), ('XDG_SESSION_ID', '3'), ('ROS_LOCALHOST_ONLY', '0'), ('PATH', '/home/robot/.vscode-server/data/User/globalStorage/github.copilot-chat/debugCommand:/home/robot/.vscode-server/data/User/globalStorage/github.copilot-chat/copilotCli:/home/robot/.vscode-server/cli/servers/Stable-1b6a188127eeaf9194f945eb6eb89a657e93c54c/server/bin/remote-cli:/home/robot/.local/bin:/home/robot/robot_ws/install/esp32_ros2_bridge/bin:/opt/ros/humble/bin:/usr/local/sbin:/usr/local/bin:/usr/sbin:/usr/bin:/sbin:/bin:/usr/games:/usr/local/games:/snap/bin'), ('XDG_RUNTIME_DIR', '/run/user/1000'), ('LANG', 'en_US.UTF-8'), ('LS_COLORS', 'rs=0:di=01;34:ln=01;36:mh=00:pi=40;33:so=01;35:do=01;35:bd=40;33;01:cd=40;33;01:or=40;31;01:mi=00:su=37;41:sg=30;43:ca=30;41:tw=30;42:ow=34;42:st=37;44:ex=01;32:*.tar=01;31:*.tgz=01;31:*.arc=01;31:*.arj=01;31:*.taz=01;31:*.lha=01;31:*.lz4=01;31:*.lzh=01;31:*.lzma=01;31:*.tlz=01;31:*.txz=01;31:*.tzo=01;31:*.t7z=01;31:*.zip=01;31:*.z=01;31:*.dz=01;31:*.gz=01;31:*.lrz=01;31:*.lz=01;31:*.lzo=01;31:*.xz=01;31:*.zst=01;31:*.tzst=01;31:*.bz2=01;31:*.bz=01;31:*.tbz=01;31:*.tbz2=01;31:*.tz=01;31:*.deb=01;31:*.rpm=01;31:*.jar=01;31:*.war=01;31:*.ear=01;31:*.sar=01;31:*.rar=01;31:*.alz=01;31:*.ace=01;31:*.zoo=01;31:*.cpio=01;31:*.7z=01;31:*.rz=01;31:*.cab=01;31:*.wim=01;31:*.swm=01;31:*.dwm=01;31:*.esd=01;31:*.jpg=01;35:*.jpeg=01;35:*.mjpg=01;35:*.mjpeg=01;35:*.gif=01;35:*.bmp=01;35:*.pbm=01;35:*.pgm=01;35:*.ppm=01;35:*.tga=01;35:*.xbm=01;35:*.xpm=01;35:*.tif=01;35:*.tiff=01;35:*.png=01;35:*.svg=01;35:*.svgz=01;35:*.mng=01;35:*.pcx=01;35:*.mov=01;35:*.mpg=01;35:*.mpeg=01;35:*.m2v=01;35:*.mkv=01;35:*.webm=01;35:*.webp=01;35:*.ogm=01;35:*.mp4=01;35:*.m4v=01;35:*.mp4v=01;35:*.vob=01;35:*.qt=01;35:*.nuv=01;35:*.wmv=01;35:*.asf=01;35:*.rm=01;35:*.rmvb=01;35:*.flc=01;35:*.avi=01;35:*.fli=01;35:*.flv=01;35:*.gl=01;35:*.dl=01;35:*.xcf=01;35:*.xwd=01;35:*.yuv=01;35:*.cgm=01;35:*.emf=01;35:*.ogv=01;35:*.ogx=01;35:*.aac=00;36:*.au=00;36:*.flac=00;36:*.m4a=00;36:*.mid=00;36:*.midi=00;36:*.mka=00;36:*.mp3=00;36:*.mpc=00;36:*.ogg=00;36:*.ra=00;36:*.wav=00;36:*.oga=00;36:*.opus=00;36:*.spx=00;36:*.xspf=00;36:'), ('VSCODE_GIT_IPC_HANDLE', '/run/user/1000/vscode-git-7db71fe166.sock'), ('TERM_PROGRAM', 'vscode'), ('AMENT_PREFIX_PATH', '/home/robot/robot_ws/install/vision_ai_node:/home/robot/robot_ws/install/robot_ai:/home/robot/robot_ws/install/vision_msgs:/home/robot/robot_ws/install/robot_bringup:/home/robot/robot_ws/install/sllidar_ros2:/home/robot/robot_ws/install/robot_serial:/home/robot/robot_ws/install/robot_description:/home/robot/robot_ws/install/robot_camera:/home/robot/robot_ws/install/esp32_ros2_bridge:/home/robot/robot_ws/install/camera_node:/opt/ros/humble'), ('SHELL', '/bin/bash'), ('LESSCLOSE', '/usr/bin/lesspipe %s %s'), ('VSCODE_GIT_ASKPASS_EXTRA_ARGS', ''), ('PWD', '/home/robot/robot_ws/build/robot_description'), ('LC_ALL', 'en_US.UTF-8'), ('COPILOT_DEBUG_NONCE', 'cb1825ebc9d7300a5c5f8b48b9d9b175'), ('SSH_CONNECTION', '192.168.1.88 62124 192.168.1.253 22'), ('XDG_DATA_DIRS', '/usr/local/share:/usr/share:/var/lib/snapd/desktop'), ('PYTHONPATH', '/home/robot/robot_ws/install/vision_ai_node/lib/python3.10/site-packages:/home/robot/robot_ws/install/robot_ai/lib/python3.10/site-packages:/home/robot/robot_ws/install/vision_msgs/local/lib/python3.10/dist-packages:/home/robot/robot_ws/install/robot_serial/lib/python3.10/site-packages:/home/robot/robot_ws/build/robot_camera:/home/robot/robot_ws/install/robot_camera/lib/python3.10/site-packages:/home/robot/robot_ws/build/esp32_ros2_bridge:/home/robot/robot_ws/install/esp32_ros2_bridge/lib/python3.10/site-packages:/home/robot/robot_ws/install/camera_node/lib/python3.10/site-packages:/opt/ros/humble/lib/python3.10/site-packages:/opt/ros/humble/local/lib/python3.10/dist-packages'), ('COLCON', '1'), ('CMAKE_PREFIX_PATH', '/home/robot/robot_ws/install/vision_msgs:/home/robot/robot_ws/install/robot_bringup:/home/robot/robot_ws/install/sllidar_ros2:/home/robot/robot_ws/install/robot_description:/home/robot/robot_ws/install/vision_ai_node:/home/robot/robot_ws/install/robot_ai:/home/robot/robot_ws/install/robot_serial:/home/robot/robot_ws/install/robot_camera:/home/robot/robot_ws/install/esp32_ros2_bridge:/home/robot/robot_ws/install/camera_node:/opt/ros/humble')]), 'shell': False}
[8.446357] (-) TimerEvent: {}
[8.462862] (sllidar_ros2) StdoutLine: {'line': b'-- Using all available rosidl_typesupport_cpp: rosidl_typesupport_fastrtps_cpp;rosidl_typesupport_introspection_cpp\n'}
[8.546544] (-) TimerEvent: {}
[8.648353] (-) TimerEvent: {}
[8.746126] (robot_description) CommandEnded: {'returncode': 0}
[8.747878] (robot_description) JobProgress: {'identifier': 'robot_description', 'progress': 'install'}
[8.748495] (-) TimerEvent: {}
[8.795546] (vision_msgs) StdoutLine: {'line': b'-- Found std_msgs: 4.9.1 (/opt/ros/humble/share/std_msgs/cmake)\n'}
[8.848749] (-) TimerEvent: {}
[8.853619] (robot_description) Command: {'cmd': ['/usr/bin/cmake', '--install', '/home/robot/robot_ws/build/robot_description'], 'cwd': '/home/robot/robot_ws/build/robot_description', 'env': OrderedDict([('LESSOPEN', '| /usr/bin/lesspipe %s'), ('USER', 'robot'), ('SSH_CLIENT', '192.168.1.88 62124 22'), ('XDG_SESSION_TYPE', 'tty'), ('GIT_ASKPASS', '/home/robot/.vscode-server/cli/servers/Stable-1b6a188127eeaf9194f945eb6eb89a657e93c54c/server/extensions/git/dist/askpass.sh'), ('SHLVL', '1'), ('LD_LIBRARY_PATH', '/home/robot/robot_ws/install/vision_msgs/lib:/opt/ros/humble/opt/rviz_ogre_vendor/lib:/opt/ros/humble/lib/aarch64-linux-gnu:/opt/ros/humble/lib'), ('BROWSER', '/home/robot/.vscode-server/cli/servers/Stable-1b6a188127eeaf9194f945eb6eb89a657e93c54c/server/bin/helpers/browser.sh'), ('MOTD_SHOWN', 'pam'), ('HOME', '/home/robot'), ('OLDPWD', '/home/robot/robot_ws'), ('TERM_PROGRAM_VERSION', '1.130.0'), ('VSCODE_IPC_HOOK_CLI', '/run/user/1000/vscode-ipc-590b6df8-ecea-44ec-b569-7876fc689e68.sock'), ('ROS_PYTHON_VERSION', '3'), ('VSCODE_GIT_ASKPASS_MAIN', '/home/robot/.vscode-server/cli/servers/Stable-1b6a188127eeaf9194f945eb6eb89a657e93c54c/server/extensions/git/dist/askpass-main.js'), ('VSCODE_GIT_ASKPASS_NODE', '/home/robot/.vscode-server/cli/servers/Stable-1b6a188127eeaf9194f945eb6eb89a657e93c54c/server/node'), ('VSCODE_PYTHON_AUTOACTIVATE_GUARD', '1'), ('DBUS_SESSION_BUS_ADDRESS', 'unix:path=/run/user/1000/bus'), ('COLORTERM', 'truecolor'), ('COLCON_PREFIX_PATH', '/home/robot/robot_ws/install'), ('ROS_DISTRO', 'humble'), ('LOGNAME', 'robot'), ('_', '/usr/bin/colcon'), ('ROS_VERSION', '2'), ('XDG_SESSION_CLASS', 'user'), ('TERM', 'xterm-256color'), ('XDG_SESSION_ID', '3'), ('ROS_LOCALHOST_ONLY', '0'), ('PATH', '/home/robot/.vscode-server/data/User/globalStorage/github.copilot-chat/debugCommand:/home/robot/.vscode-server/data/User/globalStorage/github.copilot-chat/copilotCli:/home/robot/.vscode-server/cli/servers/Stable-1b6a188127eeaf9194f945eb6eb89a657e93c54c/server/bin/remote-cli:/home/robot/.local/bin:/home/robot/robot_ws/install/esp32_ros2_bridge/bin:/opt/ros/humble/bin:/usr/local/sbin:/usr/local/bin:/usr/sbin:/usr/bin:/sbin:/bin:/usr/games:/usr/local/games:/snap/bin'), ('XDG_RUNTIME_DIR', '/run/user/1000'), ('LANG', 'en_US.UTF-8'), ('LS_COLORS', 'rs=0:di=01;34:ln=01;36:mh=00:pi=40;33:so=01;35:do=01;35:bd=40;33;01:cd=40;33;01:or=40;31;01:mi=00:su=37;41:sg=30;43:ca=30;41:tw=30;42:ow=34;42:st=37;44:ex=01;32:*.tar=01;31:*.tgz=01;31:*.arc=01;31:*.arj=01;31:*.taz=01;31:*.lha=01;31:*.lz4=01;31:*.lzh=01;31:*.lzma=01;31:*.tlz=01;31:*.txz=01;31:*.tzo=01;31:*.t7z=01;31:*.zip=01;31:*.z=01;31:*.dz=01;31:*.gz=01;31:*.lrz=01;31:*.lz=01;31:*.lzo=01;31:*.xz=01;31:*.zst=01;31:*.tzst=01;31:*.bz2=01;31:*.bz=01;31:*.tbz=01;31:*.tbz2=01;31:*.tz=01;31:*.deb=01;31:*.rpm=01;31:*.jar=01;31:*.war=01;31:*.ear=01;31:*.sar=01;31:*.rar=01;31:*.alz=01;31:*.ace=01;31:*.zoo=01;31:*.cpio=01;31:*.7z=01;31:*.rz=01;31:*.cab=01;31:*.wim=01;31:*.swm=01;31:*.dwm=01;31:*.esd=01;31:*.jpg=01;35:*.jpeg=01;35:*.mjpg=01;35:*.mjpeg=01;35:*.gif=01;35:*.bmp=01;35:*.pbm=01;35:*.pgm=01;35:*.ppm=01;35:*.tga=01;35:*.xbm=01;35:*.xpm=01;35:*.tif=01;35:*.tiff=01;35:*.png=01;35:*.svg=01;35:*.svgz=01;35:*.mng=01;35:*.pcx=01;35:*.mov=01;35:*.mpg=01;35:*.mpeg=01;35:*.m2v=01;35:*.mkv=01;35:*.webm=01;35:*.webp=01;35:*.ogm=01;35:*.mp4=01;35:*.m4v=01;35:*.mp4v=01;35:*.vob=01;35:*.qt=01;35:*.nuv=01;35:*.wmv=01;35:*.asf=01;35:*.rm=01;35:*.rmvb=01;35:*.flc=01;35:*.avi=01;35:*.fli=01;35:*.flv=01;35:*.gl=01;35:*.dl=01;35:*.xcf=01;35:*.xwd=01;35:*.yuv=01;35:*.cgm=01;35:*.emf=01;35:*.ogv=01;35:*.ogx=01;35:*.aac=00;36:*.au=00;36:*.flac=00;36:*.m4a=00;36:*.mid=00;36:*.midi=00;36:*.mka=00;36:*.mp3=00;36:*.mpc=00;36:*.ogg=00;36:*.ra=00;36:*.wav=00;36:*.oga=00;36:*.opus=00;36:*.spx=00;36:*.xspf=00;36:'), ('VSCODE_GIT_IPC_HANDLE', '/run/user/1000/vscode-git-7db71fe166.sock'), ('TERM_PROGRAM', 'vscode'), ('AMENT_PREFIX_PATH', '/home/robot/robot_ws/install/vision_ai_node:/home/robot/robot_ws/install/robot_ai:/home/robot/robot_ws/install/vision_msgs:/home/robot/robot_ws/install/robot_bringup:/home/robot/robot_ws/install/sllidar_ros2:/home/robot/robot_ws/install/robot_serial:/home/robot/robot_ws/install/robot_description:/home/robot/robot_ws/install/robot_camera:/home/robot/robot_ws/install/esp32_ros2_bridge:/home/robot/robot_ws/install/camera_node:/opt/ros/humble'), ('SHELL', '/bin/bash'), ('LESSCLOSE', '/usr/bin/lesspipe %s %s'), ('VSCODE_GIT_ASKPASS_EXTRA_ARGS', ''), ('PWD', '/home/robot/robot_ws/build/robot_description'), ('LC_ALL', 'en_US.UTF-8'), ('COPILOT_DEBUG_NONCE', 'cb1825ebc9d7300a5c5f8b48b9d9b175'), ('SSH_CONNECTION', '192.168.1.88 62124 192.168.1.253 22'), ('XDG_DATA_DIRS', '/usr/local/share:/usr/share:/var/lib/snapd/desktop'), ('PYTHONPATH', '/home/robot/robot_ws/install/vision_ai_node/lib/python3.10/site-packages:/home/robot/robot_ws/install/robot_ai/lib/python3.10/site-packages:/home/robot/robot_ws/install/vision_msgs/local/lib/python3.10/dist-packages:/home/robot/robot_ws/install/robot_serial/lib/python3.10/site-packages:/home/robot/robot_ws/build/robot_camera:/home/robot/robot_ws/install/robot_camera/lib/python3.10/site-packages:/home/robot/robot_ws/build/esp32_ros2_bridge:/home/robot/robot_ws/install/esp32_ros2_bridge/lib/python3.10/site-packages:/home/robot/robot_ws/install/camera_node/lib/python3.10/site-packages:/opt/ros/humble/lib/python3.10/site-packages:/opt/ros/humble/local/lib/python3.10/dist-packages'), ('COLCON', '1'), ('CMAKE_PREFIX_PATH', '/home/robot/robot_ws/install/vision_msgs:/home/robot/robot_ws/install/robot_bringup:/home/robot/robot_ws/install/sllidar_ros2:/home/robot/robot_ws/install/robot_description:/home/robot/robot_ws/install/vision_ai_node:/home/robot/robot_ws/install/robot_ai:/home/robot/robot_ws/install/robot_serial:/home/robot/robot_ws/install/robot_camera:/home/robot/robot_ws/install/esp32_ros2_bridge:/home/robot/robot_ws/install/camera_node:/opt/ros/humble')]), 'shell': False}
[8.926688] (robot_description) StdoutLine: {'line': b'-- Install configuration: ""\n'}
[8.927592] (robot_description) StdoutLine: {'line': b'-- Installing: /home/robot/robot_ws/install/robot_description/share/robot_description//launch\n'}
[8.939262] (robot_description) StdoutLine: {'line': b'-- Installing: /home/robot/robot_ws/install/robot_description/share/robot_description//launch/display.launch.py\n'}
[8.940934] (robot_description) StdoutLine: {'line': b'-- Installing: /home/robot/robot_ws/install/robot_description/share/robot_description//launch/robot_state_publisher.launch.py\n'}
[8.946754] (robot_description) StdoutLine: {'line': b'-- Installing: /home/robot/robot_ws/install/robot_description/share/robot_description//urdf\n'}
[8.948121] (robot_description) StdoutLine: {'line': b'-- Installing: /home/robot/robot_ws/install/robot_description/share/robot_description//urdf/gazebo.xacro\n'}
[8.948868] (-) TimerEvent: {}
[8.956403] (robot_description) StdoutLine: {'line': b'-- Installing: /home/robot/robot_ws/install/robot_description/share/robot_description//urdf/materials.xacro\n'}
[8.957376] (robot_description) StdoutLine: {'line': b'-- Installing: /home/robot/robot_ws/install/robot_description/share/robot_description//urdf/robot.urdf.xacro\n'}
[8.958249] (robot_description) StdoutLine: {'line': b'-- Installing: /home/robot/robot_ws/install/robot_description/share/robot_description//urdf/macros.xacro\n'}
[8.958905] (robot_description) StdoutLine: {'line': b'-- Installing: /home/robot/robot_ws/install/robot_description/share/robot_description//config\n'}
[8.959607] (robot_description) StdoutLine: {'line': b'-- Installing: /home/robot/robot_ws/install/robot_description/share/robot_description//config/joint_limits.yaml\n'}
[8.960465] (robot_description) StdoutLine: {'line': b'-- Installing: /home/robot/robot_ws/install/robot_description/share/robot_description//rviz\n'}
[8.961944] (robot_description) StdoutLine: {'line': b'-- Installing: /home/robot/robot_ws/install/robot_description/share/robot_description//rviz/rviz.rviz\n'}
[8.979473] (robot_description) StdoutLine: {'line': b'-- Installing: /home/robot/robot_ws/install/robot_description/share/ament_index/resource_index/package_run_dependencies/robot_description\n'}
[8.981846] (robot_description) StdoutLine: {'line': b'-- Installing: /home/robot/robot_ws/install/robot_description/share/ament_index/resource_index/parent_prefix_path/robot_description\n'}
[8.984172] (robot_description) StdoutLine: {'line': b'-- Installing: /home/robot/robot_ws/install/robot_description/share/robot_description/environment/ament_prefix_path.sh\n'}
[8.994525] (robot_description) StdoutLine: {'line': b'-- Installing: /home/robot/robot_ws/install/robot_description/share/robot_description/environment/ament_prefix_path.dsv\n'}
[8.998136] (robot_description) StdoutLine: {'line': b'-- Installing: /home/robot/robot_ws/install/robot_description/share/robot_description/environment/path.sh\n'}
[9.003170] (robot_description) StdoutLine: {'line': b'-- Installing: /home/robot/robot_ws/install/robot_description/share/robot_description/environment/path.dsv\n'}
[9.008306] (robot_description) StdoutLine: {'line': b'-- Installing: /home/robot/robot_ws/install/robot_description/share/robot_description/local_setup.bash\n'}
[9.011955] (robot_description) StdoutLine: {'line': b'-- Installing: /home/robot/robot_ws/install/robot_description/share/robot_description/local_setup.sh\n'}
[9.016031] (robot_description) StdoutLine: {'line': b'-- Installing: /home/robot/robot_ws/install/robot_description/share/robot_description/local_setup.zsh\n'}
[9.019769] (robot_description) StdoutLine: {'line': b'-- Installing: /home/robot/robot_ws/install/robot_description/share/robot_description/local_setup.dsv\n'}
[9.023617] (robot_description) StdoutLine: {'line': b'-- Installing: /home/robot/robot_ws/install/robot_description/share/robot_description/package.dsv\n'}
[9.027940] (robot_description) StdoutLine: {'line': b'-- Installing: /home/robot/robot_ws/install/robot_description/share/ament_index/resource_index/packages/robot_description\n'}
[9.030539] (robot_description) StdoutLine: {'line': b'-- Installing: /home/robot/robot_ws/install/robot_description/share/robot_description/cmake/robot_descriptionConfig.cmake\n'}
[9.033872] (robot_description) StdoutLine: {'line': b'-- Installing: /home/robot/robot_ws/install/robot_description/share/robot_description/cmake/robot_descriptionConfig-version.cmake\n'}
[9.037327] (robot_description) StdoutLine: {'line': b'-- Installing: /home/robot/robot_ws/install/robot_description/share/robot_description/package.xml\n'}
[9.049201] (robot_description) CommandEnded: {'returncode': 0}
[9.055777] (-) TimerEvent: {}
[9.058237] (camera_node) StdoutLine: {'line': b'running egg_info\n'}
[9.059497] (camera_node) StdoutLine: {'line': b'creating ../../build/camera_node/camera_node.egg-info\n'}
[9.060060] (camera_node) StdoutLine: {'line': b'writing ../../build/camera_node/camera_node.egg-info/PKG-INFO\n'}
[9.060616] (camera_node) StdoutLine: {'line': b'writing dependency_links to ../../build/camera_node/camera_node.egg-info/dependency_links.txt\n'}
[9.061194] (camera_node) StdoutLine: {'line': b'writing entry points to ../../build/camera_node/camera_node.egg-info/entry_points.txt\n'}
[9.061741] (camera_node) StdoutLine: {'line': b'writing requirements to ../../build/camera_node/camera_node.egg-info/requires.txt\n'}
[9.068355] (camera_node) StdoutLine: {'line': b'writing top-level names to ../../build/camera_node/camera_node.egg-info/top_level.txt\n'}
[9.069001] (camera_node) StdoutLine: {'line': b"writing manifest file '../../build/camera_node/camera_node.egg-info/SOURCES.txt'\n"}
[9.069848] (camera_node) StdoutLine: {'line': b"reading manifest file '../../build/camera_node/camera_node.egg-info/SOURCES.txt'\n"}
[9.073775] (camera_node) StdoutLine: {'line': b"writing manifest file '../../build/camera_node/camera_node.egg-info/SOURCES.txt'\n"}
[9.074607] (camera_node) StdoutLine: {'line': b'running build\n'}
[9.076326] (camera_node) StdoutLine: {'line': b'running build_py\n'}
[9.077914] (camera_node) StdoutLine: {'line': b'creating /home/robot/robot_ws/build/camera_node/build\n'}
[9.078929] (camera_node) StdoutLine: {'line': b'creating /home/robot/robot_ws/build/camera_node/build/lib\n'}
[9.079483] (camera_node) StdoutLine: {'line': b'creating /home/robot/robot_ws/build/camera_node/build/lib/camera_node\n'}
[9.084169] (camera_node) StdoutLine: {'line': b'copying camera_node/__init__.py -> /home/robot/robot_ws/build/camera_node/build/lib/camera_node\n'}
[9.085098] (camera_node) StdoutLine: {'line': b'copying camera_node/camera_node.py -> /home/robot/robot_ws/build/camera_node/build/lib/camera_node\n'}
[9.085612] (camera_node) StdoutLine: {'line': b'running install\n'}
[9.086500] (camera_node) StdoutLine: {'line': b'running install_lib\n'}
[9.087050] (camera_node) StdoutLine: {'line': b'creating /home/robot/robot_ws/install/camera_node/lib/python3.10/site-packages/camera_node\n'}
[9.087559] (camera_node) StdoutLine: {'line': b'copying /home/robot/robot_ws/build/camera_node/build/lib/camera_node/__init__.py -> /home/robot/robot_ws/install/camera_node/lib/python3.10/site-packages/camera_node\n'}
[9.088139] (camera_node) StdoutLine: {'line': b'copying /home/robot/robot_ws/build/camera_node/build/lib/camera_node/camera_node.py -> /home/robot/robot_ws/install/camera_node/lib/python3.10/site-packages/camera_node\n'}
[9.092656] (camera_node) StdoutLine: {'line': b'byte-compiling /home/robot/robot_ws/install/camera_node/lib/python3.10/site-packages/camera_node/__init__.py to __init__.cpython-310.pyc\n'}
[9.093427] (camera_node) StdoutLine: {'line': b'byte-compiling /home/robot/robot_ws/install/camera_node/lib/python3.10/site-packages/camera_node/camera_node.py to camera_node.cpython-310.pyc\n'}
[9.099228] (camera_node) StdoutLine: {'line': b'running install_data\n'}
[9.101405] (camera_node) StdoutLine: {'line': b'creating /home/robot/robot_ws/install/camera_node/share/ament_index\n'}
[9.102830] (camera_node) StdoutLine: {'line': b'creating /home/robot/robot_ws/install/camera_node/share/ament_index/resource_index\n'}
[9.106111] (camera_node) StdoutLine: {'line': b'creating /home/robot/robot_ws/install/camera_node/share/ament_index/resource_index/packages\n'}
[9.108508] (camera_node) StdoutLine: {'line': b'copying resource/camera_node -> /home/robot/robot_ws/install/camera_node/share/ament_index/resource_index/packages\n'}
[9.109237] (camera_node) StdoutLine: {'line': b'copying package.xml -> /home/robot/robot_ws/install/camera_node/share/camera_node\n'}
[9.109857] (camera_node) StdoutLine: {'line': b'creating /home/robot/robot_ws/install/camera_node/share/camera_node/launch\n'}
[9.110387] (camera_node) StdoutLine: {'line': b'copying launch/camera.launch.py -> /home/robot/robot_ws/install/camera_node/share/camera_node/launch\n'}
[9.110881] (camera_node) StdoutLine: {'line': b'creating /home/robot/robot_ws/install/camera_node/share/camera_node/config\n'}
[9.111501] (camera_node) StdoutLine: {'line': b'copying config/camera.yaml -> /home/robot/robot_ws/install/camera_node/share/camera_node/config\n'}
[9.112055] (camera_node) StdoutLine: {'line': b'running install_egg_info\n'}
[9.118521] (camera_node) StdoutLine: {'line': b'Copying ../../build/camera_node/camera_node.egg-info to /home/robot/robot_ws/install/camera_node/lib/python3.10/site-packages/camera_node-1.0.0-py3.10.egg-info\n'}
[9.133763] (camera_node) StdoutLine: {'line': b'running install_scripts\n'}
[9.156752] (-) TimerEvent: {}
[9.717242] (camera_node) StdoutLine: {'line': b'Installing camera_node script to /home/robot/robot_ws/install/camera_node/lib/camera_node\n'}
[9.718865] (-) TimerEvent: {}
[9.722070] (camera_node) StdoutLine: {'line': b"writing list of installed files to '/home/robot/robot_ws/build/camera_node/install.log'\n"}
[9.819181] (-) TimerEvent: {}
[9.921189] (-) TimerEvent: {}
[10.023198] (-) TimerEvent: {}
[10.124081] (-) TimerEvent: {}
[10.224988] (-) TimerEvent: {}
[10.326259] (-) TimerEvent: {}
[10.399194] (sllidar_ros2) StdoutLine: {'line': b'-- Found rmw_implementation_cmake: 6.1.2 (/opt/ros/humble/share/rmw_implementation_cmake/cmake)\n'}
[10.405656] (robot_description) JobEnded: {'identifier': 'robot_description', 'rc': 0}
[10.409476] (robot_serial) JobStarted: {'identifier': 'robot_serial'}
[10.426704] (-) TimerEvent: {}
[10.529469] (-) TimerEvent: {}
[10.546083] (camera_node) CommandEnded: {'returncode': 0}
[10.588906] (camera_node) JobEnded: {'identifier': 'camera_node', 'rc': 0}
[10.629708] (-) TimerEvent: {}
[10.731063] (-) TimerEvent: {}
[10.832632] (-) TimerEvent: {}
[10.933689] (-) TimerEvent: {}
[11.034747] (-) TimerEvent: {}
[11.136234] (-) TimerEvent: {}
[11.237116] (-) TimerEvent: {}
[11.290553] (sllidar_ros2) StdoutLine: {'line': b'-- Found rmw_fastrtps_cpp: 6.2.10 (/opt/ros/humble/share/rmw_fastrtps_cpp/cmake)\n'}
[11.337362] (-) TimerEvent: {}
[11.440637] (-) TimerEvent: {}
[11.541594] (-) TimerEvent: {}
[11.642599] (-) TimerEvent: {}
[11.743421] (-) TimerEvent: {}
[11.844335] (-) TimerEvent: {}
[11.947827] (-) TimerEvent: {}
[12.050150] (-) TimerEvent: {}
[12.152450] (-) TimerEvent: {}
[12.255424] (-) TimerEvent: {}
[12.356817] (-) TimerEvent: {}
[12.460121] (-) TimerEvent: {}
[12.562064] (-) TimerEvent: {}
[12.662950] (-) TimerEvent: {}
[12.764195] (-) TimerEvent: {}
[12.866300] (-) TimerEvent: {}
[12.967158] (-) TimerEvent: {}
[13.067883] (-) TimerEvent: {}
[13.168597] (-) TimerEvent: {}
[13.269459] (-) TimerEvent: {}
[13.370223] (-) TimerEvent: {}
[13.470987] (-) TimerEvent: {}
[13.571689] (-) TimerEvent: {}
[13.672370] (-) TimerEvent: {}
[13.773131] (-) TimerEvent: {}
[13.873919] (-) TimerEvent: {}
[13.974725] (-) TimerEvent: {}
[14.075444] (-) TimerEvent: {}
[14.176185] (-) TimerEvent: {}
[14.277096] (-) TimerEvent: {}
[17.142849] (robot_serial) Command: {'cmd': ['/usr/bin/python3', '-W', 'ignore:setup.py install is deprecated', '-W', 'ignore:easy_install command is deprecated', 'setup.py', 'egg_info', '--egg-base', '../../build/robot_serial', 'build', '--build-base', '/home/robot/robot_ws/build/robot_serial/build', 'install', '--record', '/home/robot/robot_ws/build/robot_serial/install.log', '--install-scripts', '$base/lib/robot_serial', '--single-version-externally-managed', 'install_data'], 'cwd': '/home/robot/robot_ws/src/robot_serial', 'env': {'LESSOPEN': '| /usr/bin/lesspipe %s', 'USER': 'robot', 'SSH_CLIENT': '192.168.1.88 62124 22', 'XDG_SESSION_TYPE': 'tty', 'GIT_ASKPASS': '/home/robot/.vscode-server/cli/servers/Stable-1b6a188127eeaf9194f945eb6eb89a657e93c54c/server/extensions/git/dist/askpass.sh', 'SHLVL': '1', 'LD_LIBRARY_PATH': '/home/robot/robot_ws/install/vision_msgs/lib:/opt/ros/humble/opt/rviz_ogre_vendor/lib:/opt/ros/humble/lib/aarch64-linux-gnu:/opt/ros/humble/lib', 'BROWSER': '/home/robot/.vscode-server/cli/servers/Stable-1b6a188127eeaf9194f945eb6eb89a657e93c54c/server/bin/helpers/browser.sh', 'MOTD_SHOWN': 'pam', 'HOME': '/home/robot', 'OLDPWD': '/home/robot/robot_ws', 'TERM_PROGRAM_VERSION': '1.130.0', 'VSCODE_IPC_HOOK_CLI': '/run/user/1000/vscode-ipc-590b6df8-ecea-44ec-b569-7876fc689e68.sock', 'ROS_PYTHON_VERSION': '3', 'VSCODE_GIT_ASKPASS_MAIN': '/home/robot/.vscode-server/cli/servers/Stable-1b6a188127eeaf9194f945eb6eb89a657e93c54c/server/extensions/git/dist/askpass-main.js', 'VSCODE_GIT_ASKPASS_NODE': '/home/robot/.vscode-server/cli/servers/Stable-1b6a188127eeaf9194f945eb6eb89a657e93c54c/server/node', 'VSCODE_PYTHON_AUTOACTIVATE_GUARD': '1', 'DBUS_SESSION_BUS_ADDRESS': 'unix:path=/run/user/1000/bus', 'COLORTERM': 'truecolor', 'COLCON_PREFIX_PATH': '/home/robot/robot_ws/install', 'ROS_DISTRO': 'humble', 'LOGNAME': 'robot', '_': '/usr/bin/colcon', 'ROS_VERSION': '2', 'XDG_SESSION_CLASS': 'user', 'TERM': 'xterm-256color', 'XDG_SESSION_ID': '3', 'ROS_LOCALHOST_ONLY': '0', 'PATH': '/home/robot/.vscode-server/data/User/globalStorage/github.copilot-chat/debugCommand:/home/robot/.vscode-server/data/User/globalStorage/github.copilot-chat/copilotCli:/home/robot/.vscode-server/cli/servers/Stable-1b6a188127eeaf9194f945eb6eb89a657e93c54c/server/bin/remote-cli:/home/robot/.local/bin:/home/robot/robot_ws/install/esp32_ros2_bridge/bin:/opt/ros/humble/bin:/usr/local/sbin:/usr/local/bin:/usr/sbin:/usr/bin:/sbin:/bin:/usr/games:/usr/local/games:/snap/bin', 'XDG_RUNTIME_DIR': '/run/user/1000', 'LANG': 'en_US.UTF-8', 'LS_COLORS': 'rs=0:di=01;34:ln=01;36:mh=00:pi=40;33:so=01;35:do=01;35:bd=40;33;01:cd=40;33;01:or=40;31;01:mi=00:su=37;41:sg=30;43:ca=30;41:tw=30;42:ow=34;42:st=37;44:ex=01;32:*.tar=01;31:*.tgz=01;31:*.arc=01;31:*.arj=01;31:*.taz=01;31:*.lha=01;31:*.lz4=01;31:*.lzh=01;31:*.lzma=01;31:*.tlz=01;31:*.txz=01;31:*.tzo=01;31:*.t7z=01;31:*.zip=01;31:*.z=01;31:*.dz=01;31:*.gz=01;31:*.lrz=01;31:*.lz=01;31:*.lzo=01;31:*.xz=01;31:*.zst=01;31:*.tzst=01;31:*.bz2=01;31:*.bz=01;31:*.tbz=01;31:*.tbz2=01;31:*.tz=01;31:*.deb=01;31:*.rpm=01;31:*.jar=01;31:*.war=01;31:*.ear=01;31:*.sar=01;31:*.rar=01;31:*.alz=01;31:*.ace=01;31:*.zoo=01;31:*.cpio=01;31:*.7z=01;31:*.rz=01;31:*.cab=01;31:*.wim=01;31:*.swm=01;31:*.dwm=01;31:*.esd=01;31:*.jpg=01;35:*.jpeg=01;35:*.mjpg=01;35:*.mjpeg=01;35:*.gif=01;35:*.bmp=01;35:*.pbm=01;35:*.pgm=01;35:*.ppm=01;35:*.tga=01;35:*.xbm=01;35:*.xpm=01;35:*.tif=01;35:*.tiff=01;35:*.png=01;35:*.svg=01;35:*.svgz=01;35:*.mng=01;35:*.pcx=01;35:*.mov=01;35:*.mpg=01;35:*.mpeg=01;35:*.m2v=01;35:*.mkv=01;35:*.webm=01;35:*.webp=01;35:*.ogm=01;35:*.mp4=01;35:*.m4v=01;35:*.mp4v=01;35:*.vob=01;35:*.qt=01;35:*.nuv=01;35:*.wmv=01;35:*.asf=01;35:*.rm=01;35:*.rmvb=01;35:*.flc=01;35:*.avi=01;35:*.fli=01;35:*.flv=01;35:*.gl=01;35:*.dl=01;35:*.xcf=01;35:*.xwd=01;35:*.yuv=01;35:*.cgm=01;35:*.emf=01;35:*.ogv=01;35:*.ogx=01;35:*.aac=00;36:*.au=00;36:*.flac=00;36:*.m4a=00;36:*.mid=00;36:*.midi=00;36:*.mka=00;36:*.mp3=00;36:*.mpc=00;36:*.ogg=00;36:*.ra=00;36:*.wav=00;36:*.oga=00;36:*.opus=00;36:*.spx=00;36:*.xspf=00;36:', 'VSCODE_GIT_IPC_HANDLE': '/run/user/1000/vscode-git-7db71fe166.sock', 'TERM_PROGRAM': 'vscode', 'AMENT_PREFIX_PATH': '/home/robot/robot_ws/install/vision_ai_node:/home/robot/robot_ws/install/robot_ai:/home/robot/robot_ws/install/vision_msgs:/home/robot/robot_ws/install/robot_bringup:/home/robot/robot_ws/install/sllidar_ros2:/home/robot/robot_ws/install/robot_serial:/home/robot/robot_ws/install/robot_description:/home/robot/robot_ws/install/robot_camera:/home/robot/robot_ws/install/esp32_ros2_bridge:/home/robot/robot_ws/install/camera_node:/opt/ros/humble', 'SHELL': '/bin/bash', 'LESSCLOSE': '/usr/bin/lesspipe %s %s', 'VSCODE_GIT_ASKPASS_EXTRA_ARGS': '', 'PWD': '/home/robot/robot_ws/build/robot_serial', 'LC_ALL': 'en_US.UTF-8', 'COPILOT_DEBUG_NONCE': 'cb1825ebc9d7300a5c5f8b48b9d9b175', 'SSH_CONNECTION': '192.168.1.88 62124 192.168.1.253 22', 'XDG_DATA_DIRS': '/usr/local/share:/usr/share:/var/lib/snapd/desktop', 'PYTHONPATH': '/home/robot/robot_ws/build/robot_serial/prefix_override:/usr/lib/python3/dist-packages/colcon_core/task/python/colcon_distutils_commands:/home/robot/robot_ws/install/robot_serial/lib/python3.10/site-packages:/home/robot/robot_ws/install/vision_ai_node/lib/python3.10/site-packages:/home/robot/robot_ws/install/robot_ai/lib/python3.10/site-packages:/home/robot/robot_ws/install/vision_msgs/local/lib/python3.10/dist-packages:/home/robot/robot_ws/install/robot_serial/lib/python3.10/site-packages:/home/robot/robot_ws/build/robot_camera:/home/robot/robot_ws/install/robot_camera/lib/python3.10/site-packages:/home/robot/robot_ws/build/esp32_ros2_bridge:/home/robot/robot_ws/install/esp32_ros2_bridge/lib/python3.10/site-packages:/home/robot/robot_ws/install/camera_node/lib/python3.10/site-packages:/opt/ros/humble/lib/python3.10/site-packages:/opt/ros/humble/local/lib/python3.10/dist-packages', 'COLCON': '1', 'CMAKE_PREFIX_PATH': '/home/robot/robot_ws/install/vision_msgs:/home/robot/robot_ws/install/robot_bringup:/home/robot/robot_ws/install/sllidar_ros2:/home/robot/robot_ws/install/robot_description'}, 'shell': False}
[17.146461] (-) TimerEvent: {}
[17.166702] (vision_msgs) StdoutLine: {'line': b'-- Found ament_cmake_ros: 0.10.0 (/opt/ros/humble/share/ament_cmake_ros/cmake)\n'}
[17.247024] (-) TimerEvent: {}
[17.348874] (-) TimerEvent: {}
[17.452345] (-) TimerEvent: {}
[17.553858] (-) TimerEvent: {}
[17.655512] (-) TimerEvent: {}
[17.758108] (-) TimerEvent: {}
[17.859583] (-) TimerEvent: {}
[17.960541] (-) TimerEvent: {}
[18.063043] (-) TimerEvent: {}
[18.164536] (-) TimerEvent: {}
[18.265346] (-) TimerEvent: {}
[18.366179] (-) TimerEvent: {}
[18.466988] (-) TimerEvent: {}
[18.567823] (-) TimerEvent: {}
[18.669265] (-) TimerEvent: {}
[18.770993] (-) TimerEvent: {}
[18.872879] (-) TimerEvent: {}
[18.937472] (robot_serial) StdoutLine: {'line': b'running egg_info\n'}
[18.942236] (robot_serial) StdoutLine: {'line': b'creating ../../build/robot_serial/robot_serial.egg-info\n'}
[18.943902] (robot_serial) StdoutLine: {'line': b'writing ../../build/robot_serial/robot_serial.egg-info/PKG-INFO\n'}
[18.946060] (robot_serial) StdoutLine: {'line': b'writing dependency_links to ../../build/robot_serial/robot_serial.egg-info/dependency_links.txt\n'}
[18.947236] (robot_serial) StdoutLine: {'line': b'writing entry points to ../../build/robot_serial/robot_serial.egg-info/entry_points.txt\n'}
[18.948220] (robot_serial) StdoutLine: {'line': b'writing requirements to ../../build/robot_serial/robot_serial.egg-info/requires.txt\n'}
[18.949295] (robot_serial) StdoutLine: {'line': b'writing top-level names to ../../build/robot_serial/robot_serial.egg-info/top_level.txt\n'}
[18.950327] (robot_serial) StdoutLine: {'line': b"writing manifest file '../../build/robot_serial/robot_serial.egg-info/SOURCES.txt'\n"}
[18.963398] (robot_serial) StdoutLine: {'line': b"reading manifest file '../../build/robot_serial/robot_serial.egg-info/SOURCES.txt'\n"}
[18.968815] (robot_serial) StdoutLine: {'line': b"writing manifest file '../../build/robot_serial/robot_serial.egg-info/SOURCES.txt'\n"}
[18.970755] (robot_serial) StdoutLine: {'line': b'running build\n'}
[18.971829] (robot_serial) StdoutLine: {'line': b'running build_py\n'}
[18.973259] (-) TimerEvent: {}
[18.975274] (robot_serial) StdoutLine: {'line': b'creating /home/robot/robot_ws/build/robot_serial/build\n'}
[18.976266] (robot_serial) StdoutLine: {'line': b'creating /home/robot/robot_ws/build/robot_serial/build/lib\n'}
[18.977512] (robot_serial) StdoutLine: {'line': b'creating /home/robot/robot_ws/build/robot_serial/build/lib/robot_serial\n'}
[18.978562] (robot_serial) StdoutLine: {'line': b'copying robot_serial/__init__.py -> /home/robot/robot_ws/build/robot_serial/build/lib/robot_serial\n'}
[18.982982] (robot_serial) StdoutLine: {'line': b'copying robot_serial/serial_protocol.py -> /home/robot/robot_ws/build/robot_serial/build/lib/robot_serial\n'}
[18.983758] (robot_serial) StdoutLine: {'line': b'copying robot_serial/sensor_parser.py -> /home/robot/robot_ws/build/robot_serial/build/lib/robot_serial\n'}
[18.986120] (robot_serial) StdoutLine: {'line': b'copying robot_serial/teleop.py -> /home/robot/robot_ws/build/robot_serial/build/lib/robot_serial\n'}
[18.986668] (robot_serial) StdoutLine: {'line': b'copying robot_serial/serial_manager.py -> /home/robot/robot_ws/build/robot_serial/build/lib/robot_serial\n'}
[18.987131] (robot_serial) StdoutLine: {'line': b'copying robot_serial/serial_node.py -> /home/robot/robot_ws/build/robot_serial/build/lib/robot_serial\n'}
[18.989930] (robot_serial) StdoutLine: {'line': b'copying robot_serial/serial_bridge_node.py -> /home/robot/robot_ws/build/robot_serial/build/lib/robot_serial\n'}
[18.990598] (robot_serial) StdoutLine: {'line': b'copying robot_serial/wheel_odom_node.py -> /home/robot/robot_ws/build/robot_serial/build/lib/robot_serial\n'}
[18.991202] (robot_serial) StdoutLine: {'line': b'copying robot_serial/serial_parser.py -> /home/robot/robot_ws/build/robot_serial/build/lib/robot_serial\n'}
[18.991756] (robot_serial) StdoutLine: {'line': b'running install\n'}
[18.992347] (robot_serial) StdoutLine: {'line': b'running install_lib\n'}
[18.997890] (robot_serial) StdoutLine: {'line': b'creating /home/robot/robot_ws/install/robot_serial/lib/python3.10/site-packages/robot_serial\n'}
[18.998803] (robot_serial) StdoutLine: {'line': b'copying /home/robot/robot_ws/build/robot_serial/build/lib/robot_serial/__init__.py -> /home/robot/robot_ws/install/robot_serial/lib/python3.10/site-packages/robot_serial\n'}
[19.002420] (robot_serial) StdoutLine: {'line': b'copying /home/robot/robot_ws/build/robot_serial/build/lib/robot_serial/serial_protocol.py -> /home/robot/robot_ws/install/robot_serial/lib/python3.10/site-packages/robot_serial\n'}
[19.004761] (robot_serial) StdoutLine: {'line': b'copying /home/robot/robot_ws/build/robot_serial/build/lib/robot_serial/sensor_parser.py -> /home/robot/robot_ws/install/robot_serial/lib/python3.10/site-packages/robot_serial\n'}
[19.005768] (robot_serial) StdoutLine: {'line': b'copying /home/robot/robot_ws/build/robot_serial/build/lib/robot_serial/teleop.py -> /home/robot/robot_ws/install/robot_serial/lib/python3.10/site-packages/robot_serial\n'}
[19.006781] (robot_serial) StdoutLine: {'line': b'copying /home/robot/robot_ws/build/robot_serial/build/lib/robot_serial/serial_manager.py -> /home/robot/robot_ws/install/robot_serial/lib/python3.10/site-packages/robot_serial\n'}
[19.007399] (robot_serial) StdoutLine: {'line': b'copying /home/robot/robot_ws/build/robot_serial/build/lib/robot_serial/serial_node.py -> /home/robot/robot_ws/install/robot_serial/lib/python3.10/site-packages/robot_serial\n'}
[19.007971] (robot_serial) StdoutLine: {'line': b'copying /home/robot/robot_ws/build/robot_serial/build/lib/robot_serial/serial_bridge_node.py -> /home/robot/robot_ws/install/robot_serial/lib/python3.10/site-packages/robot_serial\n'}
[19.008665] (robot_serial) StdoutLine: {'line': b'copying /home/robot/robot_ws/build/robot_serial/build/lib/robot_serial/wheel_odom_node.py -> /home/robot/robot_ws/install/robot_serial/lib/python3.10/site-packages/robot_serial\n'}
[19.021991] (robot_serial) StdoutLine: {'line': b'copying /home/robot/robot_ws/build/robot_serial/build/lib/robot_serial/serial_parser.py -> /home/robot/robot_ws/install/robot_serial/lib/python3.10/site-packages/robot_serial\n'}
[19.022645] (robot_serial) StdoutLine: {'line': b'byte-compiling /home/robot/robot_ws/install/robot_serial/lib/python3.10/site-packages/robot_serial/__init__.py to __init__.cpython-310.pyc\n'}
[19.023280] (robot_serial) StdoutLine: {'line': b'byte-compiling /home/robot/robot_ws/install/robot_serial/lib/python3.10/site-packages/robot_serial/serial_protocol.py to serial_protocol.cpython-310.pyc\n'}
[19.023886] (robot_serial) StdoutLine: {'line': b'byte-compiling /home/robot/robot_ws/install/robot_serial/lib/python3.10/site-packages/robot_serial/sensor_parser.py to sensor_parser.cpython-310.pyc\n'}
[19.024420] (robot_serial) StdoutLine: {'line': b'byte-compiling /home/robot/robot_ws/install/robot_serial/lib/python3.10/site-packages/robot_serial/teleop.py to teleop.cpython-310.pyc\n'}
[19.030854] (robot_serial) StdoutLine: {'line': b'byte-compiling /home/robot/robot_ws/install/robot_serial/lib/python3.10/site-packages/robot_serial/serial_manager.py to serial_manager.cpython-310.pyc\n'}
[19.032072] (robot_serial) StdoutLine: {'line': b'byte-compiling /home/robot/robot_ws/install/robot_serial/lib/python3.10/site-packages/robot_serial/serial_node.py to serial_node.cpython-310.pyc\n'}
[19.040741] (robot_serial) StdoutLine: {'line': b'byte-compiling /home/robot/robot_ws/install/robot_serial/lib/python3.10/site-packages/robot_serial/serial_bridge_node.py to serial_bridge_node.cpython-310.pyc\n'}
[19.051014] (robot_serial) StdoutLine: {'line': b'byte-compiling /home/robot/robot_ws/install/robot_serial/lib/python3.10/site-packages/robot_serial/wheel_odom_node.py to wheel_odom_node.cpython-310.pyc\n'}
[19.056724] (robot_serial) StdoutLine: {'line': b'byte-compiling /home/robot/robot_ws/install/robot_serial/lib/python3.10/site-packages/robot_serial/serial_parser.py to serial_parser.cpython-310.pyc\n'}
[19.060522] (robot_serial) StdoutLine: {'line': b'running install_data\n'}
[19.063556] (robot_serial) StdoutLine: {'line': b'creating /home/robot/robot_ws/install/robot_serial/share/ament_index\n'}
[19.064167] (robot_serial) StdoutLine: {'line': b'creating /home/robot/robot_ws/install/robot_serial/share/ament_index/resource_index\n'}
[19.064775] (robot_serial) StdoutLine: {'line': b'creating /home/robot/robot_ws/install/robot_serial/share/ament_index/resource_index/packages\n'}
[19.065672] (robot_serial) StdoutLine: {'line': b'copying resource/robot_serial -> /home/robot/robot_ws/install/robot_serial/share/ament_index/resource_index/packages\n'}
[19.066247] (robot_serial) StdoutLine: {'line': b'copying package.xml -> /home/robot/robot_ws/install/robot_serial/share/robot_serial\n'}
[19.066938] (robot_serial) StdoutLine: {'line': b'creating /home/robot/robot_ws/install/robot_serial/share/robot_serial/launch\n'}
[19.067799] (robot_serial) StdoutLine: {'line': b'copying launch/robot_serial.launch.py -> /home/robot/robot_ws/install/robot_serial/share/robot_serial/launch\n'}
[19.068982] (robot_serial) StdoutLine: {'line': b'copying launch/wheel_odom.launch.py -> /home/robot/robot_ws/install/robot_serial/share/robot_serial/launch\n'}
[19.069976] (robot_serial) StdoutLine: {'line': b'creating /home/robot/robot_ws/install/robot_serial/share/robot_serial/config\n'}
[19.070682] (robot_serial) StdoutLine: {'line': b'copying config/serial.yaml -> /home/robot/robot_ws/install/robot_serial/share/robot_serial/config\n'}
[19.071230] (robot_serial) StdoutLine: {'line': b'running install_egg_info\n'}
[19.073529] (-) TimerEvent: {}
[19.081681] (robot_serial) StdoutLine: {'line': b'Copying ../../build/robot_serial/robot_serial.egg-info to /home/robot/robot_ws/install/robot_serial/lib/python3.10/site-packages/robot_serial-1.0.0-py3.10.egg-info\n'}
[19.093227] (robot_serial) StdoutLine: {'line': b'running install_scripts\n'}
[19.173834] (-) TimerEvent: {}
[19.211616] (sllidar_ros2) StdoutLine: {'line': b'-- Found OpenSSL: /usr/lib/aarch64-linux-gnu/libcrypto.so (found version "3.0.2")  \n'}
[19.228609] (robot_serial) StdoutLine: {'line': b'Installing serial_node script to /home/robot/robot_ws/install/robot_serial/lib/robot_serial\n'}
[19.229531] (robot_serial) StdoutLine: {'line': b'Installing teleop_text script to /home/robot/robot_ws/install/robot_serial/lib/robot_serial\n'}
[19.230428] (robot_serial) StdoutLine: {'line': b'Installing wheel_odom_node script to /home/robot/robot_ws/install/robot_serial/lib/robot_serial\n'}
[19.233476] (robot_serial) StdoutLine: {'line': b"writing list of installed files to '/home/robot/robot_ws/build/robot_serial/install.log'\n"}
[19.274353] (-) TimerEvent: {}
[19.369490] (robot_serial) CommandEnded: {'returncode': 0}
[19.455342] (-) TimerEvent: {}
[19.502728] (sllidar_ros2) StdoutLine: {'line': b'-- Found FastRTPS: /opt/ros/humble/include  \n'}
[19.513092] (robot_serial) JobEnded: {'identifier': 'robot_serial', 'rc': 0}
[19.555564] (-) TimerEvent: {}
[19.656817] (-) TimerEvent: {}
[19.757634] (-) TimerEvent: {}
[19.858451] (-) TimerEvent: {}
[19.959283] (-) TimerEvent: {}
[20.034706] (sllidar_ros2) StdoutLine: {'line': b"-- Using RMW implementation 'rmw_fastrtps_cpp' as default\n"}
[20.059550] (-) TimerEvent: {}
[20.161580] (-) TimerEvent: {}
[20.167131] (sllidar_ros2) StdoutLine: {'line': b'-- Looking for pthread.h\n'}
[20.261910] (-) TimerEvent: {}
[20.281602] (vision_msgs) StdoutLine: {'line': b'-- Using all available rosidl_typesupport_c: rosidl_typesupport_fastrtps_c;rosidl_typesupport_introspection_c\n'}
[20.362070] (-) TimerEvent: {}
[20.463599] (-) TimerEvent: {}
[20.564572] (-) TimerEvent: {}
[20.592136] (sllidar_ros2) StdoutLine: {'line': b'-- Looking for pthread.h - found\n'}
[20.595002] (sllidar_ros2) StdoutLine: {'line': b'-- Performing Test CMAKE_HAVE_LIBC_PTHREAD\n'}
[20.664781] (-) TimerEvent: {}
[20.765885] (-) TimerEvent: {}
[20.866761] (-) TimerEvent: {}
[20.967491] (-) TimerEvent: {}
[21.068197] (-) TimerEvent: {}
[21.169717] (-) TimerEvent: {}
[21.180074] (sllidar_ros2) StdoutLine: {'line': b'-- Performing Test CMAKE_HAVE_LIBC_PTHREAD - Success\n'}
[21.184606] (sllidar_ros2) StdoutLine: {'line': b'-- Found Threads: TRUE  \n'}
[21.269926] (-) TimerEvent: {}
[21.370716] (-) TimerEvent: {}
[21.471678] (-) TimerEvent: {}
[21.572521] (-) TimerEvent: {}
[21.643249] (sllidar_ros2) StdoutLine: {'line': b'-- Found sensor_msgs: 4.9.1 (/opt/ros/humble/share/sensor_msgs/cmake)\n'}
[21.672698] (-) TimerEvent: {}
[21.774093] (-) TimerEvent: {}
[21.875930] (-) TimerEvent: {}
[21.921644] (sllidar_ros2) StdoutLine: {'line': b'-- Found std_srvs: 4.9.1 (/opt/ros/humble/share/std_srvs/cmake)\n'}
[21.976165] (-) TimerEvent: {}
[22.077220] (-) TimerEvent: {}
[22.088733] (vision_msgs) StdoutLine: {'line': b'-- Using all available rosidl_typesupport_cpp: rosidl_typesupport_fastrtps_cpp;rosidl_typesupport_introspection_cpp\n'}
[22.177387] (-) TimerEvent: {}
[22.232042] (vision_msgs) StdoutLine: {'line': b'-- Found PythonInterp: /usr/bin/python3 (found suitable version "3.10.12", minimum required is "3.6") \n'}
[22.265246] (vision_msgs) StdoutLine: {'line': b'-- Found python_cmake_module: 0.10.0 (/opt/ros/humble/share/python_cmake_module/cmake)\n'}
[22.277601] (-) TimerEvent: {}
[22.378503] (-) TimerEvent: {}
[22.404885] (sllidar_ros2) StdoutLine: {'line': b'-- Configuring done\n'}
[22.441935] (vision_msgs) StdoutLine: {'line': b'-- Found PythonLibs: /usr/lib/aarch64-linux-gnu/libpython3.10.so (found suitable version "3.10.12", minimum required is "3.5") \n'}
[22.443496] (vision_msgs) StdoutLine: {'line': b'-- Using PYTHON_EXECUTABLE: /usr/bin/python3\n'}
[22.444261] (vision_msgs) StdoutLine: {'line': b'-- Using PYTHON_INCLUDE_DIRS: /usr/include/python3.10\n'}
[22.444779] (vision_msgs) StdoutLine: {'line': b'-- Using PYTHON_LIBRARIES: /usr/lib/aarch64-linux-gnu/libpython3.10.so\n'}
[22.478720] (-) TimerEvent: {}
[22.520839] (sllidar_ros2) StdoutLine: {'line': b'-- Generating done\n'}
[22.553550] (sllidar_ros2) StdoutLine: {'line': b'-- Build files have been written to: /home/robot/robot_ws/build/sllidar_ros2\n'}
[22.579065] (-) TimerEvent: {}
[22.608119] (vision_msgs) StdoutLine: {'line': b'-- Found PythonExtra: .so  \n'}
[22.618197] (sllidar_ros2) CommandEnded: {'returncode': 0}
[22.619707] (sllidar_ros2) JobProgress: {'identifier': 'sllidar_ros2', 'progress': 'build'}
[22.619860] (sllidar_ros2) Command: {'cmd': ['/usr/bin/cmake', '--build', '/home/robot/robot_ws/build/sllidar_ros2', '--', '-j4', '-l4'], 'cwd': '/home/robot/robot_ws/build/sllidar_ros2', 'env': OrderedDict([('LESSOPEN', '| /usr/bin/lesspipe %s'), ('USER', 'robot'), ('SSH_CLIENT', '192.168.1.88 62124 22'), ('XDG_SESSION_TYPE', 'tty'), ('GIT_ASKPASS', '/home/robot/.vscode-server/cli/servers/Stable-1b6a188127eeaf9194f945eb6eb89a657e93c54c/server/extensions/git/dist/askpass.sh'), ('SHLVL', '1'), ('LD_LIBRARY_PATH', '/home/robot/robot_ws/install/vision_msgs/lib:/opt/ros/humble/opt/rviz_ogre_vendor/lib:/opt/ros/humble/lib/aarch64-linux-gnu:/opt/ros/humble/lib'), ('BROWSER', '/home/robot/.vscode-server/cli/servers/Stable-1b6a188127eeaf9194f945eb6eb89a657e93c54c/server/bin/helpers/browser.sh'), ('MOTD_SHOWN', 'pam'), ('HOME', '/home/robot'), ('OLDPWD', '/home/robot/robot_ws'), ('TERM_PROGRAM_VERSION', '1.130.0'), ('VSCODE_IPC_HOOK_CLI', '/run/user/1000/vscode-ipc-590b6df8-ecea-44ec-b569-7876fc689e68.sock'), ('ROS_PYTHON_VERSION', '3'), ('VSCODE_GIT_ASKPASS_MAIN', '/home/robot/.vscode-server/cli/servers/Stable-1b6a188127eeaf9194f945eb6eb89a657e93c54c/server/extensions/git/dist/askpass-main.js'), ('VSCODE_GIT_ASKPASS_NODE', '/home/robot/.vscode-server/cli/servers/Stable-1b6a188127eeaf9194f945eb6eb89a657e93c54c/server/node'), ('VSCODE_PYTHON_AUTOACTIVATE_GUARD', '1'), ('DBUS_SESSION_BUS_ADDRESS', 'unix:path=/run/user/1000/bus'), ('COLORTERM', 'truecolor'), ('COLCON_PREFIX_PATH', '/home/robot/robot_ws/install'), ('ROS_DISTRO', 'humble'), ('LOGNAME', 'robot'), ('_', '/usr/bin/colcon'), ('ROS_VERSION', '2'), ('XDG_SESSION_CLASS', 'user'), ('TERM', 'xterm-256color'), ('XDG_SESSION_ID', '3'), ('ROS_LOCALHOST_ONLY', '0'), ('PATH', '/home/robot/.vscode-server/data/User/globalStorage/github.copilot-chat/debugCommand:/home/robot/.vscode-server/data/User/globalStorage/github.copilot-chat/copilotCli:/home/robot/.vscode-server/cli/servers/Stable-1b6a188127eeaf9194f945eb6eb89a657e93c54c/server/bin/remote-cli:/home/robot/.local/bin:/home/robot/robot_ws/install/esp32_ros2_bridge/bin:/opt/ros/humble/bin:/usr/local/sbin:/usr/local/bin:/usr/sbin:/usr/bin:/sbin:/bin:/usr/games:/usr/local/games:/snap/bin'), ('XDG_RUNTIME_DIR', '/run/user/1000'), ('LANG', 'en_US.UTF-8'), ('LS_COLORS', 'rs=0:di=01;34:ln=01;36:mh=00:pi=40;33:so=01;35:do=01;35:bd=40;33;01:cd=40;33;01:or=40;31;01:mi=00:su=37;41:sg=30;43:ca=30;41:tw=30;42:ow=34;42:st=37;44:ex=01;32:*.tar=01;31:*.tgz=01;31:*.arc=01;31:*.arj=01;31:*.taz=01;31:*.lha=01;31:*.lz4=01;31:*.lzh=01;31:*.lzma=01;31:*.tlz=01;31:*.txz=01;31:*.tzo=01;31:*.t7z=01;31:*.zip=01;31:*.z=01;31:*.dz=01;31:*.gz=01;31:*.lrz=01;31:*.lz=01;31:*.lzo=01;31:*.xz=01;31:*.zst=01;31:*.tzst=01;31:*.bz2=01;31:*.bz=01;31:*.tbz=01;31:*.tbz2=01;31:*.tz=01;31:*.deb=01;31:*.rpm=01;31:*.jar=01;31:*.war=01;31:*.ear=01;31:*.sar=01;31:*.rar=01;31:*.alz=01;31:*.ace=01;31:*.zoo=01;31:*.cpio=01;31:*.7z=01;31:*.rz=01;31:*.cab=01;31:*.wim=01;31:*.swm=01;31:*.dwm=01;31:*.esd=01;31:*.jpg=01;35:*.jpeg=01;35:*.mjpg=01;35:*.mjpeg=01;35:*.gif=01;35:*.bmp=01;35:*.pbm=01;35:*.pgm=01;35:*.ppm=01;35:*.tga=01;35:*.xbm=01;35:*.xpm=01;35:*.tif=01;35:*.tiff=01;35:*.png=01;35:*.svg=01;35:*.svgz=01;35:*.mng=01;35:*.pcx=01;35:*.mov=01;35:*.mpg=01;35:*.mpeg=01;35:*.m2v=01;35:*.mkv=01;35:*.webm=01;35:*.webp=01;35:*.ogm=01;35:*.mp4=01;35:*.m4v=01;35:*.mp4v=01;35:*.vob=01;35:*.qt=01;35:*.nuv=01;35:*.wmv=01;35:*.asf=01;35:*.rm=01;35:*.rmvb=01;35:*.flc=01;35:*.avi=01;35:*.fli=01;35:*.flv=01;35:*.gl=01;35:*.dl=01;35:*.xcf=01;35:*.xwd=01;35:*.yuv=01;35:*.cgm=01;35:*.emf=01;35:*.ogv=01;35:*.ogx=01;35:*.aac=00;36:*.au=00;36:*.flac=00;36:*.m4a=00;36:*.mid=00;36:*.midi=00;36:*.mka=00;36:*.mp3=00;36:*.mpc=00;36:*.ogg=00;36:*.ra=00;36:*.wav=00;36:*.oga=00;36:*.opus=00;36:*.spx=00;36:*.xspf=00;36:'), ('VSCODE_GIT_IPC_HANDLE', '/run/user/1000/vscode-git-7db71fe166.sock'), ('TERM_PROGRAM', 'vscode'), ('AMENT_PREFIX_PATH', '/home/robot/robot_ws/install/vision_ai_node:/home/robot/robot_ws/install/robot_ai:/home/robot/robot_ws/install/vision_msgs:/home/robot/robot_ws/install/robot_bringup:/home/robot/robot_ws/install/sllidar_ros2:/home/robot/robot_ws/install/robot_serial:/home/robot/robot_ws/install/robot_description:/home/robot/robot_ws/install/robot_camera:/home/robot/robot_ws/install/esp32_ros2_bridge:/home/robot/robot_ws/install/camera_node:/opt/ros/humble'), ('SHELL', '/bin/bash'), ('LESSCLOSE', '/usr/bin/lesspipe %s %s'), ('VSCODE_GIT_ASKPASS_EXTRA_ARGS', ''), ('PWD', '/home/robot/robot_ws/build/sllidar_ros2'), ('LC_ALL', 'en_US.UTF-8'), ('COPILOT_DEBUG_NONCE', 'cb1825ebc9d7300a5c5f8b48b9d9b175'), ('SSH_CONNECTION', '192.168.1.88 62124 192.168.1.253 22'), ('XDG_DATA_DIRS', '/usr/local/share:/usr/share:/var/lib/snapd/desktop'), ('PYTHONPATH', '/home/robot/robot_ws/install/vision_ai_node/lib/python3.10/site-packages:/home/robot/robot_ws/install/robot_ai/lib/python3.10/site-packages:/home/robot/robot_ws/install/vision_msgs/local/lib/python3.10/dist-packages:/home/robot/robot_ws/install/robot_serial/lib/python3.10/site-packages:/home/robot/robot_ws/build/robot_camera:/home/robot/robot_ws/install/robot_camera/lib/python3.10/site-packages:/home/robot/robot_ws/build/esp32_ros2_bridge:/home/robot/robot_ws/install/esp32_ros2_bridge/lib/python3.10/site-packages:/home/robot/robot_ws/install/camera_node/lib/python3.10/site-packages:/opt/ros/humble/lib/python3.10/site-packages:/opt/ros/humble/local/lib/python3.10/dist-packages'), ('COLCON', '1'), ('CMAKE_PREFIX_PATH', '/home/robot/robot_ws/install/vision_msgs:/home/robot/robot_ws/install/robot_bringup:/home/robot/robot_ws/install/sllidar_ros2:/home/robot/robot_ws/install/robot_description:/home/robot/robot_ws/install/vision_ai_node:/home/robot/robot_ws/install/robot_ai:/home/robot/robot_ws/install/robot_serial:/home/robot/robot_ws/install/robot_camera:/home/robot/robot_ws/install/esp32_ros2_bridge:/home/robot/robot_ws/install/camera_node:/opt/ros/humble')]), 'shell': False}
[22.679260] (-) TimerEvent: {}
[22.780744] (-) TimerEvent: {}
[22.889254] (-) TimerEvent: {}
[22.987603] (sllidar_ros2) StdoutLine: {'line': b'[  5%] \x1b[32mBuilding CXX object CMakeFiles/sllidar_node.dir/src/sllidar_node.cpp.o\x1b[0m\n'}
[22.989508] (-) TimerEvent: {}
[23.091290] (-) TimerEvent: {}
[23.192752] (-) TimerEvent: {}
[23.294351] (-) TimerEvent: {}
[23.395923] (-) TimerEvent: {}
[23.497406] (-) TimerEvent: {}
[23.598280] (-) TimerEvent: {}
[23.650536] (vision_msgs) StdoutLine: {'line': b'-- Configuring done\n'}
[23.698510] (-) TimerEvent: {}
[23.800522] (-) TimerEvent: {}
[23.902139] (-) TimerEvent: {}
[24.003787] (-) TimerEvent: {}
[24.061351] (vision_msgs) StdoutLine: {'line': b'-- Generating done\n'}
[24.104030] (-) TimerEvent: {}
[24.205728] (-) TimerEvent: {}
[24.230808] (vision_msgs) StdoutLine: {'line': b'-- Build files have been written to: /home/robot/robot_ws/build/vision_msgs\n'}
[24.274757] (vision_msgs) CommandEnded: {'returncode': 0}
[24.276811] (vision_msgs) JobProgress: {'identifier': 'vision_msgs', 'progress': 'build'}
[24.277134] (vision_msgs) Command: {'cmd': ['/usr/bin/cmake', '--build', '/home/robot/robot_ws/build/vision_msgs', '--', '-j4', '-l4'], 'cwd': '/home/robot/robot_ws/build/vision_msgs', 'env': OrderedDict([('LESSOPEN', '| /usr/bin/lesspipe %s'), ('USER', 'robot'), ('SSH_CLIENT', '192.168.1.88 62124 22'), ('XDG_SESSION_TYPE', 'tty'), ('GIT_ASKPASS', '/home/robot/.vscode-server/cli/servers/Stable-1b6a188127eeaf9194f945eb6eb89a657e93c54c/server/extensions/git/dist/askpass.sh'), ('SHLVL', '1'), ('LD_LIBRARY_PATH', '/home/robot/robot_ws/install/vision_msgs/lib:/opt/ros/humble/opt/rviz_ogre_vendor/lib:/opt/ros/humble/lib/aarch64-linux-gnu:/opt/ros/humble/lib'), ('BROWSER', '/home/robot/.vscode-server/cli/servers/Stable-1b6a188127eeaf9194f945eb6eb89a657e93c54c/server/bin/helpers/browser.sh'), ('MOTD_SHOWN', 'pam'), ('HOME', '/home/robot'), ('OLDPWD', '/home/robot/robot_ws'), ('TERM_PROGRAM_VERSION', '1.130.0'), ('VSCODE_IPC_HOOK_CLI', '/run/user/1000/vscode-ipc-590b6df8-ecea-44ec-b569-7876fc689e68.sock'), ('ROS_PYTHON_VERSION', '3'), ('VSCODE_GIT_ASKPASS_MAIN', '/home/robot/.vscode-server/cli/servers/Stable-1b6a188127eeaf9194f945eb6eb89a657e93c54c/server/extensions/git/dist/askpass-main.js'), ('VSCODE_GIT_ASKPASS_NODE', '/home/robot/.vscode-server/cli/servers/Stable-1b6a188127eeaf9194f945eb6eb89a657e93c54c/server/node'), ('VSCODE_PYTHON_AUTOACTIVATE_GUARD', '1'), ('DBUS_SESSION_BUS_ADDRESS', 'unix:path=/run/user/1000/bus'), ('COLORTERM', 'truecolor'), ('COLCON_PREFIX_PATH', '/home/robot/robot_ws/install'), ('ROS_DISTRO', 'humble'), ('LOGNAME', 'robot'), ('_', '/usr/bin/colcon'), ('ROS_VERSION', '2'), ('XDG_SESSION_CLASS', 'user'), ('TERM', 'xterm-256color'), ('XDG_SESSION_ID', '3'), ('ROS_LOCALHOST_ONLY', '0'), ('PATH', '/home/robot/.vscode-server/data/User/globalStorage/github.copilot-chat/debugCommand:/home/robot/.vscode-server/data/User/globalStorage/github.copilot-chat/copilotCli:/home/robot/.vscode-server/cli/servers/Stable-1b6a188127eeaf9194f945eb6eb89a657e93c54c/server/bin/remote-cli:/home/robot/.local/bin:/home/robot/robot_ws/install/esp32_ros2_bridge/bin:/opt/ros/humble/bin:/usr/local/sbin:/usr/local/bin:/usr/sbin:/usr/bin:/sbin:/bin:/usr/games:/usr/local/games:/snap/bin'), ('XDG_RUNTIME_DIR', '/run/user/1000'), ('LANG', 'en_US.UTF-8'), ('LS_COLORS', 'rs=0:di=01;34:ln=01;36:mh=00:pi=40;33:so=01;35:do=01;35:bd=40;33;01:cd=40;33;01:or=40;31;01:mi=00:su=37;41:sg=30;43:ca=30;41:tw=30;42:ow=34;42:st=37;44:ex=01;32:*.tar=01;31:*.tgz=01;31:*.arc=01;31:*.arj=01;31:*.taz=01;31:*.lha=01;31:*.lz4=01;31:*.lzh=01;31:*.lzma=01;31:*.tlz=01;31:*.txz=01;31:*.tzo=01;31:*.t7z=01;31:*.zip=01;31:*.z=01;31:*.dz=01;31:*.gz=01;31:*.lrz=01;31:*.lz=01;31:*.lzo=01;31:*.xz=01;31:*.zst=01;31:*.tzst=01;31:*.bz2=01;31:*.bz=01;31:*.tbz=01;31:*.tbz2=01;31:*.tz=01;31:*.deb=01;31:*.rpm=01;31:*.jar=01;31:*.war=01;31:*.ear=01;31:*.sar=01;31:*.rar=01;31:*.alz=01;31:*.ace=01;31:*.zoo=01;31:*.cpio=01;31:*.7z=01;31:*.rz=01;31:*.cab=01;31:*.wim=01;31:*.swm=01;31:*.dwm=01;31:*.esd=01;31:*.jpg=01;35:*.jpeg=01;35:*.mjpg=01;35:*.mjpeg=01;35:*.gif=01;35:*.bmp=01;35:*.pbm=01;35:*.pgm=01;35:*.ppm=01;35:*.tga=01;35:*.xbm=01;35:*.xpm=01;35:*.tif=01;35:*.tiff=01;35:*.png=01;35:*.svg=01;35:*.svgz=01;35:*.mng=01;35:*.pcx=01;35:*.mov=01;35:*.mpg=01;35:*.mpeg=01;35:*.m2v=01;35:*.mkv=01;35:*.webm=01;35:*.webp=01;35:*.ogm=01;35:*.mp4=01;35:*.m4v=01;35:*.mp4v=01;35:*.vob=01;35:*.qt=01;35:*.nuv=01;35:*.wmv=01;35:*.asf=01;35:*.rm=01;35:*.rmvb=01;35:*.flc=01;35:*.avi=01;35:*.fli=01;35:*.flv=01;35:*.gl=01;35:*.dl=01;35:*.xcf=01;35:*.xwd=01;35:*.yuv=01;35:*.cgm=01;35:*.emf=01;35:*.ogv=01;35:*.ogx=01;35:*.aac=00;36:*.au=00;36:*.flac=00;36:*.m4a=00;36:*.mid=00;36:*.midi=00;36:*.mka=00;36:*.mp3=00;36:*.mpc=00;36:*.ogg=00;36:*.ra=00;36:*.wav=00;36:*.oga=00;36:*.opus=00;36:*.spx=00;36:*.xspf=00;36:'), ('VSCODE_GIT_IPC_HANDLE', '/run/user/1000/vscode-git-7db71fe166.sock'), ('TERM_PROGRAM', 'vscode'), ('AMENT_PREFIX_PATH', '/home/robot/robot_ws/install/vision_ai_node:/home/robot/robot_ws/install/robot_ai:/home/robot/robot_ws/install/vision_msgs:/home/robot/robot_ws/install/robot_bringup:/home/robot/robot_ws/install/sllidar_ros2:/home/robot/robot_ws/install/robot_serial:/home/robot/robot_ws/install/robot_description:/home/robot/robot_ws/install/robot_camera:/home/robot/robot_ws/install/esp32_ros2_bridge:/home/robot/robot_ws/install/camera_node:/opt/ros/humble'), ('SHELL', '/bin/bash'), ('LESSCLOSE', '/usr/bin/lesspipe %s %s'), ('VSCODE_GIT_ASKPASS_EXTRA_ARGS', ''), ('PWD', '/home/robot/robot_ws/build/vision_msgs'), ('LC_ALL', 'en_US.UTF-8'), ('COPILOT_DEBUG_NONCE', 'cb1825ebc9d7300a5c5f8b48b9d9b175'), ('SSH_CONNECTION', '192.168.1.88 62124 192.168.1.253 22'), ('XDG_DATA_DIRS', '/usr/local/share:/usr/share:/var/lib/snapd/desktop'), ('PYTHONPATH', '/home/robot/robot_ws/install/vision_ai_node/lib/python3.10/site-packages:/home/robot/robot_ws/install/robot_ai/lib/python3.10/site-packages:/home/robot/robot_ws/install/vision_msgs/local/lib/python3.10/dist-packages:/home/robot/robot_ws/install/robot_serial/lib/python3.10/site-packages:/home/robot/robot_ws/build/robot_camera:/home/robot/robot_ws/install/robot_camera/lib/python3.10/site-packages:/home/robot/robot_ws/build/esp32_ros2_bridge:/home/robot/robot_ws/install/esp32_ros2_bridge/lib/python3.10/site-packages:/home/robot/robot_ws/install/camera_node/lib/python3.10/site-packages:/opt/ros/humble/lib/python3.10/site-packages:/opt/ros/humble/local/lib/python3.10/dist-packages'), ('COLCON', '1'), ('CMAKE_PREFIX_PATH', '/home/robot/robot_ws/install/vision_msgs:/home/robot/robot_ws/install/robot_bringup:/home/robot/robot_ws/install/sllidar_ros2:/home/robot/robot_ws/install/robot_description:/home/robot/robot_ws/install/vision_ai_node:/home/robot/robot_ws/install/robot_ai:/home/robot/robot_ws/install/robot_serial:/home/robot/robot_ws/install/robot_camera:/home/robot/robot_ws/install/esp32_ros2_bridge:/home/robot/robot_ws/install/camera_node:/opt/ros/humble')]), 'shell': False}
[25.125682] (-) TimerEvent: {}
[25.227058] (-) TimerEvent: {}
[25.327864] (-) TimerEvent: {}
[25.428700] (-) TimerEvent: {}
[25.529664] (-) TimerEvent: {}
[25.630777] (-) TimerEvent: {}
[25.731735] (-) TimerEvent: {}
[25.736829] (vision_msgs) StdoutLine: {'line': b'[  2%] \x1b[34m\x1b[1mGenerating C++ code for ROS interfaces\x1b[0m\n'}
[25.831909] (-) TimerEvent: {}
[25.932714] (-) TimerEvent: {}
[26.034605] (-) TimerEvent: {}
[26.135327] (-) TimerEvent: {}
[26.236080] (-) TimerEvent: {}
[26.336974] (-) TimerEvent: {}
[26.437764] (-) TimerEvent: {}
[26.538509] (-) TimerEvent: {}
[26.639311] (-) TimerEvent: {}
[26.740707] (-) TimerEvent: {}
[26.842503] (-) TimerEvent: {}
[26.943339] (-) TimerEvent: {}
[27.044180] (-) TimerEvent: {}
[27.144895] (-) TimerEvent: {}
[27.245653] (-) TimerEvent: {}
[27.346449] (-) TimerEvent: {}
[27.447335] (-) TimerEvent: {}
[27.548253] (-) TimerEvent: {}
[27.649411] (-) TimerEvent: {}
[27.750231] (-) TimerEvent: {}
[27.851559] (-) TimerEvent: {}
[27.952766] (-) TimerEvent: {}
[28.053930] (-) TimerEvent: {}
[28.154987] (-) TimerEvent: {}
[28.255958] (-) TimerEvent: {}
[28.356949] (-) TimerEvent: {}
[28.458235] (-) TimerEvent: {}
[28.559352] (-) TimerEvent: {}
[28.660516] (-) TimerEvent: {}
[28.761644] (-) TimerEvent: {}
[28.862713] (-) TimerEvent: {}
[28.963860] (-) TimerEvent: {}
[29.064653] (-) TimerEvent: {}
[29.165767] (-) TimerEvent: {}
[29.266913] (-) TimerEvent: {}
[29.368069] (-) TimerEvent: {}
[33.384411] (-) TimerEvent: {}
[33.485959] (-) TimerEvent: {}
[33.587574] (-) TimerEvent: {}
[33.689455] (-) TimerEvent: {}
[33.791192] (-) TimerEvent: {}
[33.893701] (-) TimerEvent: {}
[33.995331] (-) TimerEvent: {}
[34.096967] (-) TimerEvent: {}
[34.199494] (-) TimerEvent: {}
[34.301329] (-) TimerEvent: {}
[34.403941] (-) TimerEvent: {}
[34.506147] (-) TimerEvent: {}
[34.608222] (-) TimerEvent: {}
[34.709666] (-) TimerEvent: {}
[43.703879] (-) TimerEvent: {}
[44.961089] (-) TimerEvent: {}
[45.063092] (-) TimerEvent: {}
[45.164698] (-) TimerEvent: {}
[45.266909] (-) TimerEvent: {}
[45.368090] (-) TimerEvent: {}
[45.439972] (vision_msgs) StdoutLine: {'line': b'[  2%] Built target vision_msgs__cpp\n'}
[45.468320] (-) TimerEvent: {}
[45.569315] (-) TimerEvent: {}
[45.585111] (vision_msgs) StdoutLine: {'line': b'[  2%] Built target ament_cmake_python_copy_vision_msgs\n'}
[45.643548] (vision_msgs) StdoutLine: {'line': b'[  4%] \x1b[34m\x1b[1mGenerating C++ type support dispatch for ROS interfaces\x1b[0m\n'}
[45.669498] (-) TimerEvent: {}
[45.770323] (-) TimerEvent: {}
[45.872094] (-) TimerEvent: {}
[45.973201] (-) TimerEvent: {}
[46.074133] (-) TimerEvent: {}
[46.174988] (-) TimerEvent: {}
[46.275860] (-) TimerEvent: {}
[46.377486] (-) TimerEvent: {}
[46.478977] (-) TimerEvent: {}
[46.579797] (-) TimerEvent: {}
[46.680990] (-) TimerEvent: {}
[46.781756] (-) TimerEvent: {}
[46.882486] (-) TimerEvent: {}
[46.983269] (-) TimerEvent: {}
[47.084047] (-) TimerEvent: {}
[47.184878] (-) TimerEvent: {}
[47.285756] (-) TimerEvent: {}
[47.386613] (-) TimerEvent: {}
[47.487457] (-) TimerEvent: {}
[47.588326] (-) TimerEvent: {}
[47.689189] (-) TimerEvent: {}
[47.790033] (-) TimerEvent: {}
[47.890961] (-) TimerEvent: {}
[47.991808] (-) TimerEvent: {}
[48.092647] (-) TimerEvent: {}
[48.193525] (-) TimerEvent: {}
[48.294541] (-) TimerEvent: {}
[48.396168] (-) TimerEvent: {}
[48.497583] (-) TimerEvent: {}
[48.551929] (vision_msgs) StdoutLine: {'line': b'[  6%] \x1b[32mBuilding CXX object CMakeFiles/vision_msgs__rosidl_typesupport_cpp.dir/rosidl_typesupport_cpp/vision_msgs/msg/detection__type_support.cpp.o\x1b[0m\n'}
[48.597976] (-) TimerEvent: {}
[48.699299] (-) TimerEvent: {}
[48.897978] (-) TimerEvent: {}
[48.998876] (-) TimerEvent: {}
[49.099926] (-) TimerEvent: {}
[49.200847] (-) TimerEvent: {}
[49.301838] (-) TimerEvent: {}
[49.402886] (-) TimerEvent: {}
[49.504002] (-) TimerEvent: {}
[49.604997] (-) TimerEvent: {}
[49.705912] (-) TimerEvent: {}
[49.809059] (-) TimerEvent: {}
[49.911344] (-) TimerEvent: {}
[50.013544] (-) TimerEvent: {}
[50.114653] (-) TimerEvent: {}
[50.181367] (vision_msgs) StdoutLine: {'line': b'[  8%] \x1b[32mBuilding CXX object CMakeFiles/vision_msgs__rosidl_typesupport_cpp.dir/rosidl_typesupport_cpp/vision_msgs/msg/detection_array__type_support.cpp.o\x1b[0m\n'}
[50.214966] (-) TimerEvent: {}
[50.315902] (-) TimerEvent: {}
[50.416745] (-) TimerEvent: {}
[50.517980] (-) TimerEvent: {}
[50.620636] (-) TimerEvent: {}
[50.722970] (-) TimerEvent: {}
[50.824573] (-) TimerEvent: {}
[50.925729] (-) TimerEvent: {}
[51.027088] (-) TimerEvent: {}
[51.128129] (-) TimerEvent: {}
[51.229846] (-) TimerEvent: {}
[51.330871] (-) TimerEvent: {}
[51.431899] (-) TimerEvent: {}
[51.532807] (-) TimerEvent: {}
[51.633755] (-) TimerEvent: {}
[51.734701] (-) TimerEvent: {}
[51.835762] (-) TimerEvent: {}
[51.936883] (-) TimerEvent: {}
[52.037838] (-) TimerEvent: {}
[52.138794] (-) TimerEvent: {}
[52.239865] (-) TimerEvent: {}
[52.342175] (-) TimerEvent: {}
[52.443249] (-) TimerEvent: {}
[52.545117] (-) TimerEvent: {}
[52.646393] (-) TimerEvent: {}
[52.747323] (-) TimerEvent: {}
[52.848312] (-) TimerEvent: {}
[52.949657] (-) TimerEvent: {}
[53.050649] (-) TimerEvent: {}
[53.151514] (-) TimerEvent: {}
[53.252485] (-) TimerEvent: {}
[53.353374] (-) TimerEvent: {}
[53.454556] (-) TimerEvent: {}
[53.555700] (-) TimerEvent: {}
[53.657210] (-) TimerEvent: {}
[53.758885] (-) TimerEvent: {}
[53.859885] (-) TimerEvent: {}
[53.961285] (-) TimerEvent: {}
[54.062295] (-) TimerEvent: {}
[54.163169] (-) TimerEvent: {}
[54.264056] (-) TimerEvent: {}
[54.364891] (-) TimerEvent: {}
[54.465745] (-) TimerEvent: {}
[54.566527] (-) TimerEvent: {}
[54.667315] (-) TimerEvent: {}
[54.768199] (-) TimerEvent: {}
[54.869212] (-) TimerEvent: {}
[54.970003] (-) TimerEvent: {}
[55.070807] (-) TimerEvent: {}
[55.158746] (vision_msgs) StdoutLine: {'line': b'[ 10%] \x1b[32mBuilding CXX object CMakeFiles/vision_msgs__rosidl_typesupport_cpp.dir/rosidl_typesupport_cpp/vision_msgs/msg/ai_status__type_support.cpp.o\x1b[0m\n'}
[55.171011] (-) TimerEvent: {}
[55.272026] (-) TimerEvent: {}
[55.372931] (-) TimerEvent: {}
[55.473805] (-) TimerEvent: {}
[55.574712] (-) TimerEvent: {}
[55.675652] (-) TimerEvent: {}
[55.776614] (-) TimerEvent: {}
[55.877616] (-) TimerEvent: {}
[55.978512] (-) TimerEvent: {}
[56.079588] (-) TimerEvent: {}
[56.180510] (-) TimerEvent: {}
[56.281477] (-) TimerEvent: {}
[56.382467] (-) TimerEvent: {}
[56.483979] (-) TimerEvent: {}
[56.585237] (-) TimerEvent: {}
[56.686258] (-) TimerEvent: {}
[56.787144] (-) TimerEvent: {}
[56.888289] (-) TimerEvent: {}
[56.989250] (-) TimerEvent: {}
[57.090216] (-) TimerEvent: {}
[57.191168] (-) TimerEvent: {}
[57.292141] (-) TimerEvent: {}
[57.393137] (-) TimerEvent: {}
[57.494067] (-) TimerEvent: {}
[57.595012] (-) TimerEvent: {}
[57.695928] (-) TimerEvent: {}
[57.731704] (vision_msgs) StdoutLine: {'line': b'[ 12%] \x1b[32m\x1b[1mLinking CXX shared library libvision_msgs__rosidl_typesupport_cpp.so\x1b[0m\n'}
[57.796131] (-) TimerEvent: {}
[57.898003] (-) TimerEvent: {}
[57.999022] (-) TimerEvent: {}
[58.082319] (vision_msgs) StdoutLine: {'line': b'[ 12%] Built target vision_msgs__rosidl_typesupport_cpp\n'}
[58.099238] (-) TimerEvent: {}
[58.108719] (sllidar_ros2) StderrLine: {'line': b'In file included from \x1b[01m\x1b[K/home/robot/robot_ws/src/sllidar_ros2/./sdk/include/sl_lidar_cmd.h:41\x1b[m\x1b[K,\n'}
[58.109533] (sllidar_ros2) StderrLine: {'line': b'                 from \x1b[01m\x1b[K/home/robot/robot_ws/src/sllidar_ros2/./sdk/include/sl_lidar_driver.h:54\x1b[m\x1b[K,\n'}
[58.110032] (sllidar_ros2) StderrLine: {'line': b'                 from \x1b[01m\x1b[K/home/robot/robot_ws/src/sllidar_ros2/./sdk/include/sl_lidar.h:36\x1b[m\x1b[K,\n'}
[58.110694] (sllidar_ros2) StderrLine: {'line': b'                 from \x1b[01m\x1b[K/home/robot/robot_ws/src/sllidar_ros2/src/sllidar_node.cpp:38\x1b[m\x1b[K:\n'}
[58.111173] (sllidar_ros2) StderrLine: {'line': b'\x1b[01m\x1b[K/home/robot/robot_ws/src/sllidar_ros2/./sdk/include/sl_lidar_protocol.h:66:16:\x1b[m\x1b[K \x1b[01;35m\x1b[Kwarning: \x1b[m\x1b[KISO C++ forbids zero-size array \xe2\x80\x98\x1b[01m\x1b[Kdata\x1b[m\x1b[K\xe2\x80\x99 [\x1b[01;35m\x1b[K\x1b]8;;https://gcc.gnu.org/onlinedocs/gcc/Warning-Options.html#index-Wpedantic\x07-Wpedantic\x1b]8;;\x07\x1b[m\x1b[K]\n'}
[58.111603] (sllidar_ros2) StderrLine: {'line': b'   66 |     sl_u8 data[\x1b[01;35m\x1b[K0\x1b[m\x1b[K];\n'}
[58.111999] (sllidar_ros2) StderrLine: {'line': b'      |                \x1b[01;35m\x1b[K^\x1b[m\x1b[K\n'}
[58.112371] (sllidar_ros2) StderrLine: {'line': b'In file included from \x1b[01m\x1b[K/home/robot/robot_ws/src/sllidar_ros2/./sdk/include/sl_lidar_driver.h:54\x1b[m\x1b[K,\n'}
[58.112758] (sllidar_ros2) StderrLine: {'line': b'                 from \x1b[01m\x1b[K/home/robot/robot_ws/src/sllidar_ros2/./sdk/include/sl_lidar.h:36\x1b[m\x1b[K,\n'}
[58.113314] (sllidar_ros2) StderrLine: {'line': b'                 from \x1b[01m\x1b[K/home/robot/robot_ws/src/sllidar_ros2/src/sllidar_node.cpp:38\x1b[m\x1b[K:\n'}
[58.113765] (sllidar_ros2) StderrLine: {'line': b'\x1b[01m\x1b[K/home/robot/robot_ws/src/sllidar_ros2/./sdk/include/sl_lidar_cmd.h:324:20:\x1b[m\x1b[K \x1b[01;35m\x1b[Kwarning: \x1b[m\x1b[KISO C++ forbids zero-size array \xe2\x80\x98\x1b[01m\x1b[Kpayload\x1b[m\x1b[K\xe2\x80\x99 [\x1b[01;35m\x1b[K\x1b]8;;https://gcc.gnu.org/onlinedocs/gcc/Warning-Options.html#index-Wpedantic\x07-Wpedantic\x1b]8;;\x07\x1b[m\x1b[K]\n'}
[58.114181] (sllidar_ros2) StderrLine: {'line': b'  324 |     sl_u8  payload[\x1b[01;35m\x1b[K0\x1b[m\x1b[K];\n'}
[58.114635] (sllidar_ros2) StderrLine: {'line': b'      |                    \x1b[01;35m\x1b[K^\x1b[m\x1b[K\n'}
[58.143903] (vision_msgs) StdoutLine: {'line': b'[ 14%] \x1b[34m\x1b[1mGenerating C++ type support for eProsima Fast-RTPS\x1b[0m\n'}
[58.199487] (-) TimerEvent: {}
[58.300317] (-) TimerEvent: {}
[58.401121] (-) TimerEvent: {}
[58.501928] (-) TimerEvent: {}
[58.602748] (-) TimerEvent: {}
[58.703603] (-) TimerEvent: {}
[59.415143] (-) TimerEvent: {}
[59.515964] (-) TimerEvent: {}
[59.616793] (-) TimerEvent: {}
[59.717825] (-) TimerEvent: {}
[59.819730] (-) TimerEvent: {}
[59.921814] (-) TimerEvent: {}
[60.022710] (-) TimerEvent: {}
[60.123589] (-) TimerEvent: {}
[60.224629] (-) TimerEvent: {}
[60.325680] (-) TimerEvent: {}
[60.426813] (-) TimerEvent: {}
[60.527764] (-) TimerEvent: {}
[60.628730] (-) TimerEvent: {}
[60.729699] (-) TimerEvent: {}
[60.830631] (-) TimerEvent: {}
[60.931607] (-) TimerEvent: {}
[61.032685] (-) TimerEvent: {}
[61.133758] (-) TimerEvent: {}
[61.235293] (-) TimerEvent: {}
[61.336141] (-) TimerEvent: {}
[61.437065] (-) TimerEvent: {}
[61.537882] (-) TimerEvent: {}
[61.638692] (-) TimerEvent: {}
[61.739519] (-) TimerEvent: {}
[61.840335] (-) TimerEvent: {}
[61.941247] (-) TimerEvent: {}
[62.042404] (-) TimerEvent: {}
[62.143338] (-) TimerEvent: {}
[62.246017] (-) TimerEvent: {}
[62.346923] (-) TimerEvent: {}
[62.447843] (-) TimerEvent: {}
[62.548758] (-) TimerEvent: {}
[62.649551] (-) TimerEvent: {}
[62.750501] (-) TimerEvent: {}
[62.851606] (-) TimerEvent: {}
[62.953111] (-) TimerEvent: {}
[63.055054] (-) TimerEvent: {}
[63.157129] (-) TimerEvent: {}
[63.257969] (-) TimerEvent: {}
[63.358853] (-) TimerEvent: {}
[63.459755] (-) TimerEvent: {}
[63.560620] (-) TimerEvent: {}
[63.661704] (-) TimerEvent: {}
[63.762735] (-) TimerEvent: {}
[67.651052] (vision_msgs) StdoutLine: {'line': b'[ 16%] \x1b[32mBuilding CXX object CMakeFiles/vision_msgs__rosidl_typesupport_fastrtps_cpp.dir/rosidl_typesupport_fastrtps_cpp/vision_msgs/msg/detail/dds_fastrtps/detection__type_support.cpp.o\x1b[0m\n'}
[67.651943] (-) TimerEvent: {}
[67.753895] (-) TimerEvent: {}
[67.854936] (-) TimerEvent: {}
[67.957250] (-) TimerEvent: {}
[68.059299] (-) TimerEvent: {}
[68.161359] (-) TimerEvent: {}
[68.263258] (-) TimerEvent: {}
[68.365564] (-) TimerEvent: {}
[68.466508] (-) TimerEvent: {}
[68.567517] (-) TimerEvent: {}
[68.668505] (-) TimerEvent: {}
[68.769582] (-) TimerEvent: {}
[68.984683] (-) TimerEvent: {}
[69.087032] (-) TimerEvent: {}
[69.189623] (-) TimerEvent: {}
[96.991036] (-) TimerEvent: {}
[97.008265] (sllidar_ros2) StdoutLine: {'line': b'[ 10%] \x1b[32mBuilding CXX object CMakeFiles/sllidar_node.dir/sdk/src/arch/linux/net_socket.cpp.o\x1b[0m\n'}
[97.009746] (vision_msgs) StdoutLine: {'line': b'[ 18%] \x1b[32mBuilding CXX object CMakeFiles/vision_msgs__rosidl_typesupport_fastrtps_cpp.dir/rosidl_typesupport_fastrtps_cpp/vision_msgs/msg/detail/dds_fastrtps/detection_array__type_support.cpp.o\x1b[0m\n'}
[97.091320] (-) TimerEvent: {}
[97.193406] (-) TimerEvent: {}
[97.294415] (-) TimerEvent: {}
[97.396729] (-) TimerEvent: {}
[97.498381] (-) TimerEvent: {}
[97.599292] (-) TimerEvent: {}
[97.700837] (-) TimerEvent: {}
[97.802865] (-) TimerEvent: {}
[97.904841] (-) TimerEvent: {}
[98.005996] (-) TimerEvent: {}
[98.107222] (-) TimerEvent: {}
[98.208297] (-) TimerEvent: {}
[98.309432] (-) TimerEvent: {}
[98.460466] (-) TimerEvent: {}
[98.561448] (-) TimerEvent: {}
[98.662443] (-) TimerEvent: {}
[98.763494] (-) TimerEvent: {}
[98.864521] (-) TimerEvent: {}
[98.965793] (-) TimerEvent: {}
[98.998278] (sllidar_ros2) StderrLine: {'line': b'In file included from \x1b[01m\x1b[K/home/robot/robot_ws/src/sllidar_ros2/./sdk/include/rplidar_protocol.h:36\x1b[m\x1b[K,\n'}
[98.998899] (sllidar_ros2) StderrLine: {'line': b'                 from \x1b[01m\x1b[K/home/robot/robot_ws/src/sllidar_ros2/./sdk/include/rplidar.h:39\x1b[m\x1b[K,\n'}
[98.999303] (sllidar_ros2) StderrLine: {'line': b'                 from \x1b[01m\x1b[K/home/robot/robot_ws/src/sllidar_ros2/./sdk/src/sdkcommon.h:49\x1b[m\x1b[K,\n'}
[98.999758] (sllidar_ros2) StderrLine: {'line': b'                 from \x1b[01m\x1b[K/home/robot/robot_ws/src/sllidar_ros2/sdk/src/arch/linux/net_socket.cpp:10\x1b[m\x1b[K:\n'}
[99.000457] (sllidar_ros2) StderrLine: {'line': b'\x1b[01m\x1b[K/home/robot/robot_ws/src/sllidar_ros2/./sdk/include/sl_lidar_protocol.h:66:16:\x1b[m\x1b[K \x1b[01;35m\x1b[Kwarning: \x1b[m\x1b[KISO C++ forbids zero-size array \xe2\x80\x98\x1b[01m\x1b[Kdata\x1b[m\x1b[K\xe2\x80\x99 [\x1b[01;35m\x1b[K\x1b]8;;https://gcc.gnu.org/onlinedocs/gcc/Warning-Options.html#index-Wpedantic\x07-Wpedantic\x1b]8;;\x07\x1b[m\x1b[K]\n'}
[99.000896] (sllidar_ros2) StderrLine: {'line': b'   66 |     sl_u8 data[\x1b[01;35m\x1b[K0\x1b[m\x1b[K];\n'}
[99.001387] (sllidar_ros2) StderrLine: {'line': b'      |                \x1b[01;35m\x1b[K^\x1b[m\x1b[K\n'}
[99.001788] (sllidar_ros2) StderrLine: {'line': b'In file included from \x1b[01m\x1b[K/home/robot/robot_ws/src/sllidar_ros2/./sdk/include/rplidar_cmd.h:36\x1b[m\x1b[K,\n'}
[99.002172] (sllidar_ros2) StderrLine: {'line': b'                 from \x1b[01m\x1b[K/home/robot/robot_ws/src/sllidar_ros2/./sdk/include/rplidar.h:40\x1b[m\x1b[K,\n'}
[99.002683] (sllidar_ros2) StderrLine: {'line': b'                 from \x1b[01m\x1b[K/home/robot/robot_ws/src/sllidar_ros2/./sdk/src/sdkcommon.h:49\x1b[m\x1b[K,\n'}
[99.003203] (sllidar_ros2) StderrLine: {'line': b'                 from \x1b[01m\x1b[K/home/robot/robot_ws/src/sllidar_ros2/sdk/src/arch/linux/net_socket.cpp:10\x1b[m\x1b[K:\n'}
[99.003601] (sllidar_ros2) StderrLine: {'line': b'\x1b[01m\x1b[K/home/robot/robot_ws/src/sllidar_ros2/./sdk/include/sl_lidar_cmd.h:324:20:\x1b[m\x1b[K \x1b[01;35m\x1b[Kwarning: \x1b[m\x1b[KISO C++ forbids zero-size array \xe2\x80\x98\x1b[01m\x1b[Kpayload\x1b[m\x1b[K\xe2\x80\x99 [\x1b[01;35m\x1b[K\x1b]8;;https://gcc.gnu.org/onlinedocs/gcc/Warning-Options.html#index-Wpedantic\x07-Wpedantic\x1b]8;;\x07\x1b[m\x1b[K]\n'}
[99.003997] (sllidar_ros2) StderrLine: {'line': b'  324 |     sl_u8  payload[\x1b[01;35m\x1b[K0\x1b[m\x1b[K];\n'}
[99.004388] (sllidar_ros2) StderrLine: {'line': b'      |                    \x1b[01;35m\x1b[K^\x1b[m\x1b[K\n'}
[99.065974] (-) TimerEvent: {}
[99.114659] (vision_msgs) StdoutLine: {'line': b'[ 20%] \x1b[32mBuilding CXX object CMakeFiles/vision_msgs__rosidl_typesupport_fastrtps_cpp.dir/rosidl_typesupport_fastrtps_cpp/vision_msgs/msg/detail/dds_fastrtps/ai_status__type_support.cpp.o\x1b[0m\n'}
[99.166255] (-) TimerEvent: {}
[99.268092] (-) TimerEvent: {}
[99.318237] (sllidar_ros2) StderrLine: {'line': b'In file included from \x1b[01m\x1b[K/home/robot/robot_ws/src/sllidar_ros2/./sdk/src/arch/linux/arch_linux.h:42\x1b[m\x1b[K,\n'}
[99.320262] (sllidar_ros2) StderrLine: {'line': b'                 from \x1b[01m\x1b[K/home/robot/robot_ws/src/sllidar_ros2/./sdk/src/sdkcommon.h:41\x1b[m\x1b[K,\n'}
[99.322278] (sllidar_ros2) StderrLine: {'line': b'                 from \x1b[01m\x1b[K/home/robot/robot_ws/src/sllidar_ros2/sdk/src/arch/linux/net_socket.cpp:10\x1b[m\x1b[K:\n'}
[99.323484] (sllidar_ros2) StderrLine: {'line': b'\x1b[01m\x1b[K/home/robot/robot_ws/src/sllidar_ros2/sdk/src/arch/linux/net_socket.cpp:\x1b[m\x1b[K In member function \xe2\x80\x98\x1b[01m\x1b[Kvirtual u_result rp::arch::net::DGramSocketImpl::sendTo(const rp::net::SocketAddress*, const void*, size_t)\x1b[m\x1b[K\xe2\x80\x99:\n'}
[99.324425] (sllidar_ros2) StderrLine: {'line': b'\x1b[01m\x1b[K/home/robot/robot_ws/src/sllidar_ros2/sdk/src/arch/linux/net_socket.cpp:733:24:\x1b[m\x1b[K \x1b[01;35m\x1b[Kwarning: \x1b[m\x1b[Kcomparison of integer expressions of different signedness: \xe2\x80\x98\x1b[01m\x1b[Kint\x1b[m\x1b[K\xe2\x80\x99 and \xe2\x80\x98\x1b[01m\x1b[Ksize_t\x1b[m\x1b[K\xe2\x80\x99 {aka \xe2\x80\x98\x1b[01m\x1b[Klong unsigned int\x1b[m\x1b[K\xe2\x80\x99} [\x1b[01;35m\x1b[K\x1b]8;;https://gcc.gnu.org/onlinedocs/gcc/Warning-Options.html#index-Wsign-compare\x07-Wsign-compare\x1b]8;;\x07\x1b[m\x1b[K]\n'}
[99.325496] (sllidar_ros2) StderrLine: {'line': b'  733 |             assert(\x1b[01;35m\x1b[Kans == len\x1b[m\x1b[K);\n'}
[99.326698] (sllidar_ros2) StderrLine: {'line': b'      |                    \x1b[01;35m\x1b[K~~~~^~~~~~\x1b[m\x1b[K\n'}
[99.368433] (-) TimerEvent: {}
[99.469964] (-) TimerEvent: {}
[99.571007] (-) TimerEvent: {}
[99.672048] (-) TimerEvent: {}
[99.773040] (-) TimerEvent: {}
[99.874212] (-) TimerEvent: {}
[99.976274] (-) TimerEvent: {}
[100.078149] (-) TimerEvent: {}
[100.179153] (-) TimerEvent: {}
[100.281538] (-) TimerEvent: {}
[100.382357] (-) TimerEvent: {}
[100.483162] (-) TimerEvent: {}
[100.583966] (-) TimerEvent: {}
[100.684795] (-) TimerEvent: {}
[100.785719] (-) TimerEvent: {}
[100.886601] (-) TimerEvent: {}
[100.987434] (-) TimerEvent: {}
[101.088241] (-) TimerEvent: {}
[101.189121] (-) TimerEvent: {}
[101.289897] (-) TimerEvent: {}
[101.390776] (-) TimerEvent: {}
[101.491814] (-) TimerEvent: {}
[101.592666] (-) TimerEvent: {}
[101.693906] (-) TimerEvent: {}
[101.794933] (-) TimerEvent: {}
[101.895760] (-) TimerEvent: {}
[101.996852] (-) TimerEvent: {}
[102.098080] (-) TimerEvent: {}
[102.199239] (-) TimerEvent: {}
[102.300510] (-) TimerEvent: {}
[102.401735] (-) TimerEvent: {}
[102.502927] (-) TimerEvent: {}
[102.604097] (-) TimerEvent: {}
[102.705247] (-) TimerEvent: {}
[102.806330] (-) TimerEvent: {}
[102.907388] (-) TimerEvent: {}
[103.008440] (-) TimerEvent: {}
[103.109529] (-) TimerEvent: {}
[103.210541] (-) TimerEvent: {}
[103.311725] (-) TimerEvent: {}
[103.413153] (-) TimerEvent: {}
[103.514299] (-) TimerEvent: {}
[103.615297] (-) TimerEvent: {}
[103.716254] (-) TimerEvent: {}
[103.817423] (-) TimerEvent: {}
[103.918501] (-) TimerEvent: {}
[104.019826] (-) TimerEvent: {}
[104.121000] (-) TimerEvent: {}
[104.222274] (-) TimerEvent: {}
[104.323735] (-) TimerEvent: {}
[104.424923] (-) TimerEvent: {}
[104.525957] (-) TimerEvent: {}
[104.627219] (-) TimerEvent: {}
[104.728404] (-) TimerEvent: {}
[104.829564] (-) TimerEvent: {}
[104.930582] (-) TimerEvent: {}
[105.031501] (-) TimerEvent: {}
[105.132647] (-) TimerEvent: {}
[105.233742] (-) TimerEvent: {}
[105.334895] (-) TimerEvent: {}
[105.436046] (-) TimerEvent: {}
[105.537229] (-) TimerEvent: {}
[105.638382] (-) TimerEvent: {}
[105.739577] (-) TimerEvent: {}
[105.840865] (-) TimerEvent: {}
[105.942231] (-) TimerEvent: {}
[106.043194] (-) TimerEvent: {}
[106.144260] (-) TimerEvent: {}
[106.245446] (-) TimerEvent: {}
[106.346658] (-) TimerEvent: {}
[106.447723] (-) TimerEvent: {}
[106.548804] (-) TimerEvent: {}
[106.649989] (-) TimerEvent: {}
[106.751138] (-) TimerEvent: {}
[106.852186] (-) TimerEvent: {}
[106.953334] (-) TimerEvent: {}
[107.054474] (-) TimerEvent: {}
[107.070741] (vision_msgs) StdoutLine: {'line': b'[ 22%] \x1b[32m\x1b[1mLinking CXX shared library libvision_msgs__rosidl_typesupport_fastrtps_cpp.so\x1b[0m\n'}
[107.072303] (sllidar_ros2) StdoutLine: {'line': b'[ 15%] \x1b[32mBuilding CXX object CMakeFiles/sllidar_node.dir/sdk/src/arch/linux/timer.cpp.o\x1b[0m\n'}
[107.154677] (-) TimerEvent: {}
[107.255726] (-) TimerEvent: {}
[107.357434] (-) TimerEvent: {}
[107.458465] (-) TimerEvent: {}
[107.559541] (-) TimerEvent: {}
[107.598998] (vision_msgs) StdoutLine: {'line': b'[ 22%] Built target vision_msgs__rosidl_typesupport_fastrtps_cpp\n'}
[107.659785] (-) TimerEvent: {}
[107.725971] (vision_msgs) StdoutLine: {'line': b'[ 25%] \x1b[34m\x1b[1mGenerating C++ introspection for ROS interfaces\x1b[0m\n'}
[107.759984] (-) TimerEvent: {}
[107.860803] (-) TimerEvent: {}
[107.961689] (-) TimerEvent: {}
[108.063349] (-) TimerEvent: {}
[108.164818] (-) TimerEvent: {}
[108.266435] (-) TimerEvent: {}
[108.367950] (-) TimerEvent: {}
[108.552972] (-) TimerEvent: {}
[108.654055] (-) TimerEvent: {}
[108.755011] (-) TimerEvent: {}
[108.855986] (-) TimerEvent: {}
[108.956948] (-) TimerEvent: {}
[109.058452] (-) TimerEvent: {}
[109.159499] (-) TimerEvent: {}
[109.260535] (-) TimerEvent: {}
[109.361634] (-) TimerEvent: {}
[109.462552] (-) TimerEvent: {}
[109.563603] (-) TimerEvent: {}
[109.664475] (-) TimerEvent: {}
[109.765245] (-) TimerEvent: {}
[109.866016] (-) TimerEvent: {}
[109.966943] (-) TimerEvent: {}
[110.067968] (-) TimerEvent: {}
[110.169126] (-) TimerEvent: {}
[110.213637] (sllidar_ros2) StdoutLine: {'line': b'[ 20%] \x1b[32mBuilding CXX object CMakeFiles/sllidar_node.dir/sdk/src/dataunpacker/dataunpacker.cpp.o\x1b[0m\n'}
[110.277203] (-) TimerEvent: {}
[110.377933] (-) TimerEvent: {}
[110.478719] (-) TimerEvent: {}
[110.580934] (-) TimerEvent: {}
[110.682168] (-) TimerEvent: {}
[110.783342] (-) TimerEvent: {}
[110.841305] (vision_msgs) StdoutLine: {'line': b'[ 27%] \x1b[32mBuilding CXX object CMakeFiles/vision_msgs__rosidl_typesupport_introspection_cpp.dir/rosidl_typesupport_introspection_cpp/vision_msgs/msg/detail/detection__type_support.cpp.o\x1b[0m\n'}
[110.883591] (-) TimerEvent: {}
[110.984507] (-) TimerEvent: {}
[111.085908] (-) TimerEvent: {}
[111.187393] (-) TimerEvent: {}
[111.289189] (-) TimerEvent: {}
[111.390118] (-) TimerEvent: {}
[111.491082] (-) TimerEvent: {}
[111.592106] (-) TimerEvent: {}
[111.693239] (-) TimerEvent: {}
[111.794308] (-) TimerEvent: {}
[111.895434] (-) TimerEvent: {}
[111.996424] (-) TimerEvent: {}
[112.098316] (-) TimerEvent: {}
[112.200046] (-) TimerEvent: {}
[112.301213] (-) TimerEvent: {}
[112.402227] (-) TimerEvent: {}
[112.503261] (-) TimerEvent: {}
[112.604521] (-) TimerEvent: {}
[112.679388] (sllidar_ros2) StderrLine: {'line': b'In file included from \x1b[01m\x1b[K/home/robot/robot_ws/src/sllidar_ros2/./sdk/include/rplidar_protocol.h:36\x1b[m\x1b[K,\n'}
[112.680127] (sllidar_ros2) StderrLine: {'line': b'                 from \x1b[01m\x1b[K/home/robot/robot_ws/src/sllidar_ros2/./sdk/include/rplidar.h:39\x1b[m\x1b[K,\n'}
[112.680746] (sllidar_ros2) StderrLine: {'line': b'                 from \x1b[01m\x1b[K/home/robot/robot_ws/src/sllidar_ros2/./sdk/src/sdkcommon.h:49\x1b[m\x1b[K,\n'}
[112.682073] (sllidar_ros2) StderrLine: {'line': b'                 from \x1b[01m\x1b[K/home/robot/robot_ws/src/sllidar_ros2/sdk/src/dataunpacker/dataunnpacker_commondef.h:41\x1b[m\x1b[K,\n'}
[112.682697] (sllidar_ros2) StderrLine: {'line': b'                 from \x1b[01m\x1b[K/home/robot/robot_ws/src/sllidar_ros2/sdk/src/dataunpacker/dataunpacker.cpp:39\x1b[m\x1b[K:\n'}
[112.683257] (sllidar_ros2) StderrLine: {'line': b'\x1b[01m\x1b[K/home/robot/robot_ws/src/sllidar_ros2/./sdk/include/sl_lidar_protocol.h:66:16:\x1b[m\x1b[K \x1b[01;35m\x1b[Kwarning: \x1b[m\x1b[KISO C++ forbids zero-size array \xe2\x80\x98\x1b[01m\x1b[Kdata\x1b[m\x1b[K\xe2\x80\x99 [\x1b[01;35m\x1b[K\x1b]8;;https://gcc.gnu.org/onlinedocs/gcc/Warning-Options.html#index-Wpedantic\x07-Wpedantic\x1b]8;;\x07\x1b[m\x1b[K]\n'}
[112.683854] (sllidar_ros2) StderrLine: {'line': b'   66 |     sl_u8 data[\x1b[01;35m\x1b[K0\x1b[m\x1b[K];\n'}
[112.684634] (sllidar_ros2) StderrLine: {'line': b'      |                \x1b[01;35m\x1b[K^\x1b[m\x1b[K\n'}
[112.685265] (sllidar_ros2) StderrLine: {'line': b'In file included from \x1b[01m\x1b[K/home/robot/robot_ws/src/sllidar_ros2/./sdk/include/rplidar_cmd.h:36\x1b[m\x1b[K,\n'}
[112.685844] (sllidar_ros2) StderrLine: {'line': b'                 from \x1b[01m\x1b[K/home/robot/robot_ws/src/sllidar_ros2/./sdk/include/rplidar.h:40\x1b[m\x1b[K,\n'}
[112.686660] (sllidar_ros2) StderrLine: {'line': b'                 from \x1b[01m\x1b[K/home/robot/robot_ws/src/sllidar_ros2/./sdk/src/sdkcommon.h:49\x1b[m\x1b[K,\n'}
[112.687482] (sllidar_ros2) StderrLine: {'line': b'                 from \x1b[01m\x1b[K/home/robot/robot_ws/src/sllidar_ros2/sdk/src/dataunpacker/dataunnpacker_commondef.h:41\x1b[m\x1b[K,\n'}
[112.688096] (sllidar_ros2) StderrLine: {'line': b'                 from \x1b[01m\x1b[K/home/robot/robot_ws/src/sllidar_ros2/sdk/src/dataunpacker/dataunpacker.cpp:39\x1b[m\x1b[K:\n'}
[112.688642] (sllidar_ros2) StderrLine: {'line': b'\x1b[01m\x1b[K/home/robot/robot_ws/src/sllidar_ros2/./sdk/include/sl_lidar_cmd.h:324:20:\x1b[m\x1b[K \x1b[01;35m\x1b[Kwarning: \x1b[m\x1b[KISO C++ forbids zero-size array \xe2\x80\x98\x1b[01m\x1b[Kpayload\x1b[m\x1b[K\xe2\x80\x99 [\x1b[01;35m\x1b[K\x1b]8;;https://gcc.gnu.org/onlinedocs/gcc/Warning-Options.html#index-Wpedantic\x07-Wpedantic\x1b]8;;\x07\x1b[m\x1b[K]\n'}
[112.689478] (sllidar_ros2) StderrLine: {'line': b'  324 |     sl_u8  payload[\x1b[01;35m\x1b[K0\x1b[m\x1b[K];\n'}
[112.690334] (sllidar_ros2) StderrLine: {'line': b'      |                    \x1b[01;35m\x1b[K^\x1b[m\x1b[K\n'}
[112.704737] (-) TimerEvent: {}
[112.806569] (-) TimerEvent: {}
[112.908791] (-) TimerEvent: {}
[113.009695] (-) TimerEvent: {}
[113.028727] (vision_msgs) StdoutLine: {'line': b'[ 29%] \x1b[32mBuilding CXX object CMakeFiles/vision_msgs__rosidl_typesupport_introspection_cpp.dir/rosidl_typesupport_introspection_cpp/vision_msgs/msg/detail/detection_array__type_support.cpp.o\x1b[0m\n'}
[113.109937] (-) TimerEvent: {}
[113.211652] (-) TimerEvent: {}
[113.313308] (-) TimerEvent: {}
[113.414111] (-) TimerEvent: {}
[113.597309] (sllidar_ros2) StderrLine: {'line': b'In file included from \x1b[01m\x1b[K/home/robot/robot_ws/src/sllidar_ros2/sdk/src/dataunpacker/dataunpacker.cpp:40\x1b[m\x1b[K:\n'}
[113.598052] (-) TimerEvent: {}
[113.598664] (sllidar_ros2) StderrLine: {'line': b'\x1b[01m\x1b[K/home/robot/robot_ws/src/sllidar_ros2/sdk/src/dataunpacker/dataunpacker.h:\x1b[m\x1b[K In member function \xe2\x80\x98\x1b[01m\x1b[Kvirtual void sl::internal::LIDARSampleDataListener::onCustomSampleDataDecoded(_u8, _u32, const void*, size_t)\x1b[m\x1b[K\xe2\x80\x99:\n'}
[113.599366] (sllidar_ros2) StderrLine: {'line': b'\x1b[01m\x1b[K/home/robot/robot_ws/src/sllidar_ros2/sdk/src/dataunpacker/dataunpacker.h:54:52:\x1b[m\x1b[K \x1b[01;35m\x1b[Kwarning: \x1b[m\x1b[Kunused parameter \xe2\x80\x98\x1b[01m\x1b[KansType\x1b[m\x1b[K\xe2\x80\x99 [\x1b[01;35m\x1b[K\x1b]8;;https://gcc.gnu.org/onlinedocs/gcc/Warning-Options.html#index-Wunused-parameter\x07-Wunused-parameter\x1b]8;;\x07\x1b[m\x1b[K]\n'}
[113.599976] (sllidar_ros2) StderrLine: {'line': b'   54 |         virtual void onCustomSampleDataDecoded(\x1b[01;35m\x1b[K_u8 ansType\x1b[m\x1b[K, _u32 customCode, const void* data, size_t size) {}\n'}
[113.600570] (sllidar_ros2) StderrLine: {'line': b'      |                                                \x1b[01;35m\x1b[K~~~~^~~~~~~\x1b[m\x1b[K\n'}
[113.601790] (sllidar_ros2) StderrLine: {'line': b'\x1b[01m\x1b[K/home/robot/robot_ws/src/sllidar_ros2/sdk/src/dataunpacker/dataunpacker.h:54:66:\x1b[m\x1b[K \x1b[01;35m\x1b[Kwarning: \x1b[m\x1b[Kunused parameter \xe2\x80\x98\x1b[01m\x1b[KcustomCode\x1b[m\x1b[K\xe2\x80\x99 [\x1b[01;35m\x1b[K\x1b]8;;https://gcc.gnu.org/onlinedocs/gcc/Warning-Options.html#index-Wunused-parameter\x07-Wunused-parameter\x1b]8;;\x07\x1b[m\x1b[K]\n'}
[113.602512] (sllidar_ros2) StderrLine: {'line': b'   54 |         virtual void onCustomSampleDataDecoded(_u8 ansType, \x1b[01;35m\x1b[K_u32 customCode\x1b[m\x1b[K, const void* data, size_t size) {}\n'}
[113.603175] (sllidar_ros2) StderrLine: {'line': b'      |                                                             \x1b[01;35m\x1b[K~~~~~^~~~~~~~~~\x1b[m\x1b[K\n'}
[113.604115] (sllidar_ros2) StderrLine: {'line': b'\x1b[01m\x1b[K/home/robot/robot_ws/src/sllidar_ros2/sdk/src/dataunpacker/dataunpacker.h:54:90:\x1b[m\x1b[K \x1b[01;35m\x1b[Kwarning: \x1b[m\x1b[Kunused parameter \xe2\x80\x98\x1b[01m\x1b[Kdata\x1b[m\x1b[K\xe2\x80\x99 [\x1b[01;35m\x1b[K\x1b]8;;https://gcc.gnu.org/onlinedocs/gcc/Warning-Options.html#index-Wunused-parameter\x07-Wunused-parameter\x1b]8;;\x07\x1b[m\x1b[K]\n'}
[113.604851] (sllidar_ros2) StderrLine: {'line': b'   54 |         virtual void onCustomSampleDataDecoded(_u8 ansType, _u32 customCode, \x1b[01;35m\x1b[Kconst void* data\x1b[m\x1b[K, size_t size) {}\n'}
[113.605692] (sllidar_ros2) StderrLine: {'line': b'      |                                                                              \x1b[01;35m\x1b[K~~~~~~~~~~~~^~~~\x1b[m\x1b[K\n'}
[113.606474] (sllidar_ros2) StderrLine: {'line': b'\x1b[01m\x1b[K/home/robot/robot_ws/src/sllidar_ros2/sdk/src/dataunpacker/dataunpacker.h:54:103:\x1b[m\x1b[K \x1b[01;35m\x1b[Kwarning: \x1b[m\x1b[Kunused parameter \xe2\x80\x98\x1b[01m\x1b[Ksize\x1b[m\x1b[K\xe2\x80\x99 [\x1b[01;35m\x1b[K\x1b]8;;https://gcc.gnu.org/onlinedocs/gcc/Warning-Options.html#index-Wunused-parameter\x07-Wunused-parameter\x1b]8;;\x07\x1b[m\x1b[K]\n'}
[113.607336] (sllidar_ros2) StderrLine: {'line': b'   54 |         virtual void onCustomSampleDataDecoded(_u8 ansType, _u32 customCode, const void* data, \x1b[01;35m\x1b[Ksize_t size\x1b[m\x1b[K) {}\n'}
[113.607975] (sllidar_ros2) StderrLine: {'line': b'      |                                                                                                \x1b[01;35m\x1b[K~~~~~~~^~~~\x1b[m\x1b[K\n'}
[113.608529] (sllidar_ros2) StderrLine: {'line': b'\x1b[01m\x1b[K/home/robot/robot_ws/src/sllidar_ros2/sdk/src/dataunpacker/dataunpacker.h:\x1b[m\x1b[K In member function \xe2\x80\x98\x1b[01m\x1b[Kvirtual void sl::internal::LIDARSampleDataListener::onDecodingError(int, _u8, const void*, size_t)\x1b[m\x1b[K\xe2\x80\x99:\n'}
[113.614948] (sllidar_ros2) StderrLine: {'line': b'\x1b[01m\x1b[K/home/robot/robot_ws/src/sllidar_ros2/sdk/src/dataunpacker/dataunpacker.h:56:42:\x1b[m\x1b[K \x1b[01;35m\x1b[Kwarning: \x1b[m\x1b[Kunused parameter \xe2\x80\x98\x1b[01m\x1b[KerrMsg\x1b[m\x1b[K\xe2\x80\x99 [\x1b[01;35m\x1b[K\x1b]8;;https://gcc.gnu.org/onlinedocs/gcc/Warning-Options.html#index-Wunused-parameter\x07-Wunused-parameter\x1b]8;;\x07\x1b[m\x1b[K]\n'}
[113.615724] (sllidar_ros2) StderrLine: {'line': b'   56 |         virtual void onDecodingError(\x1b[01;35m\x1b[Kint errMsg\x1b[m\x1b[K, _u8 ansType, const void* payload, size_t size) {}\n'}
[113.616284] (sllidar_ros2) StderrLine: {'line': b'      |                                      \x1b[01;35m\x1b[K~~~~^~~~~~\x1b[m\x1b[K\n'}
[113.616924] (sllidar_ros2) StderrLine: {'line': b'\x1b[01m\x1b[K/home/robot/robot_ws/src/sllidar_ros2/sdk/src/dataunpacker/dataunpacker.h:56:54:\x1b[m\x1b[K \x1b[01;35m\x1b[Kwarning: \x1b[m\x1b[Kunused parameter \xe2\x80\x98\x1b[01m\x1b[KansType\x1b[m\x1b[K\xe2\x80\x99 [\x1b[01;35m\x1b[K\x1b]8;;https://gcc.gnu.org/onlinedocs/gcc/Warning-Options.html#index-Wunused-parameter\x07-Wunused-parameter\x1b]8;;\x07\x1b[m\x1b[K]\n'}
[113.617616] (sllidar_ros2) StderrLine: {'line': b'   56 |         virtual void onDecodingError(int errMsg, \x1b[01;35m\x1b[K_u8 ansType\x1b[m\x1b[K, const void* payload, size_t size) {}\n'}
[113.618277] (sllidar_ros2) StderrLine: {'line': b'      |                                                  \x1b[01;35m\x1b[K~~~~^~~~~~~\x1b[m\x1b[K\n'}
[113.618838] (sllidar_ros2) StderrLine: {'line': b'\x1b[01m\x1b[K/home/robot/robot_ws/src/sllidar_ros2/sdk/src/dataunpacker/dataunpacker.h:56:75:\x1b[m\x1b[K \x1b[01;35m\x1b[Kwarning: \x1b[m\x1b[Kunused parameter \xe2\x80\x98\x1b[01m\x1b[Kpayload\x1b[m\x1b[K\xe2\x80\x99 [\x1b[01;35m\x1b[K\x1b]8;;https://gcc.gnu.org/onlinedocs/gcc/Warning-Options.html#index-Wunused-parameter\x07-Wunused-parameter\x1b]8;;\x07\x1b[m\x1b[K]\n'}
[113.619437] (sllidar_ros2) StderrLine: {'line': b'   56 |         virtual void onDecodingError(int errMsg, _u8 ansType, \x1b[01;35m\x1b[Kconst void* payload\x1b[m\x1b[K, size_t size) {}\n'}
[113.619959] (sllidar_ros2) StderrLine: {'line': b'      |                                                               \x1b[01;35m\x1b[K~~~~~~~~~~~~^~~~~~~\x1b[m\x1b[K\n'}
[113.625008] (sllidar_ros2) StderrLine: {'line': b'\x1b[01m\x1b[K/home/robot/robot_ws/src/sllidar_ros2/sdk/src/dataunpacker/dataunpacker.h:56:91:\x1b[m\x1b[K \x1b[01;35m\x1b[Kwarning: \x1b[m\x1b[Kunused parameter \xe2\x80\x98\x1b[01m\x1b[Ksize\x1b[m\x1b[K\xe2\x80\x99 [\x1b[01;35m\x1b[K\x1b]8;;https://gcc.gnu.org/onlinedocs/gcc/Warning-Options.html#index-Wunused-parameter\x07-Wunused-parameter\x1b]8;;\x07\x1b[m\x1b[K]\n'}
[113.625977] (sllidar_ros2) StderrLine: {'line': b'   56 |         virtual void onDecodingError(int errMsg, _u8 ansType, const void* payload, \x1b[01;35m\x1b[Ksize_t size\x1b[m\x1b[K) {}\n'}
[113.626791] (sllidar_ros2) StderrLine: {'line': b'      |                                                                                    \x1b[01;35m\x1b[K~~~~~~~^~~~\x1b[m\x1b[K\n'}
[113.698321] (-) TimerEvent: {}
[113.799927] (-) TimerEvent: {}
[113.901758] (-) TimerEvent: {}
[114.004722] (-) TimerEvent: {}
[114.105797] (-) TimerEvent: {}
[114.206688] (-) TimerEvent: {}
[114.307594] (-) TimerEvent: {}
[114.408758] (-) TimerEvent: {}
[114.510722] (-) TimerEvent: {}
[114.611696] (-) TimerEvent: {}
[114.712538] (-) TimerEvent: {}
[114.813453] (-) TimerEvent: {}
[114.914520] (-) TimerEvent: {}
[115.015719] (-) TimerEvent: {}
[115.116575] (-) TimerEvent: {}
[115.217571] (-) TimerEvent: {}
[115.318405] (-) TimerEvent: {}
[115.419219] (-) TimerEvent: {}
[115.520026] (-) TimerEvent: {}
[115.620836] (-) TimerEvent: {}
[115.721796] (-) TimerEvent: {}
[115.822982] (-) TimerEvent: {}
[115.924138] (-) TimerEvent: {}
[116.025175] (-) TimerEvent: {}
[116.126027] (-) TimerEvent: {}
[116.227161] (-) TimerEvent: {}
[116.328332] (-) TimerEvent: {}
[116.429457] (-) TimerEvent: {}
[116.530573] (-) TimerEvent: {}
[116.631751] (-) TimerEvent: {}
[116.733000] (-) TimerEvent: {}
[116.834132] (-) TimerEvent: {}
[116.934893] (-) TimerEvent: {}
[117.035867] (-) TimerEvent: {}
[117.137142] (-) TimerEvent: {}
[117.238311] (-) TimerEvent: {}
[117.339469] (-) TimerEvent: {}
[117.440573] (-) TimerEvent: {}
[117.541829] (-) TimerEvent: {}
[117.642965] (-) TimerEvent: {}
[117.718042] (sllidar_ros2) StdoutLine: {'line': b'[ 25%] \x1b[32mBuilding CXX object CMakeFiles/sllidar_node.dir/sdk/src/dataunpacker/unpacker/handler_capsules.cpp.o\x1b[0m\n'}
[117.743172] (-) TimerEvent: {}
[117.844009] (-) TimerEvent: {}
[117.944776] (-) TimerEvent: {}
[118.045732] (-) TimerEvent: {}
[118.146561] (-) TimerEvent: {}
[118.247428] (-) TimerEvent: {}
[118.348193] (-) TimerEvent: {}
[118.448905] (-) TimerEvent: {}
[120.301923] (sllidar_ros2) StderrLine: {'line': b'In file included from \x1b[01m\x1b[K/home/robot/robot_ws/src/sllidar_ros2/./sdk/include/rplidar_protocol.h:36\x1b[m\x1b[K,\n'}
[120.302662] (-) TimerEvent: {}
[120.303997] (sllidar_ros2) StderrLine: {'line': b'                 from \x1b[01m\x1b[K/home/robot/robot_ws/src/sllidar_ros2/./sdk/include/rplidar.h:39\x1b[m\x1b[K,\n'}
[120.304858] (sllidar_ros2) StderrLine: {'line': b'                 from \x1b[01m\x1b[K/home/robot/robot_ws/src/sllidar_ros2/./sdk/src/sdkcommon.h:49\x1b[m\x1b[K,\n'}
[120.305579] (sllidar_ros2) StderrLine: {'line': b'                 from \x1b[01m\x1b[K/home/robot/robot_ws/src/sllidar_ros2/sdk/src/dataunpacker/unpacker/../dataunnpacker_commondef.h:41\x1b[m\x1b[K,\n'}
[120.306270] (sllidar_ros2) StderrLine: {'line': b'                 from \x1b[01m\x1b[K/home/robot/robot_ws/src/sllidar_ros2/sdk/src/dataunpacker/unpacker/handler_capsules.cpp:39\x1b[m\x1b[K:\n'}
[120.306949] (sllidar_ros2) StderrLine: {'line': b'\x1b[01m\x1b[K/home/robot/robot_ws/src/sllidar_ros2/./sdk/include/sl_lidar_protocol.h:66:16:\x1b[m\x1b[K \x1b[01;35m\x1b[Kwarning: \x1b[m\x1b[KISO C++ forbids zero-size array \xe2\x80\x98\x1b[01m\x1b[Kdata\x1b[m\x1b[K\xe2\x80\x99 [\x1b[01;35m\x1b[K\x1b]8;;https://gcc.gnu.org/onlinedocs/gcc/Warning-Options.html#index-Wpedantic\x07-Wpedantic\x1b]8;;\x07\x1b[m\x1b[K]\n'}
[120.307545] (sllidar_ros2) StderrLine: {'line': b'   66 |     sl_u8 data[\x1b[01;35m\x1b[K0\x1b[m\x1b[K];\n'}
[120.308038] (sllidar_ros2) StderrLine: {'line': b'      |                \x1b[01;35m\x1b[K^\x1b[m\x1b[K\n'}
[120.308530] (sllidar_ros2) StderrLine: {'line': b'In file included from \x1b[01m\x1b[K/home/robot/robot_ws/src/sllidar_ros2/./sdk/include/rplidar_cmd.h:36\x1b[m\x1b[K,\n'}
[120.309095] (sllidar_ros2) StderrLine: {'line': b'                 from \x1b[01m\x1b[K/home/robot/robot_ws/src/sllidar_ros2/./sdk/include/rplidar.h:40\x1b[m\x1b[K,\n'}
[120.309647] (sllidar_ros2) StderrLine: {'line': b'                 from \x1b[01m\x1b[K/home/robot/robot_ws/src/sllidar_ros2/./sdk/src/sdkcommon.h:49\x1b[m\x1b[K,\n'}
[120.310156] (sllidar_ros2) StderrLine: {'line': b'                 from \x1b[01m\x1b[K/home/robot/robot_ws/src/sllidar_ros2/sdk/src/dataunpacker/unpacker/../dataunnpacker_commondef.h:41\x1b[m\x1b[K,\n'}
[120.310693] (sllidar_ros2) StderrLine: {'line': b'                 from \x1b[01m\x1b[K/home/robot/robot_ws/src/sllidar_ros2/sdk/src/dataunpacker/unpacker/handler_capsules.cpp:39\x1b[m\x1b[K:\n'}
[120.311291] (sllidar_ros2) StderrLine: {'line': b'\x1b[01m\x1b[K/home/robot/robot_ws/src/sllidar_ros2/./sdk/include/sl_lidar_cmd.h:324:20:\x1b[m\x1b[K \x1b[01;35m\x1b[Kwarning: \x1b[m\x1b[KISO C++ forbids zero-size array \xe2\x80\x98\x1b[01m\x1b[Kpayload\x1b[m\x1b[K\xe2\x80\x99 [\x1b[01;35m\x1b[K\x1b]8;;https://gcc.gnu.org/onlinedocs/gcc/Warning-Options.html#index-Wpedantic\x07-Wpedantic\x1b]8;;\x07\x1b[m\x1b[K]\n'}
[120.311909] (sllidar_ros2) StderrLine: {'line': b'  324 |     sl_u8  payload[\x1b[01;35m\x1b[K0\x1b[m\x1b[K];\n'}
[120.312509] (sllidar_ros2) StderrLine: {'line': b'      |                    \x1b[01;35m\x1b[K^\x1b[m\x1b[K\n'}
[120.402982] (-) TimerEvent: {}
[120.454799] (vision_msgs) StdoutLine: {'line': b'[ 31%] \x1b[32mBuilding CXX object CMakeFiles/vision_msgs__rosidl_typesupport_introspection_cpp.dir/rosidl_typesupport_introspection_cpp/vision_msgs/msg/detail/ai_status__type_support.cpp.o\x1b[0m\n'}
[120.503179] (-) TimerEvent: {}
[120.604841] (-) TimerEvent: {}
[120.706813] (-) TimerEvent: {}
[120.808466] (-) TimerEvent: {}
[120.909794] (-) TimerEvent: {}
[121.010981] (-) TimerEvent: {}
[121.112763] (-) TimerEvent: {}
[121.152221] (sllidar_ros2) StderrLine: {'line': b'In file included from \x1b[01m\x1b[K/home/robot/robot_ws/src/sllidar_ros2/sdk/src/dataunpacker/unpacker/handler_capsules.cpp:40\x1b[m\x1b[K:\n'}
[121.152996] (sllidar_ros2) StderrLine: {'line': b'\x1b[01m\x1b[K/home/robot/robot_ws/src/sllidar_ros2/sdk/src/dataunpacker/unpacker/../dataunpacker.h:\x1b[m\x1b[K In member function \xe2\x80\x98\x1b[01m\x1b[Kvirtual void sl::internal::LIDARSampleDataListener::onCustomSampleDataDecoded(_u8, _u32, const void*, size_t)\x1b[m\x1b[K\xe2\x80\x99:\n'}
[121.154003] (sllidar_ros2) StderrLine: {'line': b'\x1b[01m\x1b[K/home/robot/robot_ws/src/sllidar_ros2/sdk/src/dataunpacker/unpacker/../dataunpacker.h:54:52:\x1b[m\x1b[K \x1b[01;35m\x1b[Kwarning: \x1b[m\x1b[Kunused parameter \xe2\x80\x98\x1b[01m\x1b[KansType\x1b[m\x1b[K\xe2\x80\x99 [\x1b[01;35m\x1b[K\x1b]8;;https://gcc.gnu.org/onlinedocs/gcc/Warning-Options.html#index-Wunused-parameter\x07-Wunused-parameter\x1b]8;;\x07\x1b[m\x1b[K]\n'}
[121.154693] (sllidar_ros2) StderrLine: {'line': b'   54 |         virtual void onCustomSampleDataDecoded(\x1b[01;35m\x1b[K_u8 ansType\x1b[m\x1b[K, _u32 customCode, const void* data, size_t size) {}\n'}
[121.155363] (sllidar_ros2) StderrLine: {'line': b'      |                                                \x1b[01;35m\x1b[K~~~~^~~~~~~\x1b[m\x1b[K\n'}
[121.156031] (sllidar_ros2) StderrLine: {'line': b'\x1b[01m\x1b[K/home/robot/robot_ws/src/sllidar_ros2/sdk/src/dataunpacker/unpacker/../dataunpacker.h:54:66:\x1b[m\x1b[K \x1b[01;35m\x1b[Kwarning: \x1b[m\x1b[Kunused parameter \xe2\x80\x98\x1b[01m\x1b[KcustomCode\x1b[m\x1b[K\xe2\x80\x99 [\x1b[01;35m\x1b[K\x1b]8;;https://gcc.gnu.org/onlinedocs/gcc/Warning-Options.html#index-Wunused-parameter\x07-Wunused-parameter\x1b]8;;\x07\x1b[m\x1b[K]\n'}
[121.156803] (sllidar_ros2) StderrLine: {'line': b'   54 |         virtual void onCustomSampleDataDecoded(_u8 ansType, \x1b[01;35m\x1b[K_u32 customCode\x1b[m\x1b[K, const void* data, size_t size) {}\n'}
[121.158803] (sllidar_ros2) StderrLine: {'line': b'      |                                                             \x1b[01;35m\x1b[K~~~~~^~~~~~~~~~\x1b[m\x1b[K\n'}
[121.159473] (sllidar_ros2) StderrLine: {'line': b'\x1b[01m\x1b[K/home/robot/robot_ws/src/sllidar_ros2/sdk/src/dataunpacker/unpacker/../dataunpacker.h:54:90:\x1b[m\x1b[K \x1b[01;35m\x1b[Kwarning: \x1b[m\x1b[Kunused parameter \xe2\x80\x98\x1b[01m\x1b[Kdata\x1b[m\x1b[K\xe2\x80\x99 [\x1b[01;35m\x1b[K\x1b]8;;https://gcc.gnu.org/onlinedocs/gcc/Warning-Options.html#index-Wunused-parameter\x07-Wunused-parameter\x1b]8;;\x07\x1b[m\x1b[K]\n'}
[121.160103] (sllidar_ros2) StderrLine: {'line': b'   54 |         virtual void onCustomSampleDataDecoded(_u8 ansType, _u32 customCode, \x1b[01;35m\x1b[Kconst void* data\x1b[m\x1b[K, size_t size) {}\n'}
[121.161330] (sllidar_ros2) StderrLine: {'line': b'      |                                                                              \x1b[01;35m\x1b[K~~~~~~~~~~~~^~~~\x1b[m\x1b[K\n'}
[121.162217] (sllidar_ros2) StderrLine: {'line': b'\x1b[01m\x1b[K/home/robot/robot_ws/src/sllidar_ros2/sdk/src/dataunpacker/unpacker/../dataunpacker.h:54:103:\x1b[m\x1b[K \x1b[01;35m\x1b[Kwarning: \x1b[m\x1b[Kunused parameter \xe2\x80\x98\x1b[01m\x1b[Ksize\x1b[m\x1b[K\xe2\x80\x99 [\x1b[01;35m\x1b[K\x1b]8;;https://gcc.gnu.org/onlinedocs/gcc/Warning-Options.html#index-Wunused-parameter\x07-Wunused-parameter\x1b]8;;\x07\x1b[m\x1b[K]\n'}
[121.163133] (sllidar_ros2) StderrLine: {'line': b'   54 |         virtual void onCustomSampleDataDecoded(_u8 ansType, _u32 customCode, const void* data, \x1b[01;35m\x1b[Ksize_t size\x1b[m\x1b[K) {}\n'}
[121.163764] (sllidar_ros2) StderrLine: {'line': b'      |                                                                                                \x1b[01;35m\x1b[K~~~~~~~^~~~\x1b[m\x1b[K\n'}
[121.164393] (sllidar_ros2) StderrLine: {'line': b'\x1b[01m\x1b[K/home/robot/robot_ws/src/sllidar_ros2/sdk/src/dataunpacker/unpacker/../dataunpacker.h:\x1b[m\x1b[K In member function \xe2\x80\x98\x1b[01m\x1b[Kvirtual void sl::internal::LIDARSampleDataListener::onDecodingError(int, _u8, const void*, size_t)\x1b[m\x1b[K\xe2\x80\x99:\n'}
[121.165078] (sllidar_ros2) StderrLine: {'line': b'\x1b[01m\x1b[K/home/robot/robot_ws/src/sllidar_ros2/sdk/src/dataunpacker/unpacker/../dataunpacker.h:56:42:\x1b[m\x1b[K \x1b[01;35m\x1b[Kwarning: \x1b[m\x1b[Kunused parameter \xe2\x80\x98\x1b[01m\x1b[KerrMsg\x1b[m\x1b[K\xe2\x80\x99 [\x1b[01;35m\x1b[K\x1b]8;;https://gcc.gnu.org/onlinedocs/gcc/Warning-Options.html#index-Wunused-parameter\x07-Wunused-parameter\x1b]8;;\x07\x1b[m\x1b[K]\n'}
[121.165813] (sllidar_ros2) StderrLine: {'line': b'   56 |         virtual void onDecodingError(\x1b[01;35m\x1b[Kint errMsg\x1b[m\x1b[K, _u8 ansType, const void* payload, size_t size) {}\n'}
[121.166466] (sllidar_ros2) StderrLine: {'line': b'      |                                      \x1b[01;35m\x1b[K~~~~^~~~~~\x1b[m\x1b[K\n'}
[121.167099] (sllidar_ros2) StderrLine: {'line': b'\x1b[01m\x1b[K/home/robot/robot_ws/src/sllidar_ros2/sdk/src/dataunpacker/unpacker/../dataunpacker.h:56:54:\x1b[m\x1b[K \x1b[01;35m\x1b[Kwarning: \x1b[m\x1b[Kunused parameter \xe2\x80\x98\x1b[01m\x1b[KansType\x1b[m\x1b[K\xe2\x80\x99 [\x1b[01;35m\x1b[K\x1b]8;;https://gcc.gnu.org/onlinedocs/gcc/Warning-Options.html#index-Wunused-parameter\x07-Wunused-parameter\x1b]8;;\x07\x1b[m\x1b[K]\n'}
[121.167748] (sllidar_ros2) StderrLine: {'line': b'   56 |         virtual void onDecodingError(int errMsg, \x1b[01;35m\x1b[K_u8 ansType\x1b[m\x1b[K, const void* payload, size_t size) {}\n'}
[121.168454] (sllidar_ros2) StderrLine: {'line': b'      |                                                  \x1b[01;35m\x1b[K~~~~^~~~~~~\x1b[m\x1b[K\n'}
[121.169213] (sllidar_ros2) StderrLine: {'line': b'\x1b[01m\x1b[K/home/robot/robot_ws/src/sllidar_ros2/sdk/src/dataunpacker/unpacker/../dataunpacker.h:56:75:\x1b[m\x1b[K \x1b[01;35m\x1b[Kwarning: \x1b[m\x1b[Kunused parameter \xe2\x80\x98\x1b[01m\x1b[Kpayload\x1b[m\x1b[K\xe2\x80\x99 [\x1b[01;35m\x1b[K\x1b]8;;https://gcc.gnu.org/onlinedocs/gcc/Warning-Options.html#index-Wunused-parameter\x07-Wunused-parameter\x1b]8;;\x07\x1b[m\x1b[K]\n'}
[121.169937] (sllidar_ros2) StderrLine: {'line': b'   56 |         virtual void onDecodingError(int errMsg, _u8 ansType, \x1b[01;35m\x1b[Kconst void* payload\x1b[m\x1b[K, size_t size) {}\n'}
[121.170555] (sllidar_ros2) StderrLine: {'line': b'      |                                                               \x1b[01;35m\x1b[K~~~~~~~~~~~~^~~~~~~\x1b[m\x1b[K\n'}
[121.171158] (sllidar_ros2) StderrLine: {'line': b'\x1b[01m\x1b[K/home/robot/robot_ws/src/sllidar_ros2/sdk/src/dataunpacker/unpacker/../dataunpacker.h:56:91:\x1b[m\x1b[K \x1b[01;35m\x1b[Kwarning: \x1b[m\x1b[Kunused parameter \xe2\x80\x98\x1b[01m\x1b[Ksize\x1b[m\x1b[K\xe2\x80\x99 [\x1b[01;35m\x1b[K\x1b]8;;https://gcc.gnu.org/onlinedocs/gcc/Warning-Options.html#index-Wunused-parameter\x07-Wunused-parameter\x1b]8;;\x07\x1b[m\x1b[K]\n'}
[121.171829] (sllidar_ros2) StderrLine: {'line': b'   56 |         virtual void onDecodingError(int errMsg, _u8 ansType, const void* payload, \x1b[01;35m\x1b[Ksize_t size\x1b[m\x1b[K) {}\n'}
[121.172436] (sllidar_ros2) StderrLine: {'line': b'      |                                                                                    \x1b[01;35m\x1b[K~~~~~~~^~~~\x1b[m\x1b[K\n'}
[121.204295] (sllidar_ros2) StderrLine: {'line': b'\x1b[01m\x1b[K/home/robot/robot_ws/src/sllidar_ros2/sdk/src/dataunpacker/unpacker/handler_capsules.cpp:\x1b[m\x1b[K In member function \xe2\x80\x98\x1b[01m\x1b[Kvoid sl::internal::unpacker::UnpackerHandler_DenseCapsuleNode::_onScanNodeDenseCapsuleData(rplidar_response_dense_capsule_measurement_nodes_t&, sl::internal::LIDARSampleDataUnpackerInner*)\x1b[m\x1b[K\xe2\x80\x99:\n'}
[121.205263] (sllidar_ros2) StderrLine: {'line': b'\x1b[01m\x1b[K/home/robot/robot_ws/src/sllidar_ros2/sdk/src/dataunpacker/unpacker/handler_capsules.cpp:763:30:\x1b[m\x1b[K \x1b[01;35m\x1b[Kwarning: \x1b[m\x1b[Ktype qualifiers ignored on cast result type [\x1b[01;35m\x1b[K\x1b]8;;https://gcc.gnu.org/onlinedocs/gcc/Warning-Options.html#index-Wignored-qualifiers\x07-Wignored-qualifiers\x1b]8;;\x07\x1b[m\x1b[K]\n'}
[121.205955] (sllidar_ros2) StderrLine: {'line': b'  763 |             const int dist = \x1b[01;35m\x1b[Kstatic_cast<const int>(_cached_previous_dense_capsuledata.cabins[pos].distance)\x1b[m\x1b[K;\n'}
[121.206635] (sllidar_ros2) StderrLine: {'line': b'      |                              \x1b[01;35m\x1b[K^~~~~~~~~~~~~~~~~~~~~~~~~~~~~~~~~~~~~~~~~~~~~~~~~~~~~~~~~~~~~~~~~~~~~~~~~~~~~~~\x1b[m\x1b[K\n'}
[121.212971] (-) TimerEvent: {}
[121.314755] (-) TimerEvent: {}
[121.416500] (-) TimerEvent: {}
[121.518223] (-) TimerEvent: {}
[121.619533] (-) TimerEvent: {}
[121.721210] (-) TimerEvent: {}
[121.822815] (-) TimerEvent: {}
[121.924606] (-) TimerEvent: {}
[122.025793] (-) TimerEvent: {}
[122.126766] (-) TimerEvent: {}
[122.227726] (-) TimerEvent: {}
[122.328516] (-) TimerEvent: {}
[122.429285] (-) TimerEvent: {}
[122.530133] (-) TimerEvent: {}
[122.630990] (-) TimerEvent: {}
[122.732158] (-) TimerEvent: {}
[122.833216] (-) TimerEvent: {}
[122.934214] (-) TimerEvent: {}
[123.035143] (-) TimerEvent: {}
[123.135928] (-) TimerEvent: {}
[123.236881] (-) TimerEvent: {}
[123.338133] (-) TimerEvent: {}
[123.439269] (-) TimerEvent: {}
[130.620933] (vision_msgs) StdoutLine: {'line': b'[ 33%] \x1b[32m\x1b[1mLinking CXX shared library libvision_msgs__rosidl_typesupport_introspection_cpp.so\x1b[0m\n'}
[130.621632] (-) TimerEvent: {}
[130.622727] (sllidar_ros2) StdoutLine: {'line': b'[ 30%] \x1b[32mBuilding CXX object CMakeFiles/sllidar_node.dir/sdk/src/dataunpacker/unpacker/handler_hqnode.cpp.o\x1b[0m\n'}
[130.721912] (-) TimerEvent: {}
[130.822978] (-) TimerEvent: {}
[132.692578] (vision_msgs) StdoutLine: {'line': b'[ 33%] Built target vision_msgs__rosidl_typesupport_introspection_cpp\n'}
[132.693395] (-) TimerEvent: {}
[132.794294] (-) TimerEvent: {}
[132.896057] (-) TimerEvent: {}
[132.996913] (-) TimerEvent: {}
[133.097806] (-) TimerEvent: {}
[133.107600] (sllidar_ros2) StderrLine: {'line': b'In file included from \x1b[01m\x1b[K/home/robot/robot_ws/src/sllidar_ros2/./sdk/include/rplidar_protocol.h:36\x1b[m\x1b[K,\n'}
[133.108319] (sllidar_ros2) StderrLine: {'line': b'                 from \x1b[01m\x1b[K/home/robot/robot_ws/src/sllidar_ros2/./sdk/include/rplidar.h:39\x1b[m\x1b[K,\n'}
[133.108939] (sllidar_ros2) StderrLine: {'line': b'                 from \x1b[01m\x1b[K/home/robot/robot_ws/src/sllidar_ros2/./sdk/src/sdkcommon.h:49\x1b[m\x1b[K,\n'}
[133.109601] (sllidar_ros2) StderrLine: {'line': b'                 from \x1b[01m\x1b[K/home/robot/robot_ws/src/sllidar_ros2/sdk/src/dataunpacker/unpacker/../dataunnpacker_commondef.h:41\x1b[m\x1b[K,\n'}
[133.110587] (sllidar_ros2) StderrLine: {'line': b'                 from \x1b[01m\x1b[K/home/robot/robot_ws/src/sllidar_ros2/sdk/src/dataunpacker/unpacker/handler_hqnode.cpp:39\x1b[m\x1b[K:\n'}
[133.111149] (sllidar_ros2) StderrLine: {'line': b'\x1b[01m\x1b[K/home/robot/robot_ws/src/sllidar_ros2/./sdk/include/sl_lidar_protocol.h:66:16:\x1b[m\x1b[K \x1b[01;35m\x1b[Kwarning: \x1b[m\x1b[KISO C++ forbids zero-size array \xe2\x80\x98\x1b[01m\x1b[Kdata\x1b[m\x1b[K\xe2\x80\x99 [\x1b[01;35m\x1b[K\x1b]8;;https://gcc.gnu.org/onlinedocs/gcc/Warning-Options.html#index-Wpedantic\x07-Wpedantic\x1b]8;;\x07\x1b[m\x1b[K]\n'}
[133.111804] (sllidar_ros2) StderrLine: {'line': b'   66 |     sl_u8 data[\x1b[01;35m\x1b[K0\x1b[m\x1b[K];\n'}
[133.112350] (sllidar_ros2) StderrLine: {'line': b'      |                \x1b[01;35m\x1b[K^\x1b[m\x1b[K\n'}
[133.112993] (sllidar_ros2) StderrLine: {'line': b'In file included from \x1b[01m\x1b[K/home/robot/robot_ws/src/sllidar_ros2/./sdk/include/rplidar_cmd.h:36\x1b[m\x1b[K,\n'}
[133.113917] (sllidar_ros2) StderrLine: {'line': b'                 from \x1b[01m\x1b[K/home/robot/robot_ws/src/sllidar_ros2/./sdk/include/rplidar.h:40\x1b[m\x1b[K,\n'}
[133.114571] (sllidar_ros2) StderrLine: {'line': b'                 from \x1b[01m\x1b[K/home/robot/robot_ws/src/sllidar_ros2/./sdk/src/sdkcommon.h:49\x1b[m\x1b[K,\n'}
[133.115209] (sllidar_ros2) StderrLine: {'line': b'                 from \x1b[01m\x1b[K/home/robot/robot_ws/src/sllidar_ros2/sdk/src/dataunpacker/unpacker/../dataunnpacker_commondef.h:41\x1b[m\x1b[K,\n'}
[133.115765] (sllidar_ros2) StderrLine: {'line': b'                 from \x1b[01m\x1b[K/home/robot/robot_ws/src/sllidar_ros2/sdk/src/dataunpacker/unpacker/handler_hqnode.cpp:39\x1b[m\x1b[K:\n'}
[133.116383] (sllidar_ros2) StderrLine: {'line': b'\x1b[01m\x1b[K/home/robot/robot_ws/src/sllidar_ros2/./sdk/include/sl_lidar_cmd.h:324:20:\x1b[m\x1b[K \x1b[01;35m\x1b[Kwarning: \x1b[m\x1b[KISO C++ forbids zero-size array \xe2\x80\x98\x1b[01m\x1b[Kpayload\x1b[m\x1b[K\xe2\x80\x99 [\x1b[01;35m\x1b[K\x1b]8;;https://gcc.gnu.org/onlinedocs/gcc/Warning-Options.html#index-Wpedantic\x07-Wpedantic\x1b]8;;\x07\x1b[m\x1b[K]\n'}
[133.116970] (sllidar_ros2) StderrLine: {'line': b'  324 |     sl_u8  payload[\x1b[01;35m\x1b[K0\x1b[m\x1b[K];\n'}
[133.117660] (sllidar_ros2) StderrLine: {'line': b'      |                    \x1b[01;35m\x1b[K^\x1b[m\x1b[K\n'}
[133.198069] (-) TimerEvent: {}
[133.299001] (-) TimerEvent: {}
[133.400941] (-) TimerEvent: {}
[133.503021] (-) TimerEvent: {}
[133.604335] (-) TimerEvent: {}
[133.705221] (-) TimerEvent: {}
[133.806144] (-) TimerEvent: {}
[133.907093] (-) TimerEvent: {}
[134.007987] (-) TimerEvent: {}
[134.108938] (-) TimerEvent: {}
[134.154083] (sllidar_ros2) StderrLine: {'line': b'In file included from \x1b[01m\x1b[K/home/robot/robot_ws/src/sllidar_ros2/sdk/src/dataunpacker/unpacker/handler_hqnode.cpp:40\x1b[m\x1b[K:\n'}
[134.154741] (sllidar_ros2) StderrLine: {'line': b'\x1b[01m\x1b[K/home/robot/robot_ws/src/sllidar_ros2/sdk/src/dataunpacker/unpacker/../dataunpacker.h:\x1b[m\x1b[K In member function \xe2\x80\x98\x1b[01m\x1b[Kvirtual void sl::internal::LIDARSampleDataListener::onCustomSampleDataDecoded(_u8, _u32, const void*, size_t)\x1b[m\x1b[K\xe2\x80\x99:\n'}
[134.155210] (sllidar_ros2) StderrLine: {'line': b'\x1b[01m\x1b[K/home/robot/robot_ws/src/sllidar_ros2/sdk/src/dataunpacker/unpacker/../dataunpacker.h:54:52:\x1b[m\x1b[K \x1b[01;35m\x1b[Kwarning: \x1b[m\x1b[Kunused parameter \xe2\x80\x98\x1b[01m\x1b[KansType\x1b[m\x1b[K\xe2\x80\x99 [\x1b[01;35m\x1b[K\x1b]8;;https://gcc.gnu.org/onlinedocs/gcc/Warning-Options.html#index-Wunused-parameter\x07-Wunused-parameter\x1b]8;;\x07\x1b[m\x1b[K]\n'}
[134.155667] (sllidar_ros2) StderrLine: {'line': b'   54 |         virtual void onCustomSampleDataDecoded(\x1b[01;35m\x1b[K_u8 ansType\x1b[m\x1b[K, _u32 customCode, const void* data, size_t size) {}\n'}
[134.156165] (sllidar_ros2) StderrLine: {'line': b'      |                                                \x1b[01;35m\x1b[K~~~~^~~~~~~\x1b[m\x1b[K\n'}
[134.156689] (sllidar_ros2) StderrLine: {'line': b'\x1b[01m\x1b[K/home/robot/robot_ws/src/sllidar_ros2/sdk/src/dataunpacker/unpacker/../dataunpacker.h:54:66:\x1b[m\x1b[K \x1b[01;35m\x1b[Kwarning: \x1b[m\x1b[Kunused parameter \xe2\x80\x98\x1b[01m\x1b[KcustomCode\x1b[m\x1b[K\xe2\x80\x99 [\x1b[01;35m\x1b[K\x1b]8;;https://gcc.gnu.org/onlinedocs/gcc/Warning-Options.html#index-Wunused-parameter\x07-Wunused-parameter\x1b]8;;\x07\x1b[m\x1b[K]\n'}
[134.157282] (sllidar_ros2) StderrLine: {'line': b'   54 |         virtual void onCustomSampleDataDecoded(_u8 ansType, \x1b[01;35m\x1b[K_u32 customCode\x1b[m\x1b[K, const void* data, size_t size) {}\n'}
[134.157859] (sllidar_ros2) StderrLine: {'line': b'      |                                                             \x1b[01;35m\x1b[K~~~~~^~~~~~~~~~\x1b[m\x1b[K\n'}
[134.158314] (sllidar_ros2) StderrLine: {'line': b'\x1b[01m\x1b[K/home/robot/robot_ws/src/sllidar_ros2/sdk/src/dataunpacker/unpacker/../dataunpacker.h:54:90:\x1b[m\x1b[K \x1b[01;35m\x1b[Kwarning: \x1b[m\x1b[Kunused parameter \xe2\x80\x98\x1b[01m\x1b[Kdata\x1b[m\x1b[K\xe2\x80\x99 [\x1b[01;35m\x1b[K\x1b]8;;https://gcc.gnu.org/onlinedocs/gcc/Warning-Options.html#index-Wunused-parameter\x07-Wunused-parameter\x1b]8;;\x07\x1b[m\x1b[K]\n'}
[134.158854] (sllidar_ros2) StderrLine: {'line': b'   54 |         virtual void onCustomSampleDataDecoded(_u8 ansType, _u32 customCode, \x1b[01;35m\x1b[Kconst void* data\x1b[m\x1b[K, size_t size) {}\n'}
[134.159318] (sllidar_ros2) StderrLine: {'line': b'      |                                                                              \x1b[01;35m\x1b[K~~~~~~~~~~~~^~~~\x1b[m\x1b[K\n'}
[134.159766] (sllidar_ros2) StderrLine: {'line': b'\x1b[01m\x1b[K/home/robot/robot_ws/src/sllidar_ros2/sdk/src/dataunpacker/unpacker/../dataunpacker.h:54:103:\x1b[m\x1b[K \x1b[01;35m\x1b[Kwarning: \x1b[m\x1b[Kunused parameter \xe2\x80\x98\x1b[01m\x1b[Ksize\x1b[m\x1b[K\xe2\x80\x99 [\x1b[01;35m\x1b[K\x1b]8;;https://gcc.gnu.org/onlinedocs/gcc/Warning-Options.html#index-Wunused-parameter\x07-Wunused-parameter\x1b]8;;\x07\x1b[m\x1b[K]\n'}
[134.160283] (sllidar_ros2) StderrLine: {'line': b'   54 |         virtual void onCustomSampleDataDecoded(_u8 ansType, _u32 customCode, const void* data, \x1b[01;35m\x1b[Ksize_t size\x1b[m\x1b[K) {}\n'}
[134.160759] (sllidar_ros2) StderrLine: {'line': b'      |                                                                                                \x1b[01;35m\x1b[K~~~~~~~^~~~\x1b[m\x1b[K\n'}
[134.161329] (sllidar_ros2) StderrLine: {'line': b'\x1b[01m\x1b[K/home/robot/robot_ws/src/sllidar_ros2/sdk/src/dataunpacker/unpacker/../dataunpacker.h:\x1b[m\x1b[K In member function \xe2\x80\x98\x1b[01m\x1b[Kvirtual void sl::internal::LIDARSampleDataListener::onDecodingError(int, _u8, const void*, size_t)\x1b[m\x1b[K\xe2\x80\x99:\n'}
[134.161809] (sllidar_ros2) StderrLine: {'line': b'\x1b[01m\x1b[K/home/robot/robot_ws/src/sllidar_ros2/sdk/src/dataunpacker/unpacker/../dataunpacker.h:56:42:\x1b[m\x1b[K \x1b[01;35m\x1b[Kwarning: \x1b[m\x1b[Kunused parameter \xe2\x80\x98\x1b[01m\x1b[KerrMsg\x1b[m\x1b[K\xe2\x80\x99 [\x1b[01;35m\x1b[K\x1b]8;;https://gcc.gnu.org/onlinedocs/gcc/Warning-Options.html#index-Wunused-parameter\x07-Wunused-parameter\x1b]8;;\x07\x1b[m\x1b[K]\n'}
[134.162286] (sllidar_ros2) StderrLine: {'line': b'   56 |         virtual void onDecodingError(\x1b[01;35m\x1b[Kint errMsg\x1b[m\x1b[K, _u8 ansType, const void* payload, size_t size) {}\n'}
[134.162714] (sllidar_ros2) StderrLine: {'line': b'      |                                      \x1b[01;35m\x1b[K~~~~^~~~~~\x1b[m\x1b[K\n'}
[134.163122] (sllidar_ros2) StderrLine: {'line': b'\x1b[01m\x1b[K/home/robot/robot_ws/src/sllidar_ros2/sdk/src/dataunpacker/unpacker/../dataunpacker.h:56:54:\x1b[m\x1b[K \x1b[01;35m\x1b[Kwarning: \x1b[m\x1b[Kunused parameter \xe2\x80\x98\x1b[01m\x1b[KansType\x1b[m\x1b[K\xe2\x80\x99 [\x1b[01;35m\x1b[K\x1b]8;;https://gcc.gnu.org/onlinedocs/gcc/Warning-Options.html#index-Wunused-parameter\x07-Wunused-parameter\x1b]8;;\x07\x1b[m\x1b[K]\n'}
[134.163576] (sllidar_ros2) StderrLine: {'line': b'   56 |         virtual void onDecodingError(int errMsg, \x1b[01;35m\x1b[K_u8 ansType\x1b[m\x1b[K, const void* payload, size_t size) {}\n'}
[134.163978] (sllidar_ros2) StderrLine: {'line': b'      |                                                  \x1b[01;35m\x1b[K~~~~^~~~~~~\x1b[m\x1b[K\n'}
[134.164382] (sllidar_ros2) StderrLine: {'line': b'\x1b[01m\x1b[K/home/robot/robot_ws/src/sllidar_ros2/sdk/src/dataunpacker/unpacker/../dataunpacker.h:56:75:\x1b[m\x1b[K \x1b[01;35m\x1b[Kwarning: \x1b[m\x1b[Kunused parameter \xe2\x80\x98\x1b[01m\x1b[Kpayload\x1b[m\x1b[K\xe2\x80\x99 [\x1b[01;35m\x1b[K\x1b]8;;https://gcc.gnu.org/onlinedocs/gcc/Warning-Options.html#index-Wunused-parameter\x07-Wunused-parameter\x1b]8;;\x07\x1b[m\x1b[K]\n'}
[134.164934] (sllidar_ros2) StderrLine: {'line': b'   56 |         virtual void onDecodingError(int errMsg, _u8 ansType, \x1b[01;35m\x1b[Kconst void* payload\x1b[m\x1b[K, size_t size) {}\n'}
[134.165446] (sllidar_ros2) StderrLine: {'line': b'      |                                                               \x1b[01;35m\x1b[K~~~~~~~~~~~~^~~~~~~\x1b[m\x1b[K\n'}
[134.165891] (sllidar_ros2) StderrLine: {'line': b'\x1b[01m\x1b[K/home/robot/robot_ws/src/sllidar_ros2/sdk/src/dataunpacker/unpacker/../dataunpacker.h:56:91:\x1b[m\x1b[K \x1b[01;35m\x1b[Kwarning: \x1b[m\x1b[Kunused parameter \xe2\x80\x98\x1b[01m\x1b[Ksize\x1b[m\x1b[K\xe2\x80\x99 [\x1b[01;35m\x1b[K\x1b]8;;https://gcc.gnu.org/onlinedocs/gcc/Warning-Options.html#index-Wunused-parameter\x07-Wunused-parameter\x1b]8;;\x07\x1b[m\x1b[K]\n'}
[134.166354] (sllidar_ros2) StderrLine: {'line': b'   56 |         virtual void onDecodingError(int errMsg, _u8 ansType, const void* payload, \x1b[01;35m\x1b[Ksize_t size\x1b[m\x1b[K) {}\n'}
[134.166794] (sllidar_ros2) StderrLine: {'line': b'      |                                                                                    \x1b[01;35m\x1b[K~~~~~~~^~~~\x1b[m\x1b[K\n'}
[134.209177] (-) TimerEvent: {}
[134.309984] (-) TimerEvent: {}
[134.410852] (-) TimerEvent: {}
[134.511665] (-) TimerEvent: {}
[134.534428] (vision_msgs) StdoutLine: {'line': b'running egg_info\n'}
[134.537325] (vision_msgs) StdoutLine: {'line': b'creating vision_msgs.egg-info\n'}
[134.538445] (vision_msgs) StdoutLine: {'line': b'writing vision_msgs.egg-info/PKG-INFO\n'}
[134.540442] (vision_msgs) StdoutLine: {'line': b'writing dependency_links to vision_msgs.egg-info/dependency_links.txt\n'}
[134.542360] (vision_msgs) StdoutLine: {'line': b'writing top-level names to vision_msgs.egg-info/top_level.txt\n'}
[134.543496] (vision_msgs) StdoutLine: {'line': b"writing manifest file 'vision_msgs.egg-info/SOURCES.txt'\n"}
[134.554753] (vision_msgs) StdoutLine: {'line': b"reading manifest file 'vision_msgs.egg-info/SOURCES.txt'\n"}
[134.557612] (vision_msgs) StdoutLine: {'line': b"writing manifest file 'vision_msgs.egg-info/SOURCES.txt'\n"}
[134.612043] (-) TimerEvent: {}
[134.712892] (vision_msgs) StdoutLine: {'line': b'[ 33%] Built target ament_cmake_python_build_vision_msgs_egg\n'}
[134.713754] (-) TimerEvent: {}
[134.814728] (-) TimerEvent: {}
[134.817533] (vision_msgs) StdoutLine: {'line': b'[ 35%] \x1b[34m\x1b[1mGenerating Rust code for ROS interfaces\x1b[0m\n'}
[134.914893] (-) TimerEvent: {}
[135.015620] (-) TimerEvent: {}
[135.116490] (-) TimerEvent: {}
[135.217592] (-) TimerEvent: {}
[135.318718] (-) TimerEvent: {}
[135.419842] (-) TimerEvent: {}
[135.474944] (sllidar_ros2) StdoutLine: {'line': b'[ 35%] \x1b[32mBuilding CXX object CMakeFiles/sllidar_node.dir/sdk/src/dataunpacker/unpacker/handler_normalnode.cpp.o\x1b[0m\n'}
[135.520137] (-) TimerEvent: {}
[135.621044] (-) TimerEvent: {}
[135.721893] (-) TimerEvent: {}
[135.822722] (-) TimerEvent: {}
[135.924279] (-) TimerEvent: {}
[136.025242] (-) TimerEvent: {}
[136.126352] (-) TimerEvent: {}
[136.227467] (-) TimerEvent: {}
[136.328362] (-) TimerEvent: {}
[136.429163] (-) TimerEvent: {}
[136.529958] (-) TimerEvent: {}
[136.630785] (-) TimerEvent: {}
[136.731602] (-) TimerEvent: {}
[136.832444] (-) TimerEvent: {}
[136.933404] (-) TimerEvent: {}
[137.034325] (-) TimerEvent: {}
[137.135172] (-) TimerEvent: {}
[137.235975] (-) TimerEvent: {}
[137.336865] (-) TimerEvent: {}
[137.437880] (-) TimerEvent: {}
[137.538694] (-) TimerEvent: {}
[137.639492] (-) TimerEvent: {}
[137.740328] (-) TimerEvent: {}
[137.841181] (-) TimerEvent: {}
[137.867751] (sllidar_ros2) StderrLine: {'line': b'In file included from \x1b[01m\x1b[K/home/robot/robot_ws/src/sllidar_ros2/./sdk/include/rplidar_protocol.h:36\x1b[m\x1b[K,\n'}
[137.868385] (sllidar_ros2) StderrLine: {'line': b'                 from \x1b[01m\x1b[K/home/robot/robot_ws/src/sllidar_ros2/./sdk/include/rplidar.h:39\x1b[m\x1b[K,\n'}
[137.868933] (sllidar_ros2) StderrLine: {'line': b'                 from \x1b[01m\x1b[K/home/robot/robot_ws/src/sllidar_ros2/./sdk/src/sdkcommon.h:49\x1b[m\x1b[K,\n'}
[137.869769] (sllidar_ros2) StderrLine: {'line': b'                 from \x1b[01m\x1b[K/home/robot/robot_ws/src/sllidar_ros2/sdk/src/dataunpacker/unpacker/../dataunnpacker_commondef.h:41\x1b[m\x1b[K,\n'}
[137.870495] (sllidar_ros2) StderrLine: {'line': b'                 from \x1b[01m\x1b[K/home/robot/robot_ws/src/sllidar_ros2/sdk/src/dataunpacker/unpacker/handler_normalnode.cpp:39\x1b[m\x1b[K:\n'}
[137.871074] (sllidar_ros2) StderrLine: {'line': b'\x1b[01m\x1b[K/home/robot/robot_ws/src/sllidar_ros2/./sdk/include/sl_lidar_protocol.h:66:16:\x1b[m\x1b[K \x1b[01;35m\x1b[Kwarning: \x1b[m\x1b[KISO C++ forbids zero-size array \xe2\x80\x98\x1b[01m\x1b[Kdata\x1b[m\x1b[K\xe2\x80\x99 [\x1b[01;35m\x1b[K\x1b]8;;https://gcc.gnu.org/onlinedocs/gcc/Warning-Options.html#index-Wpedantic\x07-Wpedantic\x1b]8;;\x07\x1b[m\x1b[K]\n'}
[137.871683] (sllidar_ros2) StderrLine: {'line': b'   66 |     sl_u8 data[\x1b[01;35m\x1b[K0\x1b[m\x1b[K];\n'}
[137.872151] (sllidar_ros2) StderrLine: {'line': b'      |                \x1b[01;35m\x1b[K^\x1b[m\x1b[K\n'}
[137.872645] (sllidar_ros2) StderrLine: {'line': b'In file included from \x1b[01m\x1b[K/home/robot/robot_ws/src/sllidar_ros2/./sdk/include/rplidar_cmd.h:36\x1b[m\x1b[K,\n'}
[137.873288] (sllidar_ros2) StderrLine: {'line': b'                 from \x1b[01m\x1b[K/home/robot/robot_ws/src/sllidar_ros2/./sdk/include/rplidar.h:40\x1b[m\x1b[K,\n'}
[137.873722] (sllidar_ros2) StderrLine: {'line': b'                 from \x1b[01m\x1b[K/home/robot/robot_ws/src/sllidar_ros2/./sdk/src/sdkcommon.h:49\x1b[m\x1b[K,\n'}
[137.874089] (sllidar_ros2) StderrLine: {'line': b'                 from \x1b[01m\x1b[K/home/robot/robot_ws/src/sllidar_ros2/sdk/src/dataunpacker/unpacker/../dataunnpacker_commondef.h:41\x1b[m\x1b[K,\n'}
[137.874473] (sllidar_ros2) StderrLine: {'line': b'                 from \x1b[01m\x1b[K/home/robot/robot_ws/src/sllidar_ros2/sdk/src/dataunpacker/unpacker/handler_normalnode.cpp:39\x1b[m\x1b[K:\n'}
[137.874849] (sllidar_ros2) StderrLine: {'line': b'\x1b[01m\x1b[K/home/robot/robot_ws/src/sllidar_ros2/./sdk/include/sl_lidar_cmd.h:324:20:\x1b[m\x1b[K \x1b[01;35m\x1b[Kwarning: \x1b[m\x1b[KISO C++ forbids zero-size array \xe2\x80\x98\x1b[01m\x1b[Kpayload\x1b[m\x1b[K\xe2\x80\x99 [\x1b[01;35m\x1b[K\x1b]8;;https://gcc.gnu.org/onlinedocs/gcc/Warning-Options.html#index-Wpedantic\x07-Wpedantic\x1b]8;;\x07\x1b[m\x1b[K]\n'}
[137.875224] (sllidar_ros2) StderrLine: {'line': b'  324 |     sl_u8  payload[\x1b[01;35m\x1b[K0\x1b[m\x1b[K];\n'}
[137.875594] (sllidar_ros2) StderrLine: {'line': b'      |                    \x1b[01;35m\x1b[K^\x1b[m\x1b[K\n'}
[137.941404] (-) TimerEvent: {}
[138.042762] (-) TimerEvent: {}
[138.143640] (-) TimerEvent: {}
[138.245270] (-) TimerEvent: {}
[138.346652] (-) TimerEvent: {}
[138.447804] (-) TimerEvent: {}
[138.548747] (-) TimerEvent: {}
[138.565445] (vision_msgs) StdoutLine: {'line': b'[ 35%] Built target vision_msgs__rs\n'}
[138.620574] (vision_msgs) StdoutLine: {'line': b'[ 37%] \x1b[34m\x1b[1mGenerating C code for ROS interfaces\x1b[0m\n'}
[138.648943] (-) TimerEvent: {}
[138.750114] (-) TimerEvent: {}
[138.795097] (sllidar_ros2) StderrLine: {'line': b'In file included from \x1b[01m\x1b[K/home/robot/robot_ws/src/sllidar_ros2/sdk/src/dataunpacker/unpacker/handler_normalnode.cpp:40\x1b[m\x1b[K:\n'}
[138.795776] (sllidar_ros2) StderrLine: {'line': b'\x1b[01m\x1b[K/home/robot/robot_ws/src/sllidar_ros2/sdk/src/dataunpacker/unpacker/../dataunpacker.h:\x1b[m\x1b[K In member function \xe2\x80\x98\x1b[01m\x1b[Kvirtual void sl::internal::LIDARSampleDataListener::onCustomSampleDataDecoded(_u8, _u32, const void*, size_t)\x1b[m\x1b[K\xe2\x80\x99:\n'}
[138.796299] (sllidar_ros2) StderrLine: {'line': b'\x1b[01m\x1b[K/home/robot/robot_ws/src/sllidar_ros2/sdk/src/dataunpacker/unpacker/../dataunpacker.h:54:52:\x1b[m\x1b[K \x1b[01;35m\x1b[Kwarning: \x1b[m\x1b[Kunused parameter \xe2\x80\x98\x1b[01m\x1b[KansType\x1b[m\x1b[K\xe2\x80\x99 [\x1b[01;35m\x1b[K\x1b]8;;https://gcc.gnu.org/onlinedocs/gcc/Warning-Options.html#index-Wunused-parameter\x07-Wunused-parameter\x1b]8;;\x07\x1b[m\x1b[K]\n'}
[138.796948] (sllidar_ros2) StderrLine: {'line': b'   54 |         virtual void onCustomSampleDataDecoded(\x1b[01;35m\x1b[K_u8 ansType\x1b[m\x1b[K, _u32 customCode, const void* data, size_t size) {}\n'}
[138.797588] (sllidar_ros2) StderrLine: {'line': b'      |                                                \x1b[01;35m\x1b[K~~~~^~~~~~~\x1b[m\x1b[K\n'}
[138.798083] (sllidar_ros2) StderrLine: {'line': b'\x1b[01m\x1b[K/home/robot/robot_ws/src/sllidar_ros2/sdk/src/dataunpacker/unpacker/../dataunpacker.h:54:66:\x1b[m\x1b[K \x1b[01;35m\x1b[Kwarning: \x1b[m\x1b[Kunused parameter \xe2\x80\x98\x1b[01m\x1b[KcustomCode\x1b[m\x1b[K\xe2\x80\x99 [\x1b[01;35m\x1b[K\x1b]8;;https://gcc.gnu.org/onlinedocs/gcc/Warning-Options.html#index-Wunused-parameter\x07-Wunused-parameter\x1b]8;;\x07\x1b[m\x1b[K]\n'}
[138.798563] (sllidar_ros2) StderrLine: {'line': b'   54 |         virtual void onCustomSampleDataDecoded(_u8 ansType, \x1b[01;35m\x1b[K_u32 customCode\x1b[m\x1b[K, const void* data, size_t size) {}\n'}
[138.799095] (sllidar_ros2) StderrLine: {'line': b'      |                                                             \x1b[01;35m\x1b[K~~~~~^~~~~~~~~~\x1b[m\x1b[K\n'}
[138.799547] (sllidar_ros2) StderrLine: {'line': b'\x1b[01m\x1b[K/home/robot/robot_ws/src/sllidar_ros2/sdk/src/dataunpacker/unpacker/../dataunpacker.h:54:90:\x1b[m\x1b[K \x1b[01;35m\x1b[Kwarning: \x1b[m\x1b[Kunused parameter \xe2\x80\x98\x1b[01m\x1b[Kdata\x1b[m\x1b[K\xe2\x80\x99 [\x1b[01;35m\x1b[K\x1b]8;;https://gcc.gnu.org/onlinedocs/gcc/Warning-Options.html#index-Wunused-parameter\x07-Wunused-parameter\x1b]8;;\x07\x1b[m\x1b[K]\n'}
[138.799986] (sllidar_ros2) StderrLine: {'line': b'   54 |         virtual void onCustomSampleDataDecoded(_u8 ansType, _u32 customCode, \x1b[01;35m\x1b[Kconst void* data\x1b[m\x1b[K, size_t size) {}\n'}
[138.800437] (sllidar_ros2) StderrLine: {'line': b'      |                                                                              \x1b[01;35m\x1b[K~~~~~~~~~~~~^~~~\x1b[m\x1b[K\n'}
[138.800888] (sllidar_ros2) StderrLine: {'line': b'\x1b[01m\x1b[K/home/robot/robot_ws/src/sllidar_ros2/sdk/src/dataunpacker/unpacker/../dataunpacker.h:54:103:\x1b[m\x1b[K \x1b[01;35m\x1b[Kwarning: \x1b[m\x1b[Kunused parameter \xe2\x80\x98\x1b[01m\x1b[Ksize\x1b[m\x1b[K\xe2\x80\x99 [\x1b[01;35m\x1b[K\x1b]8;;https://gcc.gnu.org/onlinedocs/gcc/Warning-Options.html#index-Wunused-parameter\x07-Wunused-parameter\x1b]8;;\x07\x1b[m\x1b[K]\n'}
[138.801502] (sllidar_ros2) StderrLine: {'line': b'   54 |         virtual void onCustomSampleDataDecoded(_u8 ansType, _u32 customCode, const void* data, \x1b[01;35m\x1b[Ksize_t size\x1b[m\x1b[K) {}\n'}
[138.801999] (sllidar_ros2) StderrLine: {'line': b'      |                                                                                                \x1b[01;35m\x1b[K~~~~~~~^~~~\x1b[m\x1b[K\n'}
[138.803013] (sllidar_ros2) StderrLine: {'line': b'\x1b[01m\x1b[K/home/robot/robot_ws/src/sllidar_ros2/sdk/src/dataunpacker/unpacker/../dataunpacker.h:\x1b[m\x1b[K In member function \xe2\x80\x98\x1b[01m\x1b[Kvirtual void sl::internal::LIDARSampleDataListener::onDecodingError(int, _u8, const void*, size_t)\x1b[m\x1b[K\xe2\x80\x99:\n'}
[138.803752] (sllidar_ros2) StderrLine: {'line': b'\x1b[01m\x1b[K/home/robot/robot_ws/src/sllidar_ros2/sdk/src/dataunpacker/unpacker/../dataunpacker.h:56:42:\x1b[m\x1b[K \x1b[01;35m\x1b[Kwarning: \x1b[m\x1b[Kunused parameter \xe2\x80\x98\x1b[01m\x1b[KerrMsg\x1b[m\x1b[K\xe2\x80\x99 [\x1b[01;35m\x1b[K\x1b]8;;https://gcc.gnu.org/onlinedocs/gcc/Warning-Options.html#index-Wunused-parameter\x07-Wunused-parameter\x1b]8;;\x07\x1b[m\x1b[K]\n'}
[138.804408] (sllidar_ros2) StderrLine: {'line': b'   56 |         virtual void onDecodingError(\x1b[01;35m\x1b[Kint errMsg\x1b[m\x1b[K, _u8 ansType, const void* payload, size_t size) {}\n'}
[138.805207] (sllidar_ros2) StderrLine: {'line': b'      |                                      \x1b[01;35m\x1b[K~~~~^~~~~~\x1b[m\x1b[K\n'}
[138.805776] (sllidar_ros2) StderrLine: {'line': b'\x1b[01m\x1b[K/home/robot/robot_ws/src/sllidar_ros2/sdk/src/dataunpacker/unpacker/../dataunpacker.h:56:54:\x1b[m\x1b[K \x1b[01;35m\x1b[Kwarning: \x1b[m\x1b[Kunused parameter \xe2\x80\x98\x1b[01m\x1b[KansType\x1b[m\x1b[K\xe2\x80\x99 [\x1b[01;35m\x1b[K\x1b]8;;https://gcc.gnu.org/onlinedocs/gcc/Warning-Options.html#index-Wunused-parameter\x07-Wunused-parameter\x1b]8;;\x07\x1b[m\x1b[K]\n'}
[138.806372] (sllidar_ros2) StderrLine: {'line': b'   56 |         virtual void onDecodingError(int errMsg, \x1b[01;35m\x1b[K_u8 ansType\x1b[m\x1b[K, const void* payload, size_t size) {}\n'}
[138.806901] (sllidar_ros2) StderrLine: {'line': b'      |                                                  \x1b[01;35m\x1b[K~~~~^~~~~~~\x1b[m\x1b[K\n'}
[138.807403] (sllidar_ros2) StderrLine: {'line': b'\x1b[01m\x1b[K/home/robot/robot_ws/src/sllidar_ros2/sdk/src/dataunpacker/unpacker/../dataunpacker.h:56:75:\x1b[m\x1b[K \x1b[01;35m\x1b[Kwarning: \x1b[m\x1b[Kunused parameter \xe2\x80\x98\x1b[01m\x1b[Kpayload\x1b[m\x1b[K\xe2\x80\x99 [\x1b[01;35m\x1b[K\x1b]8;;https://gcc.gnu.org/onlinedocs/gcc/Warning-Options.html#index-Wunused-parameter\x07-Wunused-parameter\x1b]8;;\x07\x1b[m\x1b[K]\n'}
[138.808078] (sllidar_ros2) StderrLine: {'line': b'   56 |         virtual void onDecodingError(int errMsg, _u8 ansType, \x1b[01;35m\x1b[Kconst void* payload\x1b[m\x1b[K, size_t size) {}\n'}
[138.808614] (sllidar_ros2) StderrLine: {'line': b'      |                                                               \x1b[01;35m\x1b[K~~~~~~~~~~~~^~~~~~~\x1b[m\x1b[K\n'}
[138.809189] (sllidar_ros2) StderrLine: {'line': b'\x1b[01m\x1b[K/home/robot/robot_ws/src/sllidar_ros2/sdk/src/dataunpacker/unpacker/../dataunpacker.h:56:91:\x1b[m\x1b[K \x1b[01;35m\x1b[Kwarning: \x1b[m\x1b[Kunused parameter \xe2\x80\x98\x1b[01m\x1b[Ksize\x1b[m\x1b[K\xe2\x80\x99 [\x1b[01;35m\x1b[K\x1b]8;;https://gcc.gnu.org/onlinedocs/gcc/Warning-Options.html#index-Wunused-parameter\x07-Wunused-parameter\x1b]8;;\x07\x1b[m\x1b[K]\n'}
[138.809855] (sllidar_ros2) StderrLine: {'line': b'   56 |         virtual void onDecodingError(int errMsg, _u8 ansType, const void* payload, \x1b[01;35m\x1b[Ksize_t size\x1b[m\x1b[K) {}\n'}
[138.810352] (sllidar_ros2) StderrLine: {'line': b'      |                                                                                    \x1b[01;35m\x1b[K~~~~~~~^~~~\x1b[m\x1b[K\n'}
[138.850320] (-) TimerEvent: {}
[138.951170] (-) TimerEvent: {}
[139.053214] (-) TimerEvent: {}
[139.154901] (-) TimerEvent: {}
[139.256513] (-) TimerEvent: {}
[139.358196] (-) TimerEvent: {}
[139.460215] (-) TimerEvent: {}
[139.561876] (-) TimerEvent: {}
[139.662850] (-) TimerEvent: {}
[139.764346] (-) TimerEvent: {}
[139.865225] (-) TimerEvent: {}
[139.966417] (-) TimerEvent: {}
[140.067276] (-) TimerEvent: {}
[140.168912] (-) TimerEvent: {}
[140.270477] (-) TimerEvent: {}
[140.278371] (sllidar_ros2) StdoutLine: {'line': b'[ 40%] \x1b[32mBuilding CXX object CMakeFiles/sllidar_node.dir/sdk/src/hal/thread.cpp.o\x1b[0m\n'}
[140.370679] (-) TimerEvent: {}
[140.472092] (-) TimerEvent: {}
[140.572922] (-) TimerEvent: {}
[140.674346] (-) TimerEvent: {}
[140.775771] (-) TimerEvent: {}
[140.877059] (-) TimerEvent: {}
[140.978611] (-) TimerEvent: {}
[141.079464] (-) TimerEvent: {}
[141.181055] (-) TimerEvent: {}
[141.281837] (-) TimerEvent: {}
[141.382617] (-) TimerEvent: {}
[141.483491] (-) TimerEvent: {}
[141.584522] (-) TimerEvent: {}
[141.685568] (-) TimerEvent: {}
[141.786635] (-) TimerEvent: {}
[141.887538] (-) TimerEvent: {}
[141.988613] (-) TimerEvent: {}
[142.090956] (-) TimerEvent: {}
[142.191847] (-) TimerEvent: {}
[142.292790] (-) TimerEvent: {}
[142.393809] (-) TimerEvent: {}
[142.495630] (-) TimerEvent: {}
[142.597556] (-) TimerEvent: {}
[142.665766] (vision_msgs) StdoutLine: {'line': b'[ 39%] \x1b[32mBuilding C object CMakeFiles/vision_msgs__rosidl_generator_c.dir/rosidl_generator_c/vision_msgs/msg/detail/detection__functions.c.o\x1b[0m\n'}
[142.697781] (-) TimerEvent: {}
[142.706880] (sllidar_ros2) StderrLine: {'line': b'In file included from \x1b[01m\x1b[K/home/robot/robot_ws/src/sllidar_ros2/./sdk/include/rplidar_protocol.h:36\x1b[m\x1b[K,\n'}
[142.707664] (sllidar_ros2) StderrLine: {'line': b'                 from \x1b[01m\x1b[K/home/robot/robot_ws/src/sllidar_ros2/./sdk/include/rplidar.h:39\x1b[m\x1b[K,\n'}
[142.708179] (sllidar_ros2) StderrLine: {'line': b'                 from \x1b[01m\x1b[K/home/robot/robot_ws/src/sllidar_ros2/./sdk/src/sdkcommon.h:49\x1b[m\x1b[K,\n'}
[142.708695] (sllidar_ros2) StderrLine: {'line': b'                 from \x1b[01m\x1b[K/home/robot/robot_ws/src/sllidar_ros2/sdk/src/hal/thread.cpp:35\x1b[m\x1b[K:\n'}
[142.709277] (sllidar_ros2) StderrLine: {'line': b'\x1b[01m\x1b[K/home/robot/robot_ws/src/sllidar_ros2/./sdk/include/sl_lidar_protocol.h:66:16:\x1b[m\x1b[K \x1b[01;35m\x1b[Kwarning: \x1b[m\x1b[KISO C++ forbids zero-size array \xe2\x80\x98\x1b[01m\x1b[Kdata\x1b[m\x1b[K\xe2\x80\x99 [\x1b[01;35m\x1b[K\x1b]8;;https://gcc.gnu.org/onlinedocs/gcc/Warning-Options.html#index-Wpedantic\x07-Wpedantic\x1b]8;;\x07\x1b[m\x1b[K]\n'}
[142.709894] (sllidar_ros2) StderrLine: {'line': b'   66 |     sl_u8 data[\x1b[01;35m\x1b[K0\x1b[m\x1b[K];\n'}
[142.710391] (sllidar_ros2) StderrLine: {'line': b'      |                \x1b[01;35m\x1b[K^\x1b[m\x1b[K\n'}
[142.711322] (sllidar_ros2) StderrLine: {'line': b'In file included from \x1b[01m\x1b[K/home/robot/robot_ws/src/sllidar_ros2/./sdk/include/rplidar_cmd.h:36\x1b[m\x1b[K,\n'}
[142.712466] (sllidar_ros2) StderrLine: {'line': b'                 from \x1b[01m\x1b[K/home/robot/robot_ws/src/sllidar_ros2/./sdk/include/rplidar.h:40\x1b[m\x1b[K,\n'}
[142.713050] (sllidar_ros2) StderrLine: {'line': b'                 from \x1b[01m\x1b[K/home/robot/robot_ws/src/sllidar_ros2/./sdk/src/sdkcommon.h:49\x1b[m\x1b[K,\n'}
[142.713630] (sllidar_ros2) StderrLine: {'line': b'                 from \x1b[01m\x1b[K/home/robot/robot_ws/src/sllidar_ros2/sdk/src/hal/thread.cpp:35\x1b[m\x1b[K:\n'}
[142.714126] (sllidar_ros2) StderrLine: {'line': b'\x1b[01m\x1b[K/home/robot/robot_ws/src/sllidar_ros2/./sdk/include/sl_lidar_cmd.h:324:20:\x1b[m\x1b[K \x1b[01;35m\x1b[Kwarning: \x1b[m\x1b[KISO C++ forbids zero-size array \xe2\x80\x98\x1b[01m\x1b[Kpayload\x1b[m\x1b[K\xe2\x80\x99 [\x1b[01;35m\x1b[K\x1b]8;;https://gcc.gnu.org/onlinedocs/gcc/Warning-Options.html#index-Wpedantic\x07-Wpedantic\x1b]8;;\x07\x1b[m\x1b[K]\n'}
[142.714595] (sllidar_ros2) StderrLine: {'line': b'  324 |     sl_u8  payload[\x1b[01;35m\x1b[K0\x1b[m\x1b[K];\n'}
[142.715040] (sllidar_ros2) StderrLine: {'line': b'      |                    \x1b[01;35m\x1b[K^\x1b[m\x1b[K\n'}
[142.797971] (-) TimerEvent: {}
[142.898761] (-) TimerEvent: {}
[142.944670] (sllidar_ros2) StderrLine: {'line': b'In file included from \x1b[01m\x1b[K/home/robot/robot_ws/src/sllidar_ros2/sdk/src/hal/thread.cpp:43\x1b[m\x1b[K:\n'}
[142.945530] (sllidar_ros2) StderrLine: {'line': b'\x1b[01m\x1b[K/home/robot/robot_ws/src/sllidar_ros2/./sdk/src/arch/linux/thread.hpp:\x1b[m\x1b[K In static member function \xe2\x80\x98\x1b[01m\x1b[Kstatic rp::hal::Thread rp::hal::Thread::create(thread_proc_t, void*)\x1b[m\x1b[K\xe2\x80\x99:\n'}
[142.946256] (sllidar_ros2) StderrLine: {'line': b'\x1b[01m\x1b[K/home/robot/robot_ws/src/sllidar_ros2/./sdk/src/arch/linux/thread.hpp:52:57:\x1b[m\x1b[K \x1b[01;35m\x1b[Kwarning: \x1b[m\x1b[Kcast between incompatible function types from \xe2\x80\x98\x1b[01m\x1b[Kthread_proc_t\x1b[m\x1b[K\xe2\x80\x99 {aka \xe2\x80\x98\x1b[01m\x1b[Klong unsigned int (*)(void*)\x1b[m\x1b[K\xe2\x80\x99} to \xe2\x80\x98\x1b[01m\x1b[Kvoid* (*)(void*)\x1b[m\x1b[K\xe2\x80\x99 [\x1b[01;35m\x1b[K\x1b]8;;https://gcc.gnu.org/onlinedocs/gcc/Warning-Options.html#index-Wcast-function-type\x07-Wcast-function-type\x1b]8;;\x07\x1b[m\x1b[K]\n'}
[142.946923] (sllidar_ros2) StderrLine: {'line': b'   52 |     pthread_create((pthread_t *)&newborn._handle, NULL, \x1b[01;35m\x1b[K(void * (*)(void *))proc\x1b[m\x1b[K, data);\n'}
[142.947573] (sllidar_ros2) StderrLine: {'line': b'      |                                                         \x1b[01;35m\x1b[K^~~~~~~~~~~~~~~~~~~~~~~~\x1b[m\x1b[K\n'}
[142.949456] (sllidar_ros2) StderrLine: {'line': b'\x1b[01m\x1b[K/home/robot/robot_ws/src/sllidar_ros2/./sdk/src/arch/linux/thread.hpp:\x1b[m\x1b[K In member function \xe2\x80\x98\x1b[01m\x1b[Ku_result rp::hal::Thread::join(long unsigned int)\x1b[m\x1b[K\xe2\x80\x99:\n'}
[142.950556] (sllidar_ros2) StderrLine: {'line': b'\x1b[01m\x1b[K/home/robot/robot_ws/src/sllidar_ros2/./sdk/src/arch/linux/thread.hpp:176:37:\x1b[m\x1b[K \x1b[01;35m\x1b[Kwarning: \x1b[m\x1b[Kunused parameter \xe2\x80\x98\x1b[01m\x1b[Ktimeout\x1b[m\x1b[K\xe2\x80\x99 [\x1b[01;35m\x1b[K\x1b]8;;https://gcc.gnu.org/onlinedocs/gcc/Warning-Options.html#index-Wunused-parameter\x07-Wunused-parameter\x1b]8;;\x07\x1b[m\x1b[K]\n'}
[142.951429] (sllidar_ros2) StderrLine: {'line': b'  176 | u_result Thread::join(\x1b[01;35m\x1b[Kunsigned long timeout\x1b[m\x1b[K)\n'}
[142.952011] (sllidar_ros2) StderrLine: {'line': b'      |                       \x1b[01;35m\x1b[K~~~~~~~~~~~~~~^~~~~~~\x1b[m\x1b[K\n'}
[142.998979] (-) TimerEvent: {}
[143.099814] (-) TimerEvent: {}
[143.200744] (-) TimerEvent: {}
[143.301701] (-) TimerEvent: {}
[143.402698] (-) TimerEvent: {}
[143.503789] (-) TimerEvent: {}
[143.605005] (-) TimerEvent: {}
[143.706165] (-) TimerEvent: {}
[143.807512] (-) TimerEvent: {}
[143.908649] (-) TimerEvent: {}
[143.932179] (vision_msgs) StdoutLine: {'line': b'[ 41%] \x1b[32mBuilding C object CMakeFiles/vision_msgs__rosidl_generator_c.dir/rosidl_generator_c/vision_msgs/msg/detail/ai_status__functions.c.o\x1b[0m\n'}
[144.008863] (-) TimerEvent: {}
[144.055089] (sllidar_ros2) StdoutLine: {'line': b'[ 45%] \x1b[32mBuilding CXX object CMakeFiles/sllidar_node.dir/sdk/src/rplidar_driver.cpp.o\x1b[0m\n'}
[144.109160] (-) TimerEvent: {}
[144.210062] (-) TimerEvent: {}
[144.310914] (-) TimerEvent: {}
[144.314518] (vision_msgs) StdoutLine: {'line': b'[ 43%] \x1b[32mBuilding C object CMakeFiles/vision_msgs__rosidl_generator_c.dir/rosidl_generator_c/vision_msgs/msg/detail/detection_array__functions.c.o\x1b[0m\n'}
[144.411138] (-) TimerEvent: {}
[144.512276] (-) TimerEvent: {}
[144.613609] (-) TimerEvent: {}
[144.689532] (vision_msgs) StdoutLine: {'line': b'[ 45%] \x1b[32m\x1b[1mLinking C shared library libvision_msgs__rosidl_generator_c.so\x1b[0m\n'}
[144.713880] (-) TimerEvent: {}
[144.814853] (-) TimerEvent: {}
[144.890717] (vision_msgs) StdoutLine: {'line': b'[ 45%] Built target vision_msgs__rosidl_generator_c\n'}
[144.915075] (-) TimerEvent: {}
[144.947080] (vision_msgs) StdoutLine: {'line': b'[ 47%] \x1b[34m\x1b[1mGenerating C type support for eProsima Fast-RTPS\x1b[0m\n'}
[145.015279] (-) TimerEvent: {}
[145.116739] (-) TimerEvent: {}
[145.218353] (-) TimerEvent: {}
[145.319864] (-) TimerEvent: {}
[145.421505] (-) TimerEvent: {}
[145.522424] (-) TimerEvent: {}
[145.623418] (-) TimerEvent: {}
[145.725356] (-) TimerEvent: {}
[145.826915] (-) TimerEvent: {}
[145.928588] (-) TimerEvent: {}
[146.137392] (-) TimerEvent: {}
[146.238997] (-) TimerEvent: {}
[146.340133] (-) TimerEvent: {}
[146.441315] (-) TimerEvent: {}
[146.542915] (-) TimerEvent: {}
[146.644998] (-) TimerEvent: {}
[146.665132] (sllidar_ros2) StderrLine: {'line': b'In file included from \x1b[01m\x1b[K/home/robot/robot_ws/src/sllidar_ros2/./sdk/include/rplidar_protocol.h:36\x1b[m\x1b[K,\n'}
[146.665804] (sllidar_ros2) StderrLine: {'line': b'                 from \x1b[01m\x1b[K/home/robot/robot_ws/src/sllidar_ros2/./sdk/include/rplidar.h:39\x1b[m\x1b[K,\n'}
[146.666316] (sllidar_ros2) StderrLine: {'line': b'                 from \x1b[01m\x1b[K/home/robot/robot_ws/src/sllidar_ros2/sdk/src/sdkcommon.h:49\x1b[m\x1b[K,\n'}
[146.666814] (sllidar_ros2) StderrLine: {'line': b'                 from \x1b[01m\x1b[K/home/robot/robot_ws/src/sllidar_ros2/sdk/src/rplidar_driver.cpp:33\x1b[m\x1b[K:\n'}
[146.667870] (sllidar_ros2) StderrLine: {'line': b'\x1b[01m\x1b[K/home/robot/robot_ws/src/sllidar_ros2/./sdk/include/sl_lidar_protocol.h:66:16:\x1b[m\x1b[K \x1b[01;35m\x1b[Kwarning: \x1b[m\x1b[KISO C++ forbids zero-size array \xe2\x80\x98\x1b[01m\x1b[Kdata\x1b[m\x1b[K\xe2\x80\x99 [\x1b[01;35m\x1b[K\x1b]8;;https://gcc.gnu.org/onlinedocs/gcc/Warning-Options.html#index-Wpedantic\x07-Wpedantic\x1b]8;;\x07\x1b[m\x1b[K]\n'}
[146.668481] (sllidar_ros2) StderrLine: {'line': b'   66 |     sl_u8 data[\x1b[01;35m\x1b[K0\x1b[m\x1b[K];\n'}
[146.668992] (sllidar_ros2) StderrLine: {'line': b'      |                \x1b[01;35m\x1b[K^\x1b[m\x1b[K\n'}
[146.669619] (sllidar_ros2) StderrLine: {'line': b'In file included from \x1b[01m\x1b[K/home/robot/robot_ws/src/sllidar_ros2/./sdk/include/rplidar_cmd.h:36\x1b[m\x1b[K,\n'}
[146.670161] (sllidar_ros2) StderrLine: {'line': b'                 from \x1b[01m\x1b[K/home/robot/robot_ws/src/sllidar_ros2/./sdk/include/rplidar.h:40\x1b[m\x1b[K,\n'}
[146.670887] (sllidar_ros2) StderrLine: {'line': b'                 from \x1b[01m\x1b[K/home/robot/robot_ws/src/sllidar_ros2/sdk/src/sdkcommon.h:49\x1b[m\x1b[K,\n'}
[146.671517] (sllidar_ros2) StderrLine: {'line': b'                 from \x1b[01m\x1b[K/home/robot/robot_ws/src/sllidar_ros2/sdk/src/rplidar_driver.cpp:33\x1b[m\x1b[K:\n'}
[146.672100] (sllidar_ros2) StderrLine: {'line': b'\x1b[01m\x1b[K/home/robot/robot_ws/src/sllidar_ros2/./sdk/include/sl_lidar_cmd.h:324:20:\x1b[m\x1b[K \x1b[01;35m\x1b[Kwarning: \x1b[m\x1b[KISO C++ forbids zero-size array \xe2\x80\x98\x1b[01m\x1b[Kpayload\x1b[m\x1b[K\xe2\x80\x99 [\x1b[01;35m\x1b[K\x1b]8;;https://gcc.gnu.org/onlinedocs/gcc/Warning-Options.html#index-Wpedantic\x07-Wpedantic\x1b]8;;\x07\x1b[m\x1b[K]\n'}
[146.672782] (sllidar_ros2) StderrLine: {'line': b'  324 |     sl_u8  payload[\x1b[01;35m\x1b[K0\x1b[m\x1b[K];\n'}
[146.673442] (sllidar_ros2) StderrLine: {'line': b'      |                    \x1b[01;35m\x1b[K^\x1b[m\x1b[K\n'}
[146.745205] (-) TimerEvent: {}
[146.846934] (-) TimerEvent: {}
[146.948758] (-) TimerEvent: {}
[147.050368] (-) TimerEvent: {}
[147.152039] (-) TimerEvent: {}
[147.253785] (-) TimerEvent: {}
[147.354716] (-) TimerEvent: {}
[147.455743] (-) TimerEvent: {}
[147.556763] (-) TimerEvent: {}
[147.594727] (sllidar_ros2) StderrLine: {'line': b'\x1b[01m\x1b[K/home/robot/robot_ws/src/sllidar_ros2/sdk/src/rplidar_driver.cpp:\x1b[m\x1b[K In member function \xe2\x80\x98\x1b[01m\x1b[Ku_result rp::standalone::rplidar::RPlidarDriver::connect(const char*, _u32, _u32)\x1b[m\x1b[K\xe2\x80\x99:\n'}
[147.595555] (sllidar_ros2) StderrLine: {'line': b'\x1b[01m\x1b[K/home/robot/robot_ws/src/sllidar_ros2/sdk/src/rplidar_driver.cpp:67:77:\x1b[m\x1b[K \x1b[01;35m\x1b[Kwarning: \x1b[m\x1b[Kunused parameter \xe2\x80\x98\x1b[01m\x1b[Kflag\x1b[m\x1b[K\xe2\x80\x99 [\x1b[01;35m\x1b[K\x1b]8;;https://gcc.gnu.org/onlinedocs/gcc/Warning-Options.html#index-Wunused-parameter\x07-Wunused-parameter\x1b]8;;\x07\x1b[m\x1b[K]\n'}
[147.596139] (sllidar_ros2) StderrLine: {'line': b'   67 |     u_result RPlidarDriver::connect(const char *path, _u32 portOrBaud, \x1b[01;35m\x1b[K_u32 flag\x1b[m\x1b[K)\n'}
[147.596673] (sllidar_ros2) StderrLine: {'line': b'      |                                                                        \x1b[01;35m\x1b[K~~~~~^~~~\x1b[m\x1b[K\n'}
[147.597672] (sllidar_ros2) StderrLine: {'line': b'\x1b[01m\x1b[K/home/robot/robot_ws/src/sllidar_ros2/sdk/src/rplidar_driver.cpp:\x1b[m\x1b[K In member function \xe2\x80\x98\x1b[01m\x1b[Ku_result rp::standalone::rplidar::RPlidarDriver::reset(_u32)\x1b[m\x1b[K\xe2\x80\x99:\n'}
[147.598406] (sllidar_ros2) StderrLine: {'line': b'\x1b[01m\x1b[K/home/robot/robot_ws/src/sllidar_ros2/sdk/src/rplidar_driver.cpp:101:40:\x1b[m\x1b[K \x1b[01;35m\x1b[Kwarning: \x1b[m\x1b[Kunused parameter \xe2\x80\x98\x1b[01m\x1b[Ktimeout\x1b[m\x1b[K\xe2\x80\x99 [\x1b[01;35m\x1b[K\x1b]8;;https://gcc.gnu.org/onlinedocs/gcc/Warning-Options.html#index-Wunused-parameter\x07-Wunused-parameter\x1b]8;;\x07\x1b[m\x1b[K]\n'}
[147.599114] (sllidar_ros2) StderrLine: {'line': b'  101 |     u_result RPlidarDriver::reset(\x1b[01;35m\x1b[K_u32 timeout\x1b[m\x1b[K)\n'}
[147.600150] (sllidar_ros2) StderrLine: {'line': b'      |                                   \x1b[01;35m\x1b[K~~~~~^~~~~~~\x1b[m\x1b[K\n'}
[147.602289] (sllidar_ros2) StderrLine: {'line': b'\x1b[01m\x1b[K/home/robot/robot_ws/src/sllidar_ros2/sdk/src/rplidar_driver.cpp:\x1b[m\x1b[K In member function \xe2\x80\x98\x1b[01m\x1b[Ku_result rp::standalone::rplidar::RPlidarDriver::getScanDataWithInterval(rplidar_response_measurement_node_t*, size_t&)\x1b[m\x1b[K\xe2\x80\x99:\n'}
[147.603181] (sllidar_ros2) StderrLine: {'line': b'\x1b[01m\x1b[K/home/robot/robot_ws/src/sllidar_ros2/sdk/src/rplidar_driver.cpp:180:91:\x1b[m\x1b[K \x1b[01;35m\x1b[Kwarning: \x1b[m\x1b[Kunused parameter \xe2\x80\x98\x1b[01m\x1b[Knodebuffer\x1b[m\x1b[K\xe2\x80\x99 [\x1b[01;35m\x1b[K\x1b]8;;https://gcc.gnu.org/onlinedocs/gcc/Warning-Options.html#index-Wunused-parameter\x07-Wunused-parameter\x1b]8;;\x07\x1b[m\x1b[K]\n'}
[147.603942] (sllidar_ros2) StderrLine: {'line': b'  180 |     u_result RPlidarDriver::getScanDataWithInterval(\x1b[01;35m\x1b[Krplidar_response_measurement_node_t * nodebuffer\x1b[m\x1b[K, size_t & count)\n'}
[147.604567] (sllidar_ros2) StderrLine: {'line': b'      |                                                     \x1b[01;35m\x1b[K~~~~~~~~~~~~~~~~~~~~~~~~~~~~~~~~~~~~~~^~~~~~~~~~\x1b[m\x1b[K\n'}
[147.605215] (sllidar_ros2) StderrLine: {'line': b'\x1b[01m\x1b[K/home/robot/robot_ws/src/sllidar_ros2/sdk/src/rplidar_driver.cpp:180:112:\x1b[m\x1b[K \x1b[01;35m\x1b[Kwarning: \x1b[m\x1b[Kunused parameter \xe2\x80\x98\x1b[01m\x1b[Kcount\x1b[m\x1b[K\xe2\x80\x99 [\x1b[01;35m\x1b[K\x1b]8;;https://gcc.gnu.org/onlinedocs/gcc/Warning-Options.html#index-Wunused-parameter\x07-Wunused-parameter\x1b]8;;\x07\x1b[m\x1b[K]\n'}
[147.605851] (sllidar_ros2) StderrLine: {'line': b'  180 |     u_result RPlidarDriver::getScanDataWithInterval(rplidar_response_measurement_node_t * nodebuffer, \x1b[01;35m\x1b[Ksize_t & count\x1b[m\x1b[K)\n'}
[147.606480] (sllidar_ros2) StderrLine: {'line': b'      |                                                                                                       \x1b[01;35m\x1b[K~~~~~~~~~^~~~~\x1b[m\x1b[K\n'}
[147.656978] (-) TimerEvent: {}
[147.758955] (-) TimerEvent: {}
[147.861369] (-) TimerEvent: {}
[147.964134] (-) TimerEvent: {}
[148.066038] (-) TimerEvent: {}
[148.167891] (-) TimerEvent: {}
[148.269781] (-) TimerEvent: {}
[148.370887] (-) TimerEvent: {}
[148.471773] (-) TimerEvent: {}
[148.544633] (vision_msgs) StdoutLine: {'line': b'[ 50%] \x1b[32mBuilding CXX object CMakeFiles/vision_msgs__rosidl_typesupport_fastrtps_c.dir/rosidl_typesupport_fastrtps_c/vision_msgs/msg/detail/detection__type_support_c.cpp.o\x1b[0m\n'}
[148.571987] (-) TimerEvent: {}
[148.673273] (-) TimerEvent: {}
[148.761831] (sllidar_ros2) StdoutLine: {'line': b'[ 50%] \x1b[32mBuilding CXX object CMakeFiles/sllidar_node.dir/sdk/src/sl_async_transceiver.cpp.o\x1b[0m\n'}
[148.773486] (-) TimerEvent: {}
[148.874577] (-) TimerEvent: {}
[148.975720] (-) TimerEvent: {}
[149.076711] (-) TimerEvent: {}
[149.178967] (-) TimerEvent: {}
[149.280751] (-) TimerEvent: {}
[149.382386] (-) TimerEvent: {}
[149.483312] (-) TimerEvent: {}
[149.584235] (-) TimerEvent: {}
[149.685231] (-) TimerEvent: {}
[149.786124] (-) TimerEvent: {}
[149.887100] (-) TimerEvent: {}
[149.988287] (-) TimerEvent: {}
[150.089579] (-) TimerEvent: {}
[150.190608] (-) TimerEvent: {}
[150.292878] (-) TimerEvent: {}
[150.394996] (-) TimerEvent: {}
[150.496659] (-) TimerEvent: {}
[150.598463] (-) TimerEvent: {}
[150.699590] (-) TimerEvent: {}
[150.800656] (-) TimerEvent: {}
[150.884606] (vision_msgs) StdoutLine: {'line': b'[ 52%] \x1b[32mBuilding CXX object CMakeFiles/vision_msgs__rosidl_typesupport_fastrtps_c.dir/rosidl_typesupport_fastrtps_c/vision_msgs/msg/detail/detection_array__type_support_c.cpp.o\x1b[0m\n'}
[150.900912] (-) TimerEvent: {}
[151.002833] (-) TimerEvent: {}
[151.206899] (-) TimerEvent: {}
[151.308566] (-) TimerEvent: {}
[151.409414] (-) TimerEvent: {}
[151.496429] (sllidar_ros2) StderrLine: {'line': b'In file included from \x1b[01m\x1b[K/home/robot/robot_ws/src/sllidar_ros2/./sdk/include/rplidar_protocol.h:36\x1b[m\x1b[K,\n'}
[151.497242] (sllidar_ros2) StderrLine: {'line': b'                 from \x1b[01m\x1b[K/home/robot/robot_ws/src/sllidar_ros2/./sdk/include/rplidar.h:39\x1b[m\x1b[K,\n'}
[151.497877] (sllidar_ros2) StderrLine: {'line': b'                 from \x1b[01m\x1b[K/home/robot/robot_ws/src/sllidar_ros2/sdk/src/sdkcommon.h:49\x1b[m\x1b[K,\n'}
[151.498740] (sllidar_ros2) StderrLine: {'line': b'                 from \x1b[01m\x1b[K/home/robot/robot_ws/src/sllidar_ros2/sdk/src/sl_async_transceiver.cpp:35\x1b[m\x1b[K:\n'}
[151.499433] (sllidar_ros2) StderrLine: {'line': b'\x1b[01m\x1b[K/home/robot/robot_ws/src/sllidar_ros2/./sdk/include/sl_lidar_protocol.h:66:16:\x1b[m\x1b[K \x1b[01;35m\x1b[Kwarning: \x1b[m\x1b[KISO C++ forbids zero-size array \xe2\x80\x98\x1b[01m\x1b[Kdata\x1b[m\x1b[K\xe2\x80\x99 [\x1b[01;35m\x1b[K\x1b]8;;https://gcc.gnu.org/onlinedocs/gcc/Warning-Options.html#index-Wpedantic\x07-Wpedantic\x1b]8;;\x07\x1b[m\x1b[K]\n'}
[151.500030] (sllidar_ros2) StderrLine: {'line': b'   66 |     sl_u8 data[\x1b[01;35m\x1b[K0\x1b[m\x1b[K];\n'}
[151.500633] (sllidar_ros2) StderrLine: {'line': b'      |                \x1b[01;35m\x1b[K^\x1b[m\x1b[K\n'}
[151.501720] (sllidar_ros2) StderrLine: {'line': b'In file included from \x1b[01m\x1b[K/home/robot/robot_ws/src/sllidar_ros2/./sdk/include/rplidar_cmd.h:36\x1b[m\x1b[K,\n'}
[151.502514] (sllidar_ros2) StderrLine: {'line': b'                 from \x1b[01m\x1b[K/home/robot/robot_ws/src/sllidar_ros2/./sdk/include/rplidar.h:40\x1b[m\x1b[K,\n'}
[151.503212] (sllidar_ros2) StderrLine: {'line': b'                 from \x1b[01m\x1b[K/home/robot/robot_ws/src/sllidar_ros2/sdk/src/sdkcommon.h:49\x1b[m\x1b[K,\n'}
[151.503793] (sllidar_ros2) StderrLine: {'line': b'                 from \x1b[01m\x1b[K/home/robot/robot_ws/src/sllidar_ros2/sdk/src/sl_async_transceiver.cpp:35\x1b[m\x1b[K:\n'}
[151.504454] (sllidar_ros2) StderrLine: {'line': b'\x1b[01m\x1b[K/home/robot/robot_ws/src/sllidar_ros2/./sdk/include/sl_lidar_cmd.h:324:20:\x1b[m\x1b[K \x1b[01;35m\x1b[Kwarning: \x1b[m\x1b[KISO C++ forbids zero-size array \xe2\x80\x98\x1b[01m\x1b[Kpayload\x1b[m\x1b[K\xe2\x80\x99 [\x1b[01;35m\x1b[K\x1b]8;;https://gcc.gnu.org/onlinedocs/gcc/Warning-Options.html#index-Wpedantic\x07-Wpedantic\x1b]8;;\x07\x1b[m\x1b[K]\n'}
[151.505177] (sllidar_ros2) StderrLine: {'line': b'  324 |     sl_u8  payload[\x1b[01;35m\x1b[K0\x1b[m\x1b[K];\n'}
[151.505842] (sllidar_ros2) StderrLine: {'line': b'      |                    \x1b[01;35m\x1b[K^\x1b[m\x1b[K\n'}
[151.510439] (-) TimerEvent: {}
[151.613480] (-) TimerEvent: {}
[151.716272] (-) TimerEvent: {}
[151.817791] (-) TimerEvent: {}
[151.919349] (-) TimerEvent: {}
[152.021684] (-) TimerEvent: {}
[152.025860] (sllidar_ros2) StderrLine: {'line': b'In file included from \x1b[01m\x1b[K/home/robot/robot_ws/src/sllidar_ros2/sdk/src/sl_async_transceiver.cpp:44\x1b[m\x1b[K:\n'}
[152.026601] (sllidar_ros2) StderrLine: {'line': b'\x1b[01m\x1b[K/home/robot/robot_ws/src/sllidar_ros2/sdk/src/sl_async_transceiver.h:\x1b[m\x1b[K In member function \xe2\x80\x98\x1b[01m\x1b[Kvirtual void sl::internal::IAsyncProtocolCodec::onChannelError(u_result)\x1b[m\x1b[K\xe2\x80\x99:\n'}
[152.027173] (sllidar_ros2) StderrLine: {'line': b'\x1b[01m\x1b[K/home/robot/robot_ws/src/sllidar_ros2/sdk/src/sl_async_transceiver.h:90:48:\x1b[m\x1b[K \x1b[01;35m\x1b[Kwarning: \x1b[m\x1b[Kunused parameter \xe2\x80\x98\x1b[01m\x1b[KerrCode\x1b[m\x1b[K\xe2\x80\x99 [\x1b[01;35m\x1b[K\x1b]8;;https://gcc.gnu.org/onlinedocs/gcc/Warning-Options.html#index-Wunused-parameter\x07-Wunused-parameter\x1b]8;;\x07\x1b[m\x1b[K]\n'}
[152.027747] (sllidar_ros2) StderrLine: {'line': b'   90 |         virtual void   onChannelError(\x1b[01;35m\x1b[Ku_result errCode\x1b[m\x1b[K) {}\n'}
[152.028453] (sllidar_ros2) StderrLine: {'line': b'      |                                       \x1b[01;35m\x1b[K~~~~~~~~~^~~~~~~\x1b[m\x1b[K\n'}
[152.121897] (-) TimerEvent: {}
[152.222938] (-) TimerEvent: {}
[152.323952] (-) TimerEvent: {}
[152.425204] (-) TimerEvent: {}
[152.526328] (-) TimerEvent: {}
[152.627903] (-) TimerEvent: {}
[152.731130] (-) TimerEvent: {}
[152.832784] (-) TimerEvent: {}
[152.934448] (-) TimerEvent: {}
[153.036023] (-) TimerEvent: {}
[153.137674] (-) TimerEvent: {}
[153.239639] (-) TimerEvent: {}
[153.340900] (-) TimerEvent: {}
[153.441670] (-) TimerEvent: {}
[153.542416] (-) TimerEvent: {}
[153.643429] (-) TimerEvent: {}
[153.744433] (-) TimerEvent: {}
[153.845289] (-) TimerEvent: {}
[153.946155] (-) TimerEvent: {}
[153.979466] (sllidar_ros2) StdoutLine: {'line': b'[ 55%] \x1b[32mBuilding CXX object CMakeFiles/sllidar_node.dir/sdk/src/sl_crc.cpp.o\x1b[0m\n'}
[154.046361] (-) TimerEvent: {}
[154.116040] (sllidar_ros2) StderrLine: {'line': b'In file included from \x1b[01m\x1b[K/home/robot/robot_ws/src/sllidar_ros2/./sdk/include/sl_lidar_cmd.h:41\x1b[m\x1b[K,\n'}
[154.116633] (sllidar_ros2) StderrLine: {'line': b'                 from \x1b[01m\x1b[K/home/robot/robot_ws/src/sllidar_ros2/./sdk/include/sl_crc.h:36\x1b[m\x1b[K,\n'}
[154.117066] (sllidar_ros2) StderrLine: {'line': b'                 from \x1b[01m\x1b[K/home/robot/robot_ws/src/sllidar_ros2/sdk/src/sl_crc.cpp:33\x1b[m\x1b[K:\n'}
[154.117495] (sllidar_ros2) StderrLine: {'line': b'\x1b[01m\x1b[K/home/robot/robot_ws/src/sllidar_ros2/./sdk/include/sl_lidar_protocol.h:66:16:\x1b[m\x1b[K \x1b[01;35m\x1b[Kwarning: \x1b[m\x1b[KISO C++ forbids zero-size array \xe2\x80\x98\x1b[01m\x1b[Kdata\x1b[m\x1b[K\xe2\x80\x99 [\x1b[01;35m\x1b[K\x1b]8;;https://gcc.gnu.org/onlinedocs/gcc/Warning-Options.html#index-Wpedantic\x07-Wpedantic\x1b]8;;\x07\x1b[m\x1b[K]\n'}
[154.118117] (sllidar_ros2) StderrLine: {'line': b'   66 |     sl_u8 data[\x1b[01;35m\x1b[K0\x1b[m\x1b[K];\n'}
[154.118612] (sllidar_ros2) StderrLine: {'line': b'      |                \x1b[01;35m\x1b[K^\x1b[m\x1b[K\n'}
[154.119020] (sllidar_ros2) StderrLine: {'line': b'In file included from \x1b[01m\x1b[K/home/robot/robot_ws/src/sllidar_ros2/./sdk/include/sl_crc.h:36\x1b[m\x1b[K,\n'}
[154.119388] (sllidar_ros2) StderrLine: {'line': b'                 from \x1b[01m\x1b[K/home/robot/robot_ws/src/sllidar_ros2/sdk/src/sl_crc.cpp:33\x1b[m\x1b[K:\n'}
[154.119750] (sllidar_ros2) StderrLine: {'line': b'\x1b[01m\x1b[K/home/robot/robot_ws/src/sllidar_ros2/./sdk/include/sl_lidar_cmd.h:324:20:\x1b[m\x1b[K \x1b[01;35m\x1b[Kwarning: \x1b[m\x1b[KISO C++ forbids zero-size array \xe2\x80\x98\x1b[01m\x1b[Kpayload\x1b[m\x1b[K\xe2\x80\x99 [\x1b[01;35m\x1b[K\x1b]8;;https://gcc.gnu.org/onlinedocs/gcc/Warning-Options.html#index-Wpedantic\x07-Wpedantic\x1b]8;;\x07\x1b[m\x1b[K]\n'}
[154.120130] (sllidar_ros2) StderrLine: {'line': b'  324 |     sl_u8  payload[\x1b[01;35m\x1b[K0\x1b[m\x1b[K];\n'}
[154.120498] (sllidar_ros2) StderrLine: {'line': b'      |                    \x1b[01;35m\x1b[K^\x1b[m\x1b[K\n'}
[154.146565] (-) TimerEvent: {}
[154.247478] (-) TimerEvent: {}
[154.348512] (-) TimerEvent: {}
[154.449723] (-) TimerEvent: {}
[154.550857] (-) TimerEvent: {}
[154.651996] (-) TimerEvent: {}
[154.753122] (-) TimerEvent: {}
[154.854295] (-) TimerEvent: {}
[154.955423] (-) TimerEvent: {}
[155.056382] (-) TimerEvent: {}
[155.157735] (-) TimerEvent: {}
[155.260566] (-) TimerEvent: {}
[155.361812] (-) TimerEvent: {}
[155.462983] (-) TimerEvent: {}
[155.564126] (-) TimerEvent: {}
[155.665255] (-) TimerEvent: {}
[155.766378] (-) TimerEvent: {}
[155.867527] (-) TimerEvent: {}
[155.968649] (-) TimerEvent: {}
[156.069713] (-) TimerEvent: {}
[156.170629] (-) TimerEvent: {}
[156.271645] (-) TimerEvent: {}
[156.372611] (-) TimerEvent: {}
[156.473789] (-) TimerEvent: {}
[156.574796] (-) TimerEvent: {}
[156.675769] (-) TimerEvent: {}
[156.776891] (-) TimerEvent: {}
[156.878050] (-) TimerEvent: {}
[156.979163] (-) TimerEvent: {}
[157.080240] (-) TimerEvent: {}
[157.181369] (-) TimerEvent: {}
[157.282377] (-) TimerEvent: {}
[157.383440] (-) TimerEvent: {}
[157.484518] (-) TimerEvent: {}
[157.585659] (-) TimerEvent: {}
[157.686641] (-) TimerEvent: {}
[157.787763] (-) TimerEvent: {}
[157.888817] (-) TimerEvent: {}
[157.990012] (-) TimerEvent: {}
[158.091091] (-) TimerEvent: {}
[158.192007] (-) TimerEvent: {}
[158.292972] (-) TimerEvent: {}
[158.394151] (-) TimerEvent: {}
[158.495161] (-) TimerEvent: {}
[158.516119] (sllidar_ros2) StdoutLine: {'line': b'[ 60%] \x1b[32mBuilding CXX object CMakeFiles/sllidar_node.dir/sdk/src/sl_lidar_driver.cpp.o\x1b[0m\n'}
[158.595388] (-) TimerEvent: {}
[158.696192] (-) TimerEvent: {}
[158.796968] (-) TimerEvent: {}
[158.897809] (-) TimerEvent: {}
[158.998667] (-) TimerEvent: {}
[159.071745] (vision_msgs) StdoutLine: {'line': b'[ 54%] \x1b[32mBuilding CXX object CMakeFiles/vision_msgs__rosidl_typesupport_fastrtps_c.dir/rosidl_typesupport_fastrtps_c/vision_msgs/msg/detail/ai_status__type_support_c.cpp.o\x1b[0m\n'}
[159.098901] (-) TimerEvent: {}
[159.200285] (-) TimerEvent: {}
[159.302107] (-) TimerEvent: {}
[159.403350] (-) TimerEvent: {}
[159.504374] (-) TimerEvent: {}
[159.605401] (-) TimerEvent: {}
[159.706451] (-) TimerEvent: {}
[159.807361] (-) TimerEvent: {}
[159.908364] (-) TimerEvent: {}
[160.010511] (-) TimerEvent: {}
[160.111400] (-) TimerEvent: {}
[160.212481] (-) TimerEvent: {}
[160.313542] (-) TimerEvent: {}
[160.414650] (-) TimerEvent: {}
[160.515633] (-) TimerEvent: {}
[160.616563] (-) TimerEvent: {}
[160.717579] (-) TimerEvent: {}
[160.818625] (-) TimerEvent: {}
[160.919715] (-) TimerEvent: {}
[161.022338] (-) TimerEvent: {}
[161.123339] (-) TimerEvent: {}
[163.219781] (sllidar_ros2) StderrLine: {'line': b'In file included from \x1b[01m\x1b[K/home/robot/robot_ws/src/sllidar_ros2/./sdk/include/rplidar_protocol.h:36\x1b[m\x1b[K,\n'}
[163.220775] (-) TimerEvent: {}
[163.222569] (sllidar_ros2) StderrLine: {'line': b'                 from \x1b[01m\x1b[K/home/robot/robot_ws/src/sllidar_ros2/./sdk/include/rplidar.h:39\x1b[m\x1b[K,\n'}
[163.223575] (sllidar_ros2) StderrLine: {'line': b'                 from \x1b[01m\x1b[K/home/robot/robot_ws/src/sllidar_ros2/sdk/src/sdkcommon.h:49\x1b[m\x1b[K,\n'}
[163.224397] (sllidar_ros2) StderrLine: {'line': b'                 from \x1b[01m\x1b[K/home/robot/robot_ws/src/sllidar_ros2/sdk/src/sl_lidar_driver.cpp:33\x1b[m\x1b[K:\n'}
[163.226633] (sllidar_ros2) StderrLine: {'line': b'\x1b[01m\x1b[K/home/robot/robot_ws/src/sllidar_ros2/./sdk/include/sl_lidar_protocol.h:66:16:\x1b[m\x1b[K \x1b[01;35m\x1b[Kwarning: \x1b[m\x1b[KISO C++ forbids zero-size array \xe2\x80\x98\x1b[01m\x1b[Kdata\x1b[m\x1b[K\xe2\x80\x99 [\x1b[01;35m\x1b[K\x1b]8;;https://gcc.gnu.org/onlinedocs/gcc/Warning-Options.html#index-Wpedantic\x07-Wpedantic\x1b]8;;\x07\x1b[m\x1b[K]\n'}
[163.228729] (sllidar_ros2) StderrLine: {'line': b'   66 |     sl_u8 data[\x1b[01;35m\x1b[K0\x1b[m\x1b[K];\n'}
[163.229618] (sllidar_ros2) StderrLine: {'line': b'      |                \x1b[01;35m\x1b[K^\x1b[m\x1b[K\n'}
[163.230290] (sllidar_ros2) StderrLine: {'line': b'In file included from \x1b[01m\x1b[K/home/robot/robot_ws/src/sllidar_ros2/./sdk/include/rplidar_cmd.h:36\x1b[m\x1b[K,\n'}
[163.230860] (sllidar_ros2) StderrLine: {'line': b'                 from \x1b[01m\x1b[K/home/robot/robot_ws/src/sllidar_ros2/./sdk/include/rplidar.h:40\x1b[m\x1b[K,\n'}
[163.231407] (sllidar_ros2) StderrLine: {'line': b'                 from \x1b[01m\x1b[K/home/robot/robot_ws/src/sllidar_ros2/sdk/src/sdkcommon.h:49\x1b[m\x1b[K,\n'}
[163.231883] (sllidar_ros2) StderrLine: {'line': b'                 from \x1b[01m\x1b[K/home/robot/robot_ws/src/sllidar_ros2/sdk/src/sl_lidar_driver.cpp:33\x1b[m\x1b[K:\n'}
[163.232410] (sllidar_ros2) StderrLine: {'line': b'\x1b[01m\x1b[K/home/robot/robot_ws/src/sllidar_ros2/./sdk/include/sl_lidar_cmd.h:324:20:\x1b[m\x1b[K \x1b[01;35m\x1b[Kwarning: \x1b[m\x1b[KISO C++ forbids zero-size array \xe2\x80\x98\x1b[01m\x1b[Kpayload\x1b[m\x1b[K\xe2\x80\x99 [\x1b[01;35m\x1b[K\x1b]8;;https://gcc.gnu.org/onlinedocs/gcc/Warning-Options.html#index-Wpedantic\x07-Wpedantic\x1b]8;;\x07\x1b[m\x1b[K]\n'}
[163.232994] (sllidar_ros2) StderrLine: {'line': b'  324 |     sl_u8  payload[\x1b[01;35m\x1b[K0\x1b[m\x1b[K];\n'}
[163.233798] (sllidar_ros2) StderrLine: {'line': b'      |                    \x1b[01;35m\x1b[K^\x1b[m\x1b[K\n'}
[163.234315] (sllidar_ros2) StderrLine: {'line': b'In file included from \x1b[01m\x1b[K/home/robot/robot_ws/src/sllidar_ros2/sdk/src/sl_lidar_driver.cpp:50\x1b[m\x1b[K:\n'}
[163.234796] (sllidar_ros2) StderrLine: {'line': b'\x1b[01m\x1b[K/home/robot/robot_ws/src/sllidar_ros2/sdk/src/dataunpacker/dataunpacker.h:\x1b[m\x1b[K In member function \xe2\x80\x98\x1b[01m\x1b[Kvirtual void sl::internal::LIDARSampleDataListener::onCustomSampleDataDecoded(_u8, _u32, const void*, size_t)\x1b[m\x1b[K\xe2\x80\x99:\n'}
[163.235429] (sllidar_ros2) StderrLine: {'line': b'\x1b[01m\x1b[K/home/robot/robot_ws/src/sllidar_ros2/sdk/src/dataunpacker/dataunpacker.h:54:52:\x1b[m\x1b[K \x1b[01;35m\x1b[Kwarning: \x1b[m\x1b[Kunused parameter \xe2\x80\x98\x1b[01m\x1b[KansType\x1b[m\x1b[K\xe2\x80\x99 [\x1b[01;35m\x1b[K\x1b]8;;https://gcc.gnu.org/onlinedocs/gcc/Warning-Options.html#index-Wunused-parameter\x07-Wunused-parameter\x1b]8;;\x07\x1b[m\x1b[K]\n'}
[163.235969] (sllidar_ros2) StderrLine: {'line': b'   54 |         virtual void onCustomSampleDataDecoded(\x1b[01;35m\x1b[K_u8 ansType\x1b[m\x1b[K, _u32 customCode, const void* data, size_t size) {}\n'}
[163.236539] (sllidar_ros2) StderrLine: {'line': b'      |                                                \x1b[01;35m\x1b[K~~~~^~~~~~~\x1b[m\x1b[K\n'}
[163.237173] (sllidar_ros2) StderrLine: {'line': b'\x1b[01m\x1b[K/home/robot/robot_ws/src/sllidar_ros2/sdk/src/dataunpacker/dataunpacker.h:54:66:\x1b[m\x1b[K \x1b[01;35m\x1b[Kwarning: \x1b[m\x1b[Kunused parameter \xe2\x80\x98\x1b[01m\x1b[KcustomCode\x1b[m\x1b[K\xe2\x80\x99 [\x1b[01;35m\x1b[K\x1b]8;;https://gcc.gnu.org/onlinedocs/gcc/Warning-Options.html#index-Wunused-parameter\x07-Wunused-parameter\x1b]8;;\x07\x1b[m\x1b[K]\n'}
[163.237860] (sllidar_ros2) StderrLine: {'line': b'   54 |         virtual void onCustomSampleDataDecoded(_u8 ansType, \x1b[01;35m\x1b[K_u32 customCode\x1b[m\x1b[K, const void* data, size_t size) {}\n'}
[163.238447] (sllidar_ros2) StderrLine: {'line': b'      |                                                             \x1b[01;35m\x1b[K~~~~~^~~~~~~~~~\x1b[m\x1b[K\n'}
[163.239017] (sllidar_ros2) StderrLine: {'line': b'\x1b[01m\x1b[K/home/robot/robot_ws/src/sllidar_ros2/sdk/src/dataunpacker/dataunpacker.h:54:90:\x1b[m\x1b[K \x1b[01;35m\x1b[Kwarning: \x1b[m\x1b[Kunused parameter \xe2\x80\x98\x1b[01m\x1b[Kdata\x1b[m\x1b[K\xe2\x80\x99 [\x1b[01;35m\x1b[K\x1b]8;;https://gcc.gnu.org/onlinedocs/gcc/Warning-Options.html#index-Wunused-parameter\x07-Wunused-parameter\x1b]8;;\x07\x1b[m\x1b[K]\n'}
[163.239592] (sllidar_ros2) StderrLine: {'line': b'   54 |         virtual void onCustomSampleDataDecoded(_u8 ansType, _u32 customCode, \x1b[01;35m\x1b[Kconst void* data\x1b[m\x1b[K, size_t size) {}\n'}
[163.240121] (sllidar_ros2) StderrLine: {'line': b'      |                                                                              \x1b[01;35m\x1b[K~~~~~~~~~~~~^~~~\x1b[m\x1b[K\n'}
[163.240929] (sllidar_ros2) StderrLine: {'line': b'\x1b[01m\x1b[K/home/robot/robot_ws/src/sllidar_ros2/sdk/src/dataunpacker/dataunpacker.h:54:103:\x1b[m\x1b[K \x1b[01;35m\x1b[Kwarning: \x1b[m\x1b[Kunused parameter \xe2\x80\x98\x1b[01m\x1b[Ksize\x1b[m\x1b[K\xe2\x80\x99 [\x1b[01;35m\x1b[K\x1b]8;;https://gcc.gnu.org/onlinedocs/gcc/Warning-Options.html#index-Wunused-parameter\x07-Wunused-parameter\x1b]8;;\x07\x1b[m\x1b[K]\n'}
[163.241669] (sllidar_ros2) StderrLine: {'line': b'   54 |         virtual void onCustomSampleDataDecoded(_u8 ansType, _u32 customCode, const void* data, \x1b[01;35m\x1b[Ksize_t size\x1b[m\x1b[K) {}\n'}
[163.242201] (sllidar_ros2) StderrLine: {'line': b'      |                                                                                                \x1b[01;35m\x1b[K~~~~~~~^~~~\x1b[m\x1b[K\n'}
[163.242664] (sllidar_ros2) StderrLine: {'line': b'\x1b[01m\x1b[K/home/robot/robot_ws/src/sllidar_ros2/sdk/src/dataunpacker/dataunpacker.h:\x1b[m\x1b[K In member function \xe2\x80\x98\x1b[01m\x1b[Kvirtual void sl::internal::LIDARSampleDataListener::onDecodingError(int, _u8, const void*, size_t)\x1b[m\x1b[K\xe2\x80\x99:\n'}
[163.243162] (sllidar_ros2) StderrLine: {'line': b'\x1b[01m\x1b[K/home/robot/robot_ws/src/sllidar_ros2/sdk/src/dataunpacker/dataunpacker.h:56:42:\x1b[m\x1b[K \x1b[01;35m\x1b[Kwarning: \x1b[m\x1b[Kunused parameter \xe2\x80\x98\x1b[01m\x1b[KerrMsg\x1b[m\x1b[K\xe2\x80\x99 [\x1b[01;35m\x1b[K\x1b]8;;https://gcc.gnu.org/onlinedocs/gcc/Warning-Options.html#index-Wunused-parameter\x07-Wunused-parameter\x1b]8;;\x07\x1b[m\x1b[K]\n'}
[163.243680] (sllidar_ros2) StderrLine: {'line': b'   56 |         virtual void onDecodingError(\x1b[01;35m\x1b[Kint errMsg\x1b[m\x1b[K, _u8 ansType, const void* payload, size_t size) {}\n'}
[163.244318] (sllidar_ros2) StderrLine: {'line': b'      |                                      \x1b[01;35m\x1b[K~~~~^~~~~~\x1b[m\x1b[K\n'}
[163.244916] (sllidar_ros2) StderrLine: {'line': b'\x1b[01m\x1b[K/home/robot/robot_ws/src/sllidar_ros2/sdk/src/dataunpacker/dataunpacker.h:56:54:\x1b[m\x1b[K \x1b[01;35m\x1b[Kwarning: \x1b[m\x1b[Kunused parameter \xe2\x80\x98\x1b[01m\x1b[KansType\x1b[m\x1b[K\xe2\x80\x99 [\x1b[01;35m\x1b[K\x1b]8;;https://gcc.gnu.org/onlinedocs/gcc/Warning-Options.html#index-Wunused-parameter\x07-Wunused-parameter\x1b]8;;\x07\x1b[m\x1b[K]\n'}
[163.245551] (sllidar_ros2) StderrLine: {'line': b'   56 |         virtual void onDecodingError(int errMsg, \x1b[01;35m\x1b[K_u8 ansType\x1b[m\x1b[K, const void* payload, size_t size) {}\n'}
[163.246081] (sllidar_ros2) StderrLine: {'line': b'      |                                                  \x1b[01;35m\x1b[K~~~~^~~~~~~\x1b[m\x1b[K\n'}
[163.246537] (sllidar_ros2) StderrLine: {'line': b'\x1b[01m\x1b[K/home/robot/robot_ws/src/sllidar_ros2/sdk/src/dataunpacker/dataunpacker.h:56:75:\x1b[m\x1b[K \x1b[01;35m\x1b[Kwarning: \x1b[m\x1b[Kunused parameter \xe2\x80\x98\x1b[01m\x1b[Kpayload\x1b[m\x1b[K\xe2\x80\x99 [\x1b[01;35m\x1b[K\x1b]8;;https://gcc.gnu.org/onlinedocs/gcc/Warning-Options.html#index-Wunused-parameter\x07-Wunused-parameter\x1b]8;;\x07\x1b[m\x1b[K]\n'}
[163.247134] (sllidar_ros2) StderrLine: {'line': b'   56 |         virtual void onDecodingError(int errMsg, _u8 ansType, \x1b[01;35m\x1b[Kconst void* payload\x1b[m\x1b[K, size_t size) {}\n'}
[163.247663] (sllidar_ros2) StderrLine: {'line': b'      |                                                               \x1b[01;35m\x1b[K~~~~~~~~~~~~^~~~~~~\x1b[m\x1b[K\n'}
[163.248158] (sllidar_ros2) StderrLine: {'line': b'\x1b[01m\x1b[K/home/robot/robot_ws/src/sllidar_ros2/sdk/src/dataunpacker/dataunpacker.h:56:91:\x1b[m\x1b[K \x1b[01;35m\x1b[Kwarning: \x1b[m\x1b[Kunused parameter \xe2\x80\x98\x1b[01m\x1b[Ksize\x1b[m\x1b[K\xe2\x80\x99 [\x1b[01;35m\x1b[K\x1b]8;;https://gcc.gnu.org/onlinedocs/gcc/Warning-Options.html#index-Wunused-parameter\x07-Wunused-parameter\x1b]8;;\x07\x1b[m\x1b[K]\n'}
[163.248728] (sllidar_ros2) StderrLine: {'line': b'   56 |         virtual void onDecodingError(int errMsg, _u8 ansType, const void* payload, \x1b[01;35m\x1b[Ksize_t size\x1b[m\x1b[K) {}\n'}
[163.249242] (sllidar_ros2) StderrLine: {'line': b'      |                                                                                    \x1b[01;35m\x1b[K~~~~~~~^~~~\x1b[m\x1b[K\n'}
[163.249727] (sllidar_ros2) StderrLine: {'line': b'In file included from \x1b[01m\x1b[K/home/robot/robot_ws/src/sllidar_ros2/sdk/src/sl_lidar_driver.cpp:51\x1b[m\x1b[K:\n'}
[163.250197] (sllidar_ros2) StderrLine: {'line': b'\x1b[01m\x1b[K/home/robot/robot_ws/src/sllidar_ros2/sdk/src/sl_async_transceiver.h:\x1b[m\x1b[K In member function \xe2\x80\x98\x1b[01m\x1b[Kvirtual void sl::internal::IAsyncProtocolCodec::onChannelError(u_result)\x1b[m\x1b[K\xe2\x80\x99:\n'}
[163.250739] (sllidar_ros2) StderrLine: {'line': b'\x1b[01m\x1b[K/home/robot/robot_ws/src/sllidar_ros2/sdk/src/sl_async_transceiver.h:90:48:\x1b[m\x1b[K \x1b[01;35m\x1b[Kwarning: \x1b[m\x1b[Kunused parameter \xe2\x80\x98\x1b[01m\x1b[KerrCode\x1b[m\x1b[K\xe2\x80\x99 [\x1b[01;35m\x1b[K\x1b]8;;https://gcc.gnu.org/onlinedocs/gcc/Warning-Options.html#index-Wunused-parameter\x07-Wunused-parameter\x1b]8;;\x07\x1b[m\x1b[K]\n'}
[163.251247] (sllidar_ros2) StderrLine: {'line': b'   90 |         virtual void   onChannelError(\x1b[01;35m\x1b[Ku_result errCode\x1b[m\x1b[K) {}\n'}
[163.251715] (sllidar_ros2) StderrLine: {'line': b'      |                                       \x1b[01;35m\x1b[K~~~~~~~~~^~~~~~~\x1b[m\x1b[K\n'}
[163.252242] (sllidar_ros2) StderrLine: {'line': b'\x1b[01m\x1b[K/home/robot/robot_ws/src/sllidar_ros2/sdk/src/sl_lidar_driver.cpp:\x1b[m\x1b[K In member function \xe2\x80\x98\x1b[01m\x1b[Kvirtual sl_result sl::SlamtecLidarDriver::reset(sl_u32)\x1b[m\x1b[K\xe2\x80\x99:\n'}
[163.252873] (sllidar_ros2) StderrLine: {'line': b'\x1b[01m\x1b[K/home/robot/robot_ws/src/sllidar_ros2/sdk/src/sl_lidar_driver.cpp:511:32:\x1b[m\x1b[K \x1b[01;35m\x1b[Kwarning: \x1b[m\x1b[Kunused parameter \xe2\x80\x98\x1b[01m\x1b[KtimeoutInMs\x1b[m\x1b[K\xe2\x80\x99 [\x1b[01;35m\x1b[K\x1b]8;;https://gcc.gnu.org/onlinedocs/gcc/Warning-Options.html#index-Wunused-parameter\x07-Wunused-parameter\x1b]8;;\x07\x1b[m\x1b[K]\n'}
[163.253655] (sllidar_ros2) StderrLine: {'line': b'  511 |         sl_result reset(\x1b[01;35m\x1b[Ksl_u32 timeoutInMs = DEFAULT_TIMEOUT\x1b[m\x1b[K)\n'}
[163.254163] (sllidar_ros2) StderrLine: {'line': b'      |                         \x1b[01;35m\x1b[K~~~~~~~^~~~~~~~~~~~~~~~~~~~~~~~~~~~~\x1b[m\x1b[K\n'}
[163.254638] (sllidar_ros2) StderrLine: {'line': b'\x1b[01m\x1b[K/home/robot/robot_ws/src/sllidar_ros2/sdk/src/sl_lidar_driver.cpp:\x1b[m\x1b[K In member function \xe2\x80\x98\x1b[01m\x1b[Kvirtual sl_result sl::SlamtecLidarDriver::startScan(bool, bool, sl_u32, sl::LidarScanMode*)\x1b[m\x1b[K\xe2\x80\x99:\n'}
[163.255169] (sllidar_ros2) StderrLine: {'line': b'\x1b[01m\x1b[K/home/robot/robot_ws/src/sllidar_ros2/sdk/src/sl_lidar_driver.cpp:586:69:\x1b[m\x1b[K \x1b[01;35m\x1b[Kwarning: \x1b[m\x1b[Kunused parameter \xe2\x80\x98\x1b[01m\x1b[Koptions\x1b[m\x1b[K\xe2\x80\x99 [\x1b[01;35m\x1b[K\x1b]8;;https://gcc.gnu.org/onlinedocs/gcc/Warning-Options.html#index-Wunused-parameter\x07-Wunused-parameter\x1b]8;;\x07\x1b[m\x1b[K]\n'}
[163.255714] (sllidar_ros2) StderrLine: {'line': b'  586 |         sl_result startScan(bool force, bool useTypicalScan, \x1b[01;35m\x1b[Ksl_u32 options = 0\x1b[m\x1b[K, LidarScanMode* outUsedScanMode = nullptr)\n'}
[163.256290] (sllidar_ros2) StderrLine: {'line': b'      |                                                              \x1b[01;35m\x1b[K~~~~~~~^~~~~~~~~~~\x1b[m\x1b[K\n'}
[163.256804] (sllidar_ros2) StderrLine: {'line': b'\x1b[01m\x1b[K/home/robot/robot_ws/src/sllidar_ros2/sdk/src/sl_lidar_driver.cpp:\x1b[m\x1b[K In member function \xe2\x80\x98\x1b[01m\x1b[Kvirtual sl_result sl::SlamtecLidarDriver::stop(sl_u32)\x1b[m\x1b[K\xe2\x80\x99:\n'}
[163.257424] (sllidar_ros2) StderrLine: {'line': b'\x1b[01m\x1b[K/home/robot/robot_ws/src/sllidar_ros2/sdk/src/sl_lidar_driver.cpp:763:31:\x1b[m\x1b[K \x1b[01;35m\x1b[Kwarning: \x1b[m\x1b[Kunused parameter \xe2\x80\x98\x1b[01m\x1b[Ktimeout\x1b[m\x1b[K\xe2\x80\x99 [\x1b[01;35m\x1b[K\x1b]8;;https://gcc.gnu.org/onlinedocs/gcc/Warning-Options.html#index-Wunused-parameter\x07-Wunused-parameter\x1b]8;;\x07\x1b[m\x1b[K]\n'}
[163.258146] (sllidar_ros2) StderrLine: {'line': b'  763 |         sl_result stop(\x1b[01;35m\x1b[Ksl_u32 timeout = DEFAULT_TIMEOUT\x1b[m\x1b[K)\n'}
[163.258856] (sllidar_ros2) StderrLine: {'line': b'      |                        \x1b[01;35m\x1b[K~~~~~~~^~~~~~~~~~~~~~~~~~~~~~~~~\x1b[m\x1b[K\n'}
[163.259345] (sllidar_ros2) StderrLine: {'line': b'\x1b[01m\x1b[K/home/robot/robot_ws/src/sllidar_ros2/sdk/src/sl_lidar_driver.cpp:\x1b[m\x1b[K In member function \xe2\x80\x98\x1b[01m\x1b[Kvirtual sl_result sl::SlamtecLidarDriver::getFrequency(const sl::LidarScanMode&, const sl_lidar_response_measurement_node_hq_t*, size_t, float&)\x1b[m\x1b[K\xe2\x80\x99:\n'}
[163.260049] (sllidar_ros2) StderrLine: {'line': b'\x1b[01m\x1b[K/home/robot/robot_ws/src/sllidar_ros2/sdk/src/sl_lidar_driver.cpp:880:110:\x1b[m\x1b[K \x1b[01;35m\x1b[Kwarning: \x1b[m\x1b[Kunused parameter \xe2\x80\x98\x1b[01m\x1b[Knodes\x1b[m\x1b[K\xe2\x80\x99 [\x1b[01;35m\x1b[K\x1b]8;;https://gcc.gnu.org/onlinedocs/gcc/Warning-Options.html#index-Wunused-parameter\x07-Wunused-parameter\x1b]8;;\x07\x1b[m\x1b[K]\n'}
[163.260857] (sllidar_ros2) StderrLine: {'line': b'  880 |         sl_result getFrequency(const LidarScanMode& scanMode, \x1b[01;35m\x1b[Kconst sl_lidar_response_measurement_node_hq_t* nodes\x1b[m\x1b[K, size_t count, float& frequency)\n'}
[163.261544] (sllidar_ros2) StderrLine: {'line': b'      |                                                               \x1b[01;35m\x1b[K~~~~~~~~~~~~~~~~~~~~~~~~~~~~~~~~~~~~~~~~~~~~~~~^~~~~\x1b[m\x1b[K\n'}
[163.262127] (sllidar_ros2) StderrLine: {'line': b'\x1b[01m\x1b[K/home/robot/robot_ws/src/sllidar_ros2/sdk/src/sl_lidar_driver.cpp:\x1b[m\x1b[K In member function \xe2\x80\x98\x1b[01m\x1b[Kvirtual sl_result sl::SlamtecLidarDriver::getMotorInfo(sl::LidarMotorInfo&, sl_u32)\x1b[m\x1b[K\xe2\x80\x99:\n'}
[163.262689] (sllidar_ros2) StderrLine: {'line': b'\x1b[01m\x1b[K/home/robot/robot_ws/src/sllidar_ros2/sdk/src/sl_lidar_driver.cpp:1023:66:\x1b[m\x1b[K \x1b[01;35m\x1b[Kwarning: \x1b[m\x1b[Kunused parameter \xe2\x80\x98\x1b[01m\x1b[KtimeoutInMs\x1b[m\x1b[K\xe2\x80\x99 [\x1b[01;35m\x1b[K\x1b]8;;https://gcc.gnu.org/onlinedocs/gcc/Warning-Options.html#index-Wunused-parameter\x07-Wunused-parameter\x1b]8;;\x07\x1b[m\x1b[K]\n'}
[163.263259] (sllidar_ros2) StderrLine: {'line': b' 1023 |         sl_result getMotorInfo(LidarMotorInfo &motorInfo, \x1b[01;35m\x1b[Ksl_u32 timeoutInMs\x1b[m\x1b[K)\n'}
[163.263816] (sllidar_ros2) StderrLine: {'line': b'      |                                                           \x1b[01;35m\x1b[K~~~~~~~^~~~~~~~~~~\x1b[m\x1b[K\n'}
[163.264348] (sllidar_ros2) StderrLine: {'line': b'\x1b[01m\x1b[K/home/robot/robot_ws/src/sllidar_ros2/sdk/src/sl_lidar_driver.cpp:\x1b[m\x1b[K In member function \xe2\x80\x98\x1b[01m\x1b[Ku_result sl::SlamtecLidarDriver::getScanModeCount(sl_u16&, sl_u32)\x1b[m\x1b[K\xe2\x80\x99:\n'}
[163.264961] (sllidar_ros2) StderrLine: {'line': b'\x1b[01m\x1b[K/home/robot/robot_ws/src/sllidar_ros2/sdk/src/sl_lidar_driver.cpp:1199:61:\x1b[m\x1b[K \x1b[01;35m\x1b[Kwarning: \x1b[m\x1b[Kunused parameter \xe2\x80\x98\x1b[01m\x1b[KtimeoutInMs\x1b[m\x1b[K\xe2\x80\x99 [\x1b[01;35m\x1b[K\x1b]8;;https://gcc.gnu.org/onlinedocs/gcc/Warning-Options.html#index-Wunused-parameter\x07-Wunused-parameter\x1b]8;;\x07\x1b[m\x1b[K]\n'}
[163.265891] (sllidar_ros2) StderrLine: {'line': b' 1199 |         u_result getScanModeCount(sl_u16& modeCount, \x1b[01;35m\x1b[Ksl_u32 timeoutInMs = DEFAULT_TIMEOUT\x1b[m\x1b[K)\n'}
[163.266497] (sllidar_ros2) StderrLine: {'line': b'      |                                                      \x1b[01;35m\x1b[K~~~~~~~^~~~~~~~~~~~~~~~~~~~~~~~~~~~~\x1b[m\x1b[K\n'}
[163.267055] (sllidar_ros2) StderrLine: {'line': b'/home/robot/robot_ws/src/sllidar_ros2/sdk/src/sl_lidar_driver.cpp: In instantiation of \xe2\x80\x98\x1b[01m\x1b[Kvoid sl::RawSampleNodeHolder<T>::pushNode(_u64, const T*) [with T = sl_lidar_response_measurement_node_hq_t; _u64 = long unsigned int]\x1b[m\x1b[K\xe2\x80\x99:\n'}
[163.267620] (sllidar_ros2) StderrLine: {'line': b'\x1b[01m\x1b[K/home/robot/robot_ws/src/sllidar_ros2/sdk/src/sl_lidar_driver.cpp:1648:42:\x1b[m\x1b[K   required from here\n'}
[163.268184] (sllidar_ros2) StderrLine: {'line': b'\x1b[01m\x1b[K/home/robot/robot_ws/src/sllidar_ros2/sdk/src/sl_lidar_driver.cpp:202:28:\x1b[m\x1b[K \x1b[01;35m\x1b[Kwarning: \x1b[m\x1b[Kunused parameter \xe2\x80\x98\x1b[01m\x1b[Ktimestamp_uS\x1b[m\x1b[K\xe2\x80\x99 [\x1b[01;35m\x1b[K\x1b]8;;https://gcc.gnu.org/onlinedocs/gcc/Warning-Options.html#index-Wunused-parameter\x07-Wunused-parameter\x1b]8;;\x07\x1b[m\x1b[K]\n'}
[163.268742] (sllidar_ros2) StderrLine: {'line': b'  202 |         void pushNode(\x1b[01;35m\x1b[K_u64 timestamp_uS\x1b[m\x1b[K, const T* node)\n'}
[163.269429] (sllidar_ros2) StderrLine: {'line': b'      |                       \x1b[01;35m\x1b[K~~~~~^~~~~~~~~~~~\x1b[m\x1b[K\n'}
[163.270009] (sllidar_ros2) StderrLine: {'line': b'\x1b[01m\x1b[K/home/robot/robot_ws/src/sllidar_ros2/sdk/src/sl_lidar_driver.cpp:\x1b[m\x1b[K At global scope:\n'}
[163.270582] (sllidar_ros2) StderrLine: {'line': b'\x1b[01m\x1b[K/home/robot/robot_ws/src/sllidar_ros2/sdk/src/sl_lidar_driver.cpp:83:17:\x1b[m\x1b[K \x1b[01;35m\x1b[Kwarning: \x1b[m\x1b[K\xe2\x80\x98\x1b[01m\x1b[Kvoid sl::convert(const sl_lidar_response_measurement_node_hq_t&, sl_lidar_response_measurement_node_t&)\x1b[m\x1b[K\xe2\x80\x99 defined but not used [\x1b[01;35m\x1b[K\x1b]8;;https://gcc.gnu.org/onlinedocs/gcc/Warning-Options.html#index-Wunused-function\x07-Wunused-function\x1b]8;;\x07\x1b[m\x1b[K]\n'}
[163.271087] (sllidar_ros2) StderrLine: {'line': b'   83 |     static void \x1b[01;35m\x1b[Kconvert\x1b[m\x1b[K(const sl_lidar_response_measurement_node_hq_t& from, sl_lidar_response_measurement_node_t& to)\n'}
[163.271695] (sllidar_ros2) StderrLine: {'line': b'      |                 \x1b[01;35m\x1b[K^~~~~~~\x1b[m\x1b[K\n'}
[163.272245] (sllidar_ros2) StderrLine: {'line': b'\x1b[01m\x1b[K/home/robot/robot_ws/src/sllidar_ros2/sdk/src/sl_lidar_driver.cpp:75:17:\x1b[m\x1b[K \x1b[01;35m\x1b[Kwarning: \x1b[m\x1b[K\xe2\x80\x98\x1b[01m\x1b[Kvoid sl::convert(const sl_lidar_response_measurement_node_t&, sl_lidar_response_measurement_node_hq_t&)\x1b[m\x1b[K\xe2\x80\x99 defined but not used [\x1b[01;35m\x1b[K\x1b]8;;https://gcc.gnu.org/onlinedocs/gcc/Warning-Options.html#index-Wunused-function\x07-Wunused-function\x1b]8;;\x07\x1b[m\x1b[K]\n'}
[163.272871] (sllidar_ros2) StderrLine: {'line': b'   75 |     static void \x1b[01;35m\x1b[Kconvert\x1b[m\x1b[K(const sl_lidar_response_measurement_node_t& from, sl_lidar_response_measurement_node_hq_t& to)\n'}
[163.273583] (sllidar_ros2) StderrLine: {'line': b'      |                 \x1b[01;35m\x1b[K^~~~~~~\x1b[m\x1b[K\n'}
[163.274294] (sllidar_ros2) StderrLine: {'line': b'\x1b[01m\x1b[K/home/robot/robot_ws/src/sllidar_ros2/sdk/src/sl_lidar_driver.cpp:70:17:\x1b[m\x1b[K \x1b[01;35m\x1b[Kwarning: \x1b[m\x1b[K\xe2\x80\x98\x1b[01m\x1b[Kvoid sl::printDeprecationWarn(const char*, const char*)\x1b[m\x1b[K\xe2\x80\x99 defined but not used [\x1b[01;35m\x1b[K\x1b]8;;https://gcc.gnu.org/onlinedocs/gcc/Warning-Options.html#index-Wunused-function\x07-Wunused-function\x1b]8;;\x07\x1b[m\x1b[K]\n'}
[163.274997] (sllidar_ros2) StderrLine: {'line': b'   70 |     static void \x1b[01;35m\x1b[KprintDeprecationWarn\x1b[m\x1b[K(const char* fn, const char* replacement)\n'}
[163.275533] (sllidar_ros2) StderrLine: {'line': b'      |                 \x1b[01;35m\x1b[K^~~~~~~~~~~~~~~~~~~~\x1b[m\x1b[K\n'}
[163.320997] (-) TimerEvent: {}
[163.421924] (-) TimerEvent: {}
[163.522724] (-) TimerEvent: {}
[163.596629] (vision_msgs) StdoutLine: {'line': b'[ 56%] \x1b[32m\x1b[1mLinking CXX shared library libvision_msgs__rosidl_typesupport_fastrtps_c.so\x1b[0m\n'}
[163.623011] (-) TimerEvent: {}
[163.724081] (-) TimerEvent: {}
[163.826100] (-) TimerEvent: {}
[163.927393] (-) TimerEvent: {}
[163.986573] (vision_msgs) StdoutLine: {'line': b'[ 56%] Built target vision_msgs__rosidl_typesupport_fastrtps_c\n'}
[164.027337] (-) TimerEvent: {}
[164.040737] (vision_msgs) StdoutLine: {'line': b'[ 58%] \x1b[34m\x1b[1mGenerating C type support dispatch for ROS interfaces\x1b[0m\n'}
[164.127596] (-) TimerEvent: {}
[164.228529] (-) TimerEvent: {}
[164.329538] (-) TimerEvent: {}
[164.430366] (-) TimerEvent: {}
[164.531285] (-) TimerEvent: {}
[164.632187] (-) TimerEvent: {}
[164.733755] (-) TimerEvent: {}
[164.835413] (-) TimerEvent: {}
[164.937072] (-) TimerEvent: {}
[165.038133] (-) TimerEvent: {}
[165.138836] (-) TimerEvent: {}
[165.239580] (-) TimerEvent: {}
[165.340287] (-) TimerEvent: {}
[165.441004] (-) TimerEvent: {}
[165.541761] (-) TimerEvent: {}
[165.642465] (-) TimerEvent: {}
[165.743160] (-) TimerEvent: {}
[165.843987] (-) TimerEvent: {}
[165.945256] (-) TimerEvent: {}
[166.046605] (-) TimerEvent: {}
[166.147942] (-) TimerEvent: {}
[166.701505] (-) TimerEvent: {}
[166.763760] (sllidar_ros2) StdoutLine: {'line': b'[ 65%] \x1b[32mBuilding CXX object CMakeFiles/sllidar_node.dir/sdk/src/sl_lidarprotocol_codec.cpp.o\x1b[0m\n'}
[166.801811] (-) TimerEvent: {}
[166.903656] (-) TimerEvent: {}
[167.010217] (-) TimerEvent: {}
[167.068433] (vision_msgs) StdoutLine: {'line': b'[ 60%] \x1b[32mBuilding CXX object CMakeFiles/vision_msgs__rosidl_typesupport_c.dir/rosidl_typesupport_c/vision_msgs/msg/detection__type_support.cpp.o\x1b[0m\n'}
[167.110504] (-) TimerEvent: {}
[167.212089] (-) TimerEvent: {}
[167.312991] (-) TimerEvent: {}
[167.413865] (-) TimerEvent: {}
[167.514726] (-) TimerEvent: {}
[167.615962] (-) TimerEvent: {}
[167.716769] (-) TimerEvent: {}
[167.817524] (-) TimerEvent: {}
[167.918254] (-) TimerEvent: {}
[168.019162] (-) TimerEvent: {}
[168.120067] (-) TimerEvent: {}
[168.221461] (-) TimerEvent: {}
[168.322291] (-) TimerEvent: {}
[168.423086] (-) TimerEvent: {}
[168.523946] (-) TimerEvent: {}
[168.624830] (-) TimerEvent: {}
[168.725728] (-) TimerEvent: {}
[168.826521] (-) TimerEvent: {}
[168.927480] (-) TimerEvent: {}
[169.029165] (-) TimerEvent: {}
[169.130712] (-) TimerEvent: {}
[169.196370] (sllidar_ros2) StderrLine: {'line': b'In file included from \x1b[01m\x1b[K/home/robot/robot_ws/src/sllidar_ros2/./sdk/include/rplidar_protocol.h:36\x1b[m\x1b[K,\n'}
[169.197251] (sllidar_ros2) StderrLine: {'line': b'                 from \x1b[01m\x1b[K/home/robot/robot_ws/src/sllidar_ros2/./sdk/include/rplidar.h:39\x1b[m\x1b[K,\n'}
[169.197880] (sllidar_ros2) StderrLine: {'line': b'                 from \x1b[01m\x1b[K/home/robot/robot_ws/src/sllidar_ros2/sdk/src/sdkcommon.h:49\x1b[m\x1b[K,\n'}
[169.198586] (sllidar_ros2) StderrLine: {'line': b'                 from \x1b[01m\x1b[K/home/robot/robot_ws/src/sllidar_ros2/sdk/src/sl_lidarprotocol_codec.cpp:35\x1b[m\x1b[K:\n'}
[169.199538] (sllidar_ros2) StderrLine: {'line': b'\x1b[01m\x1b[K/home/robot/robot_ws/src/sllidar_ros2/./sdk/include/sl_lidar_protocol.h:66:16:\x1b[m\x1b[K \x1b[01;35m\x1b[Kwarning: \x1b[m\x1b[KISO C++ forbids zero-size array \xe2\x80\x98\x1b[01m\x1b[Kdata\x1b[m\x1b[K\xe2\x80\x99 [\x1b[01;35m\x1b[K\x1b]8;;https://gcc.gnu.org/onlinedocs/gcc/Warning-Options.html#index-Wpedantic\x07-Wpedantic\x1b]8;;\x07\x1b[m\x1b[K]\n'}
[169.200164] (sllidar_ros2) StderrLine: {'line': b'   66 |     sl_u8 data[\x1b[01;35m\x1b[K0\x1b[m\x1b[K];\n'}
[169.200709] (sllidar_ros2) StderrLine: {'line': b'      |                \x1b[01;35m\x1b[K^\x1b[m\x1b[K\n'}
[169.201415] (sllidar_ros2) StderrLine: {'line': b'In file included from \x1b[01m\x1b[K/home/robot/robot_ws/src/sllidar_ros2/./sdk/include/rplidar_cmd.h:36\x1b[m\x1b[K,\n'}
[169.202306] (sllidar_ros2) StderrLine: {'line': b'                 from \x1b[01m\x1b[K/home/robot/robot_ws/src/sllidar_ros2/./sdk/include/rplidar.h:40\x1b[m\x1b[K,\n'}
[169.202942] (sllidar_ros2) StderrLine: {'line': b'                 from \x1b[01m\x1b[K/home/robot/robot_ws/src/sllidar_ros2/sdk/src/sdkcommon.h:49\x1b[m\x1b[K,\n'}
[169.203439] (sllidar_ros2) StderrLine: {'line': b'                 from \x1b[01m\x1b[K/home/robot/robot_ws/src/sllidar_ros2/sdk/src/sl_lidarprotocol_codec.cpp:35\x1b[m\x1b[K:\n'}
[169.203904] (sllidar_ros2) StderrLine: {'line': b'\x1b[01m\x1b[K/home/robot/robot_ws/src/sllidar_ros2/./sdk/include/sl_lidar_cmd.h:324:20:\x1b[m\x1b[K \x1b[01;35m\x1b[Kwarning: \x1b[m\x1b[KISO C++ forbids zero-size array \xe2\x80\x98\x1b[01m\x1b[Kpayload\x1b[m\x1b[K\xe2\x80\x99 [\x1b[01;35m\x1b[K\x1b]8;;https://gcc.gnu.org/onlinedocs/gcc/Warning-Options.html#index-Wpedantic\x07-Wpedantic\x1b]8;;\x07\x1b[m\x1b[K]\n'}
[169.204390] (sllidar_ros2) StderrLine: {'line': b'  324 |     sl_u8  payload[\x1b[01;35m\x1b[K0\x1b[m\x1b[K];\n'}
[169.206256] (sllidar_ros2) StderrLine: {'line': b'      |                    \x1b[01;35m\x1b[K^\x1b[m\x1b[K\n'}
[169.230925] (-) TimerEvent: {}
[169.331795] (-) TimerEvent: {}
[169.432641] (-) TimerEvent: {}
[169.533455] (-) TimerEvent: {}
[169.634365] (-) TimerEvent: {}
[169.735163] (-) TimerEvent: {}
[169.836027] (-) TimerEvent: {}
[169.936974] (-) TimerEvent: {}
[170.037955] (-) TimerEvent: {}
[170.060486] (sllidar_ros2) StderrLine: {'line': b'In file included from \x1b[01m\x1b[K/home/robot/robot_ws/src/sllidar_ros2/sdk/src/sl_lidarprotocol_codec.cpp:49\x1b[m\x1b[K:\n'}
[170.061300] (sllidar_ros2) StderrLine: {'line': b'\x1b[01m\x1b[K/home/robot/robot_ws/src/sllidar_ros2/sdk/src/sl_async_transceiver.h:\x1b[m\x1b[K In member function \xe2\x80\x98\x1b[01m\x1b[Kvirtual void sl::internal::IAsyncProtocolCodec::onChannelError(u_result)\x1b[m\x1b[K\xe2\x80\x99:\n'}
[170.061891] (sllidar_ros2) StderrLine: {'line': b'\x1b[01m\x1b[K/home/robot/robot_ws/src/sllidar_ros2/sdk/src/sl_async_transceiver.h:90:48:\x1b[m\x1b[K \x1b[01;35m\x1b[Kwarning: \x1b[m\x1b[Kunused parameter \xe2\x80\x98\x1b[01m\x1b[KerrCode\x1b[m\x1b[K\xe2\x80\x99 [\x1b[01;35m\x1b[K\x1b]8;;https://gcc.gnu.org/onlinedocs/gcc/Warning-Options.html#index-Wunused-parameter\x07-Wunused-parameter\x1b]8;;\x07\x1b[m\x1b[K]\n'}
[170.062398] (sllidar_ros2) StderrLine: {'line': b'   90 |         virtual void   onChannelError(\x1b[01;35m\x1b[Ku_result errCode\x1b[m\x1b[K) {}\n'}
[170.062811] (sllidar_ros2) StderrLine: {'line': b'      |                                       \x1b[01;35m\x1b[K~~~~~~~~~^~~~~~~\x1b[m\x1b[K\n'}
[170.138687] (-) TimerEvent: {}
[170.191740] (vision_msgs) StdoutLine: {'line': b'[ 62%] \x1b[32mBuilding CXX object CMakeFiles/vision_msgs__rosidl_typesupport_c.dir/rosidl_typesupport_c/vision_msgs/msg/ai_status__type_support.cpp.o\x1b[0m\n'}
[170.238962] (-) TimerEvent: {}
[170.340732] (-) TimerEvent: {}
[170.442337] (-) TimerEvent: {}
[170.543780] (-) TimerEvent: {}
[170.644577] (-) TimerEvent: {}
[170.745507] (-) TimerEvent: {}
[170.846661] (-) TimerEvent: {}
[170.947770] (-) TimerEvent: {}
[171.049052] (-) TimerEvent: {}
[171.150216] (-) TimerEvent: {}
[171.251547] (-) TimerEvent: {}
[171.352753] (-) TimerEvent: {}
[171.453926] (-) TimerEvent: {}
[171.554984] (-) TimerEvent: {}
[171.656099] (-) TimerEvent: {}
[171.757140] (-) TimerEvent: {}
[171.858199] (-) TimerEvent: {}
[171.959268] (-) TimerEvent: {}
[172.060074] (-) TimerEvent: {}
[172.161236] (-) TimerEvent: {}
[172.262353] (-) TimerEvent: {}
[172.363477] (-) TimerEvent: {}
[172.464643] (-) TimerEvent: {}
[172.565888] (-) TimerEvent: {}
[172.666995] (-) TimerEvent: {}
[172.768069] (-) TimerEvent: {}
[172.869233] (-) TimerEvent: {}
[172.970203] (-) TimerEvent: {}
[173.070976] (-) TimerEvent: {}
[173.171787] (-) TimerEvent: {}
[173.272613] (-) TimerEvent: {}
[173.373898] (-) TimerEvent: {}
[173.475022] (-) TimerEvent: {}
[173.576035] (-) TimerEvent: {}
[173.677236] (-) TimerEvent: {}
[173.778408] (-) TimerEvent: {}
[173.879600] (-) TimerEvent: {}
[173.980791] (-) TimerEvent: {}
[174.081954] (-) TimerEvent: {}
[174.143761] (sllidar_ros2) StdoutLine: {'line': b'[ 70%] \x1b[32mBuilding CXX object CMakeFiles/sllidar_node.dir/sdk/src/sl_serial_channel.cpp.o\x1b[0m\n'}
[174.144799] (vision_msgs) StdoutLine: {'line': b'[ 64%] \x1b[32mBuilding CXX object CMakeFiles/vision_msgs__rosidl_typesupport_c.dir/rosidl_typesupport_c/vision_msgs/msg/detection_array__type_support.cpp.o\x1b[0m\n'}
[174.182299] (-) TimerEvent: {}
[174.284819] (-) TimerEvent: {}
[174.386304] (-) TimerEvent: {}
[174.487029] (-) TimerEvent: {}
[174.587790] (-) TimerEvent: {}
[174.688647] (-) TimerEvent: {}
[174.789571] (-) TimerEvent: {}
[174.890670] (-) TimerEvent: {}
[174.991465] (-) TimerEvent: {}
[175.092373] (-) TimerEvent: {}
[175.193221] (-) TimerEvent: {}
[175.261748] (vision_msgs) StdoutLine: {'line': b'[ 66%] \x1b[32m\x1b[1mLinking CXX shared library libvision_msgs__rosidl_typesupport_c.so\x1b[0m\n'}
[175.293489] (-) TimerEvent: {}
[175.394354] (-) TimerEvent: {}
[175.479774] (vision_msgs) StdoutLine: {'line': b'[ 66%] Built target vision_msgs__rosidl_typesupport_c\n'}
[175.494593] (-) TimerEvent: {}
[175.536863] (vision_msgs) StdoutLine: {'line': b'[ 68%] \x1b[34m\x1b[1mGenerating C introspection for ROS interfaces\x1b[0m\n'}
[175.581693] (sllidar_ros2) StderrLine: {'line': b'In file included from \x1b[01m\x1b[K/home/robot/robot_ws/src/sllidar_ros2/./sdk/include/sl_lidar_cmd.h:41\x1b[m\x1b[K,\n'}
[175.582350] (sllidar_ros2) StderrLine: {'line': b'                 from \x1b[01m\x1b[K/home/robot/robot_ws/src/sllidar_ros2/./sdk/include/sl_lidar_driver.h:54\x1b[m\x1b[K,\n'}
[175.582816] (sllidar_ros2) StderrLine: {'line': b'                 from \x1b[01m\x1b[K/home/robot/robot_ws/src/sllidar_ros2/sdk/src/sl_serial_channel.cpp:33\x1b[m\x1b[K:\n'}
[175.583340] (sllidar_ros2) StderrLine: {'line': b'\x1b[01m\x1b[K/home/robot/robot_ws/src/sllidar_ros2/./sdk/include/sl_lidar_protocol.h:66:16:\x1b[m\x1b[K \x1b[01;35m\x1b[Kwarning: \x1b[m\x1b[KISO C++ forbids zero-size array \xe2\x80\x98\x1b[01m\x1b[Kdata\x1b[m\x1b[K\xe2\x80\x99 [\x1b[01;35m\x1b[K\x1b]8;;https://gcc.gnu.org/onlinedocs/gcc/Warning-Options.html#index-Wpedantic\x07-Wpedantic\x1b]8;;\x07\x1b[m\x1b[K]\n'}
[175.583910] (sllidar_ros2) StderrLine: {'line': b'   66 |     sl_u8 data[\x1b[01;35m\x1b[K0\x1b[m\x1b[K];\n'}
[175.584724] (sllidar_ros2) StderrLine: {'line': b'      |                \x1b[01;35m\x1b[K^\x1b[m\x1b[K\n'}
[175.587315] (sllidar_ros2) StderrLine: {'line': b'In file included from \x1b[01m\x1b[K/home/robot/robot_ws/src/sllidar_ros2/./sdk/include/sl_lidar_driver.h:54\x1b[m\x1b[K,\n'}
[175.587920] (sllidar_ros2) StderrLine: {'line': b'                 from \x1b[01m\x1b[K/home/robot/robot_ws/src/sllidar_ros2/sdk/src/sl_serial_channel.cpp:33\x1b[m\x1b[K:\n'}
[175.588451] (sllidar_ros2) StderrLine: {'line': b'\x1b[01m\x1b[K/home/robot/robot_ws/src/sllidar_ros2/./sdk/include/sl_lidar_cmd.h:324:20:\x1b[m\x1b[K \x1b[01;35m\x1b[Kwarning: \x1b[m\x1b[KISO C++ forbids zero-size array \xe2\x80\x98\x1b[01m\x1b[Kpayload\x1b[m\x1b[K\xe2\x80\x99 [\x1b[01;35m\x1b[K\x1b]8;;https://gcc.gnu.org/onlinedocs/gcc/Warning-Options.html#index-Wpedantic\x07-Wpedantic\x1b]8;;\x07\x1b[m\x1b[K]\n'}
[175.588978] (sllidar_ros2) StderrLine: {'line': b'  324 |     sl_u8  payload[\x1b[01;35m\x1b[K0\x1b[m\x1b[K];\n'}
[175.589799] (sllidar_ros2) StderrLine: {'line': b'      |                    \x1b[01;35m\x1b[K^\x1b[m\x1b[K\n'}
[175.594825] (-) TimerEvent: {}
[175.696623] (-) TimerEvent: {}
[175.797591] (-) TimerEvent: {}
[175.898666] (-) TimerEvent: {}
[175.999905] (-) TimerEvent: {}
[176.014641] (sllidar_ros2) StdoutLine: {'line': b'[ 75%] \x1b[32mBuilding CXX object CMakeFiles/sllidar_node.dir/sdk/src/sl_tcp_channel.cpp.o\x1b[0m\n'}
[176.100100] (-) TimerEvent: {}
[176.200974] (-) TimerEvent: {}
[179.637594] (sllidar_ros2) StderrLine: {'line': b'In file included from \x1b[01m\x1b[K/home/robot/robot_ws/src/sllidar_ros2/./sdk/include/sl_lidar_cmd.h:41\x1b[m\x1b[K,\n'}
[179.638708] (-) TimerEvent: {}
[179.639650] (sllidar_ros2) StderrLine: {'line': b'                 from \x1b[01m\x1b[K/home/robot/robot_ws/src/sllidar_ros2/./sdk/include/sl_lidar_driver.h:54\x1b[m\x1b[K,\n'}
[179.640684] (sllidar_ros2) StderrLine: {'line': b'                 from \x1b[01m\x1b[K/home/robot/robot_ws/src/sllidar_ros2/sdk/src/sl_tcp_channel.cpp:33\x1b[m\x1b[K:\n'}
[179.641759] (sllidar_ros2) StderrLine: {'line': b'\x1b[01m\x1b[K/home/robot/robot_ws/src/sllidar_ros2/./sdk/include/sl_lidar_protocol.h:66:16:\x1b[m\x1b[K \x1b[01;35m\x1b[Kwarning: \x1b[m\x1b[KISO C++ forbids zero-size array \xe2\x80\x98\x1b[01m\x1b[Kdata\x1b[m\x1b[K\xe2\x80\x99 [\x1b[01;35m\x1b[K\x1b]8;;https://gcc.gnu.org/onlinedocs/gcc/Warning-Options.html#index-Wpedantic\x07-Wpedantic\x1b]8;;\x07\x1b[m\x1b[K]\n'}
[179.642844] (sllidar_ros2) StderrLine: {'line': b'   66 |     sl_u8 data[\x1b[01;35m\x1b[K0\x1b[m\x1b[K];\n'}
[179.643824] (sllidar_ros2) StderrLine: {'line': b'      |                \x1b[01;35m\x1b[K^\x1b[m\x1b[K\n'}
[179.644788] (sllidar_ros2) StderrLine: {'line': b'In file included from \x1b[01m\x1b[K/home/robot/robot_ws/src/sllidar_ros2/./sdk/include/sl_lidar_driver.h:54\x1b[m\x1b[K,\n'}
[179.653746] (sllidar_ros2) StderrLine: {'line': b'                 from \x1b[01m\x1b[K/home/robot/robot_ws/src/sllidar_ros2/sdk/src/sl_tcp_channel.cpp:33\x1b[m\x1b[K:\n'}
[179.654298] (sllidar_ros2) StderrLine: {'line': b'\x1b[01m\x1b[K/home/robot/robot_ws/src/sllidar_ros2/./sdk/include/sl_lidar_cmd.h:324:20:\x1b[m\x1b[K \x1b[01;35m\x1b[Kwarning: \x1b[m\x1b[KISO C++ forbids zero-size array \xe2\x80\x98\x1b[01m\x1b[Kpayload\x1b[m\x1b[K\xe2\x80\x99 [\x1b[01;35m\x1b[K\x1b]8;;https://gcc.gnu.org/onlinedocs/gcc/Warning-Options.html#index-Wpedantic\x07-Wpedantic\x1b]8;;\x07\x1b[m\x1b[K]\n'}
[179.654905] (sllidar_ros2) StderrLine: {'line': b'  324 |     sl_u8  payload[\x1b[01;35m\x1b[K0\x1b[m\x1b[K];\n'}
[179.655382] (sllidar_ros2) StderrLine: {'line': b'      |                    \x1b[01;35m\x1b[K^\x1b[m\x1b[K\n'}
[179.655869] (sllidar_ros2) StderrLine: {'line': b'\x1b[01m\x1b[K/home/robot/robot_ws/src/sllidar_ros2/sdk/src/sl_tcp_channel.cpp:\x1b[m\x1b[K In member function \xe2\x80\x98\x1b[01m\x1b[Kvoid sl::TcpChannel::setStatus(_u32)\x1b[m\x1b[K\xe2\x80\x99:\n'}
[179.656319] (sllidar_ros2) StderrLine: {'line': b'\x1b[01m\x1b[K/home/robot/robot_ws/src/sllidar_ros2/sdk/src/sl_tcp_channel.cpp:109:29:\x1b[m\x1b[K \x1b[01;35m\x1b[Kwarning: \x1b[m\x1b[Kunused parameter \xe2\x80\x98\x1b[01m\x1b[Kflag\x1b[m\x1b[K\xe2\x80\x99 [\x1b[01;35m\x1b[K\x1b]8;;https://gcc.gnu.org/onlinedocs/gcc/Warning-Options.html#index-Wunused-parameter\x07-Wunused-parameter\x1b]8;;\x07\x1b[m\x1b[K]\n'}
[179.656853] (sllidar_ros2) StderrLine: {'line': b'  109 |         void setStatus(\x1b[01;35m\x1b[K_u32 flag\x1b[m\x1b[K){}\n'}
[179.657469] (sllidar_ros2) StderrLine: {'line': b'      |                        \x1b[01;35m\x1b[K~~~~~^~~~\x1b[m\x1b[K\n'}
[179.738929] (-) TimerEvent: {}
[179.840496] (-) TimerEvent: {}
[179.941452] (-) TimerEvent: {}
[180.043234] (-) TimerEvent: {}
[180.144102] (-) TimerEvent: {}
[180.245879] (-) TimerEvent: {}
[180.346990] (-) TimerEvent: {}
[180.447776] (-) TimerEvent: {}
[180.548636] (-) TimerEvent: {}
[180.649637] (-) TimerEvent: {}
[180.750362] (-) TimerEvent: {}
[180.851209] (-) TimerEvent: {}
[180.952370] (-) TimerEvent: {}
[181.053660] (-) TimerEvent: {}
[181.154595] (-) TimerEvent: {}
[181.212157] (vision_msgs) StdoutLine: {'line': b'[ 70%] \x1b[32mBuilding C object CMakeFiles/vision_msgs__rosidl_typesupport_introspection_c.dir/rosidl_typesupport_introspection_c/vision_msgs/msg/detail/detection__type_support.c.o\x1b[0m\n'}
[181.254814] (-) TimerEvent: {}
[181.355686] (-) TimerEvent: {}
[181.570308] (sllidar_ros2) StdoutLine: {'line': b'[ 80%] \x1b[32mBuilding CXX object CMakeFiles/sllidar_node.dir/sdk/src/sl_udp_channel.cpp.o\x1b[0m\n'}
[181.571104] (-) TimerEvent: {}
[181.671860] (-) TimerEvent: {}
[181.723722] (vision_msgs) StdoutLine: {'line': b'[ 72%] \x1b[32mBuilding C object CMakeFiles/vision_msgs__rosidl_typesupport_introspection_c.dir/rosidl_typesupport_introspection_c/vision_msgs/msg/detail/ai_status__type_support.c.o\x1b[0m\n'}
[181.772073] (-) TimerEvent: {}
[181.873883] (-) TimerEvent: {}
[181.974630] (-) TimerEvent: {}
[182.075403] (-) TimerEvent: {}
[182.096603] (vision_msgs) StdoutLine: {'line': b'[ 75%] \x1b[32mBuilding C object CMakeFiles/vision_msgs__rosidl_typesupport_introspection_c.dir/rosidl_typesupport_introspection_c/vision_msgs/msg/detail/detection_array__type_support.c.o\x1b[0m\n'}
[182.175628] (-) TimerEvent: {}
[182.276479] (-) TimerEvent: {}
[182.377304] (-) TimerEvent: {}
[182.391195] (vision_msgs) StdoutLine: {'line': b'[ 77%] \x1b[32m\x1b[1mLinking C shared library libvision_msgs__rosidl_typesupport_introspection_c.so\x1b[0m\n'}
[182.477549] (-) TimerEvent: {}
[182.564759] (vision_msgs) StdoutLine: {'line': b'[ 77%] Built target vision_msgs__rosidl_typesupport_introspection_c\n'}
[182.577733] (-) TimerEvent: {}
[182.669792] (vision_msgs) StdoutLine: {'line': b'[ 77%] Built target vision_msgs\n'}
[182.677988] (-) TimerEvent: {}
[182.778278] (vision_msgs) StdoutLine: {'line': b'[ 79%] \x1b[34m\x1b[1mGenerating Python code for ROS interfaces\x1b[0m\n'}
[182.779076] (-) TimerEvent: {}
[182.879971] (-) TimerEvent: {}
[182.980925] (-) TimerEvent: {}
[183.082934] (-) TimerEvent: {}
[183.106821] (sllidar_ros2) StderrLine: {'line': b'In file included from \x1b[01m\x1b[K/home/robot/robot_ws/src/sllidar_ros2/./sdk/include/sl_lidar_cmd.h:41\x1b[m\x1b[K,\n'}
[183.107978] (sllidar_ros2) StderrLine: {'line': b'                 from \x1b[01m\x1b[K/home/robot/robot_ws/src/sllidar_ros2/./sdk/include/sl_lidar_driver.h:54\x1b[m\x1b[K,\n'}
[183.108956] (sllidar_ros2) StderrLine: {'line': b'                 from \x1b[01m\x1b[K/home/robot/robot_ws/src/sllidar_ros2/sdk/src/sl_udp_channel.cpp:33\x1b[m\x1b[K:\n'}
[183.109762] (sllidar_ros2) StderrLine: {'line': b'\x1b[01m\x1b[K/home/robot/robot_ws/src/sllidar_ros2/./sdk/include/sl_lidar_protocol.h:66:16:\x1b[m\x1b[K \x1b[01;35m\x1b[Kwarning: \x1b[m\x1b[KISO C++ forbids zero-size array \xe2\x80\x98\x1b[01m\x1b[Kdata\x1b[m\x1b[K\xe2\x80\x99 [\x1b[01;35m\x1b[K\x1b]8;;https://gcc.gnu.org/onlinedocs/gcc/Warning-Options.html#index-Wpedantic\x07-Wpedantic\x1b]8;;\x07\x1b[m\x1b[K]\n'}
[183.110445] (sllidar_ros2) StderrLine: {'line': b'   66 |     sl_u8 data[\x1b[01;35m\x1b[K0\x1b[m\x1b[K];\n'}
[183.111723] (sllidar_ros2) StderrLine: {'line': b'      |                \x1b[01;35m\x1b[K^\x1b[m\x1b[K\n'}
[183.112587] (sllidar_ros2) StderrLine: {'line': b'In file included from \x1b[01m\x1b[K/home/robot/robot_ws/src/sllidar_ros2/./sdk/include/sl_lidar_driver.h:54\x1b[m\x1b[K,\n'}
[183.113526] (sllidar_ros2) StderrLine: {'line': b'                 from \x1b[01m\x1b[K/home/robot/robot_ws/src/sllidar_ros2/sdk/src/sl_udp_channel.cpp:33\x1b[m\x1b[K:\n'}
[183.114154] (sllidar_ros2) StderrLine: {'line': b'\x1b[01m\x1b[K/home/robot/robot_ws/src/sllidar_ros2/./sdk/include/sl_lidar_cmd.h:324:20:\x1b[m\x1b[K \x1b[01;35m\x1b[Kwarning: \x1b[m\x1b[KISO C++ forbids zero-size array \xe2\x80\x98\x1b[01m\x1b[Kpayload\x1b[m\x1b[K\xe2\x80\x99 [\x1b[01;35m\x1b[K\x1b]8;;https://gcc.gnu.org/onlinedocs/gcc/Warning-Options.html#index-Wpedantic\x07-Wpedantic\x1b]8;;\x07\x1b[m\x1b[K]\n'}
[183.114725] (sllidar_ros2) StderrLine: {'line': b'  324 |     sl_u8  payload[\x1b[01;35m\x1b[K0\x1b[m\x1b[K];\n'}
[183.115326] (sllidar_ros2) StderrLine: {'line': b'      |                    \x1b[01;35m\x1b[K^\x1b[m\x1b[K\n'}
[183.136078] (sllidar_ros2) StderrLine: {'line': b'\x1b[01m\x1b[K/home/robot/robot_ws/src/sllidar_ros2/sdk/src/sl_udp_channel.cpp:\x1b[m\x1b[K In member function \xe2\x80\x98\x1b[01m\x1b[Kvoid sl::UdpChannel::setStatus(_u32)\x1b[m\x1b[K\xe2\x80\x99:\n'}
[183.136949] (sllidar_ros2) StderrLine: {'line': b'\x1b[01m\x1b[K/home/robot/robot_ws/src/sllidar_ros2/sdk/src/sl_udp_channel.cpp:112:29:\x1b[m\x1b[K \x1b[01;35m\x1b[Kwarning: \x1b[m\x1b[Kunused parameter \xe2\x80\x98\x1b[01m\x1b[Kflag\x1b[m\x1b[K\xe2\x80\x99 [\x1b[01;35m\x1b[K\x1b]8;;https://gcc.gnu.org/onlinedocs/gcc/Warning-Options.html#index-Wunused-parameter\x07-Wunused-parameter\x1b]8;;\x07\x1b[m\x1b[K]\n'}
[183.137829] (sllidar_ros2) StderrLine: {'line': b'  112 |         void setStatus(\x1b[01;35m\x1b[K_u32 flag\x1b[m\x1b[K){}\n'}
[183.138518] (sllidar_ros2) StderrLine: {'line': b'      |                        \x1b[01;35m\x1b[K~~~~~^~~~\x1b[m\x1b[K\n'}
[183.183192] (-) TimerEvent: {}
[183.285131] (-) TimerEvent: {}
[183.386023] (-) TimerEvent: {}
[183.486747] (-) TimerEvent: {}
[183.545920] (sllidar_ros2) StdoutLine: {'line': b'[ 85%] \x1b[32mBuilding CXX object CMakeFiles/sllidar_node.dir/sdk/src/arch/linux/net_serial.cpp.o\x1b[0m\n'}
[183.587133] (-) TimerEvent: {}
[183.688022] (-) TimerEvent: {}
[183.788826] (-) TimerEvent: {}
[183.889615] (-) TimerEvent: {}
[183.990476] (-) TimerEvent: {}
[184.091284] (-) TimerEvent: {}
[184.191996] (-) TimerEvent: {}
[184.292786] (-) TimerEvent: {}
[184.393799] (-) TimerEvent: {}
[184.494511] (-) TimerEvent: {}
[184.595256] (-) TimerEvent: {}
[184.695987] (-) TimerEvent: {}
[184.796787] (-) TimerEvent: {}
[184.897727] (-) TimerEvent: {}
[184.998547] (-) TimerEvent: {}
[185.099360] (-) TimerEvent: {}
[185.200163] (-) TimerEvent: {}
[185.301081] (-) TimerEvent: {}
[185.402066] (-) TimerEvent: {}
[185.503426] (-) TimerEvent: {}
[185.604389] (-) TimerEvent: {}
[185.705417] (-) TimerEvent: {}
[185.806449] (-) TimerEvent: {}
[185.907460] (-) TimerEvent: {}
[186.009237] (-) TimerEvent: {}
[186.110248] (-) TimerEvent: {}
[186.212039] (-) TimerEvent: {}
[186.313927] (-) TimerEvent: {}
[186.415501] (-) TimerEvent: {}
[186.517416] (-) TimerEvent: {}
[190.413704] (-) TimerEvent: {}
[190.514798] (-) TimerEvent: {}
[190.616556] (-) TimerEvent: {}
[190.717831] (-) TimerEvent: {}
[190.818824] (-) TimerEvent: {}
[190.925259] (-) TimerEvent: {}
[191.026252] (-) TimerEvent: {}
[191.127328] (-) TimerEvent: {}
[191.228941] (-) TimerEvent: {}
[191.331852] (-) TimerEvent: {}
[191.433744] (-) TimerEvent: {}
[191.535250] (-) TimerEvent: {}
[191.636145] (-) TimerEvent: {}
[191.737307] (-) TimerEvent: {}
[191.793776] (vision_msgs) StdoutLine: {'line': b'[ 79%] Built target vision_msgs__py\n'}
[191.837534] (-) TimerEvent: {}
[191.932920] (vision_msgs) StdoutLine: {'line': b'[ 81%] \x1b[32mBuilding C object CMakeFiles/vision_msgs__rosidl_generator_py.dir/rosidl_generator_py/vision_msgs/msg/_detection_s.c.o\x1b[0m\n'}
[191.941350] (-) TimerEvent: {}
[192.043601] (-) TimerEvent: {}
[192.145668] (-) TimerEvent: {}
[192.248126] (-) TimerEvent: {}
[192.350149] (-) TimerEvent: {}
[192.451943] (-) TimerEvent: {}
[192.554034] (-) TimerEvent: {}
[192.656656] (-) TimerEvent: {}
[192.758341] (-) TimerEvent: {}
[192.859972] (-) TimerEvent: {}
[192.910164] (sllidar_ros2) StderrLine: {'line': b'\x1b[01m\x1b[K/home/robot/robot_ws/src/sllidar_ros2/sdk/src/arch/linux/net_serial.cpp:\x1b[m\x1b[K In member function \xe2\x80\x98\x1b[01m\x1b[Kbool rp::arch::net::raw_serial::open(const char*, uint32_t, uint32_t)\x1b[m\x1b[K\xe2\x80\x99:\n'}
[192.910913] (sllidar_ros2) StderrLine: {'line': b'\x1b[01m\x1b[K/home/robot/robot_ws/src/sllidar_ros2/sdk/src/arch/linux/net_serial.cpp:97:74:\x1b[m\x1b[K \x1b[01;35m\x1b[Kwarning: \x1b[m\x1b[Kunused parameter \xe2\x80\x98\x1b[01m\x1b[Kflags\x1b[m\x1b[K\xe2\x80\x99 [\x1b[01;35m\x1b[K\x1b]8;;https://gcc.gnu.org/onlinedocs/gcc/Warning-Options.html#index-Wunused-parameter\x07-Wunused-parameter\x1b]8;;\x07\x1b[m\x1b[K]\n'}
[192.911512] (sllidar_ros2) StderrLine: {'line': b'   97 | bool raw_serial::open(const char * portname, uint32_t baudrate, \x1b[01;35m\x1b[Kuint32_t flags\x1b[m\x1b[K)\n'}
[192.912238] (sllidar_ros2) StderrLine: {'line': b'      |                                                                 \x1b[01;35m\x1b[K~~~~~~~~~^~~~~\x1b[m\x1b[K\n'}
[192.913225] (sllidar_ros2) StderrLine: {'line': b'\x1b[01m\x1b[K/home/robot/robot_ws/src/sllidar_ros2/sdk/src/arch/linux/net_serial.cpp:\x1b[m\x1b[K In member function \xe2\x80\x98\x1b[01m\x1b[Kvirtual void rp::arch::net::raw_serial::flush(_u32)\x1b[m\x1b[K\xe2\x80\x99:\n'}
[192.914830] (sllidar_ros2) StderrLine: {'line': b'\x1b[01m\x1b[K/home/robot/robot_ws/src/sllidar_ros2/sdk/src/arch/linux/net_serial.cpp:281:30:\x1b[m\x1b[K \x1b[01;35m\x1b[Kwarning: \x1b[m\x1b[Kunused parameter \xe2\x80\x98\x1b[01m\x1b[Kflags\x1b[m\x1b[K\xe2\x80\x99 [\x1b[01;35m\x1b[K\x1b]8;;https://gcc.gnu.org/onlinedocs/gcc/Warning-Options.html#index-Wunused-parameter\x07-Wunused-parameter\x1b]8;;\x07\x1b[m\x1b[K]\n'}
[192.915896] (sllidar_ros2) StderrLine: {'line': b'  281 | void raw_serial::flush( \x1b[01;35m\x1b[K_u32 flags\x1b[m\x1b[K)\n'}
[192.916553] (sllidar_ros2) StderrLine: {'line': b'      |                         \x1b[01;35m\x1b[K~~~~~^~~~~\x1b[m\x1b[K\n'}
[192.929581] (sllidar_ros2) StderrLine: {'line': b'\x1b[01m\x1b[K/home/robot/robot_ws/src/sllidar_ros2/sdk/src/arch/linux/net_serial.cpp:\x1b[m\x1b[K In member function \xe2\x80\x98\x1b[01m\x1b[Kvirtual int rp::arch::net::raw_serial::waitforsent(_u32, size_t*)\x1b[m\x1b[K\xe2\x80\x99:\n'}
[192.930252] (sllidar_ros2) StderrLine: {'line': b'\x1b[01m\x1b[K/home/robot/robot_ws/src/sllidar_ros2/sdk/src/arch/linux/net_serial.cpp:286:34:\x1b[m\x1b[K \x1b[01;35m\x1b[Kwarning: \x1b[m\x1b[Kunused parameter \xe2\x80\x98\x1b[01m\x1b[Ktimeout\x1b[m\x1b[K\xe2\x80\x99 [\x1b[01;35m\x1b[K\x1b]8;;https://gcc.gnu.org/onlinedocs/gcc/Warning-Options.html#index-Wunused-parameter\x07-Wunused-parameter\x1b]8;;\x07\x1b[m\x1b[K]\n'}
[192.930792] (sllidar_ros2) StderrLine: {'line': b'  286 | int raw_serial::waitforsent(\x1b[01;35m\x1b[K_u32 timeout\x1b[m\x1b[K, size_t * returned_size)\n'}
[192.931333] (sllidar_ros2) StderrLine: {'line': b'      |                             \x1b[01;35m\x1b[K~~~~~^~~~~~~\x1b[m\x1b[K\n'}
[192.931857] (sllidar_ros2) StderrLine: {'line': b'\x1b[01m\x1b[K/home/robot/robot_ws/src/sllidar_ros2/sdk/src/arch/linux/net_serial.cpp:\x1b[m\x1b[K In member function \xe2\x80\x98\x1b[01m\x1b[Kvirtual int rp::arch::net::raw_serial::waitforrecv(_u32, size_t*)\x1b[m\x1b[K\xe2\x80\x99:\n'}
[192.932399] (sllidar_ros2) StderrLine: {'line': b'\x1b[01m\x1b[K/home/robot/robot_ws/src/sllidar_ros2/sdk/src/arch/linux/net_serial.cpp:292:34:\x1b[m\x1b[K \x1b[01;35m\x1b[Kwarning: \x1b[m\x1b[Kunused parameter \xe2\x80\x98\x1b[01m\x1b[Ktimeout\x1b[m\x1b[K\xe2\x80\x99 [\x1b[01;35m\x1b[K\x1b]8;;https://gcc.gnu.org/onlinedocs/gcc/Warning-Options.html#index-Wunused-parameter\x07-Wunused-parameter\x1b]8;;\x07\x1b[m\x1b[K]\n'}
[192.932977] (sllidar_ros2) StderrLine: {'line': b'  292 | int raw_serial::waitforrecv(\x1b[01;35m\x1b[K_u32 timeout\x1b[m\x1b[K, size_t * returned_size)\n'}
[192.933674] (sllidar_ros2) StderrLine: {'line': b'      |                             \x1b[01;35m\x1b[K~~~~~^~~~~~~\x1b[m\x1b[K\n'}
[192.934231] (sllidar_ros2) StderrLine: {'line': b'\x1b[01m\x1b[K/home/robot/robot_ws/src/sllidar_ros2/sdk/src/arch/linux/net_serial.cpp:\x1b[m\x1b[K In member function \xe2\x80\x98\x1b[01m\x1b[Kvirtual void rp::arch::net::raw_serial::cancelOperation()\x1b[m\x1b[K\xe2\x80\x99:\n'}
[192.934851] (sllidar_ros2) StderrLine: {'line': b'\x1b[01m\x1b[K/home/robot/robot_ws/src/sllidar_ros2/sdk/src/arch/linux/net_serial.cpp:427:5:\x1b[m\x1b[K \x1b[01;35m\x1b[Kwarning: \x1b[m\x1b[Kvalue computed is not used [\x1b[01;35m\x1b[K\x1b]8;;https://gcc.gnu.org/onlinedocs/gcc/Warning-Options.html#index-Wunused-value\x07-Wunused-value\x1b]8;;\x07\x1b[m\x1b[K]\n'}
[192.935409] (sllidar_ros2) StderrLine: {'line': b'  427 |     \x1b[01;35m\x1b[K(int)::write(_selfpipe[1], "x", 1)\x1b[m\x1b[K;\n'}
[192.935941] (sllidar_ros2) StderrLine: {'line': b'      |     \x1b[01;35m\x1b[K^~~~~~~~~~~~~~~~~~~~~~~~~~~~~~~~~~\x1b[m\x1b[K\n'}
[192.960278] (-) TimerEvent: {}
[193.062347] (-) TimerEvent: {}
[193.164061] (-) TimerEvent: {}
[193.264959] (-) TimerEvent: {}
[193.366094] (-) TimerEvent: {}
[193.467011] (-) TimerEvent: {}
[193.567820] (-) TimerEvent: {}
[193.668604] (-) TimerEvent: {}
[193.769412] (-) TimerEvent: {}
[193.870172] (-) TimerEvent: {}
[193.970957] (-) TimerEvent: {}
[194.071759] (-) TimerEvent: {}
[194.172576] (-) TimerEvent: {}
[194.273416] (-) TimerEvent: {}
[194.374209] (-) TimerEvent: {}
[194.474982] (-) TimerEvent: {}
[194.575790] (-) TimerEvent: {}
[194.676616] (-) TimerEvent: {}
[194.777736] (-) TimerEvent: {}
[194.878890] (-) TimerEvent: {}
[194.980041] (-) TimerEvent: {}
[195.080955] (-) TimerEvent: {}
[195.182166] (-) TimerEvent: {}
[195.283326] (-) TimerEvent: {}
[195.384497] (-) TimerEvent: {}
[195.485864] (-) TimerEvent: {}
[195.587054] (-) TimerEvent: {}
[195.688289] (-) TimerEvent: {}
[195.789495] (-) TimerEvent: {}
[195.890718] (-) TimerEvent: {}
[195.991840] (-) TimerEvent: {}
[196.092919] (-) TimerEvent: {}
[196.194110] (-) TimerEvent: {}
[196.295246] (-) TimerEvent: {}
[196.396404] (-) TimerEvent: {}
[196.497594] (-) TimerEvent: {}
[196.598694] (-) TimerEvent: {}
[196.699789] (-) TimerEvent: {}
[202.184268] (sllidar_ros2) StdoutLine: {'line': b'[ 90%] \x1b[32m\x1b[1mLinking CXX executable sllidar_node\x1b[0m\n'}
[202.185069] (-) TimerEvent: {}
[202.187359] (vision_msgs) StdoutLine: {'line': b'[ 83%] \x1b[32mBuilding C object CMakeFiles/vision_msgs__rosidl_generator_py.dir/rosidl_generator_py/vision_msgs/msg/_ai_status_s.c.o\x1b[0m\n'}
[202.285298] (-) TimerEvent: {}
[202.387167] (-) TimerEvent: {}
[206.741828] (-) TimerEvent: {}
[206.844341] (-) TimerEvent: {}
[206.947874] (-) TimerEvent: {}
[206.970686] (vision_msgs) StdoutLine: {'line': b'[ 85%] \x1b[32mBuilding C object CMakeFiles/vision_msgs__rosidl_generator_py.dir/rosidl_generator_py/vision_msgs/msg/_detection_array_s.c.o\x1b[0m\n'}
[207.048137] (-) TimerEvent: {}
[207.149866] (-) TimerEvent: {}
[207.251642] (-) TimerEvent: {}
[207.353927] (-) TimerEvent: {}
[207.456244] (-) TimerEvent: {}
[207.560779] (-) TimerEvent: {}
[208.127041] (-) TimerEvent: {}
[208.227991] (-) TimerEvent: {}
[208.291200] (vision_msgs) StdoutLine: {'line': b'[ 87%] \x1b[32m\x1b[1mLinking C shared library rosidl_generator_py/vision_msgs/libvision_msgs__rosidl_generator_py.so\x1b[0m\n'}
[208.328209] (-) TimerEvent: {}
[208.430379] (-) TimerEvent: {}
[208.531543] (-) TimerEvent: {}
[208.558541] (vision_msgs) StdoutLine: {'line': b'[ 87%] Built target vision_msgs__rosidl_generator_py\n'}
[208.578889] (sllidar_ros2) StdoutLine: {'line': b'[ 90%] Built target sllidar_node\n'}
[208.631788] (-) TimerEvent: {}
[208.671527] (vision_msgs) StdoutLine: {'line': b'[ 89%] \x1b[32mBuilding C object CMakeFiles/vision_msgs__rosidl_typesupport_fastrtps_c__pyext.dir/rosidl_generator_py/vision_msgs/_vision_msgs_s.ep.rosidl_typesupport_fastrtps_c.c.o\x1b[0m\n'}
[208.696354] (sllidar_ros2) StdoutLine: {'line': b'[ 95%] \x1b[32mBuilding CXX object CMakeFiles/sllidar_client.dir/src/sllidar_client.cpp.o\x1b[0m\n'}
[208.732013] (-) TimerEvent: {}
[208.835809] (-) TimerEvent: {}
[208.941295] (-) TimerEvent: {}
[209.042383] (-) TimerEvent: {}
[209.143304] (-) TimerEvent: {}
[209.244281] (-) TimerEvent: {}
[209.345388] (-) TimerEvent: {}
[209.446412] (-) TimerEvent: {}
[209.547263] (-) TimerEvent: {}
[209.648020] (-) TimerEvent: {}
[209.653729] (vision_msgs) StdoutLine: {'line': b'[ 91%] \x1b[32m\x1b[1mLinking C shared library rosidl_generator_py/vision_msgs/vision_msgs_s__rosidl_typesupport_fastrtps_c.cpython-310-aarch64-linux-gnu.so\x1b[0m\n'}
[209.748325] (-) TimerEvent: {}
[209.849398] (-) TimerEvent: {}
[209.870209] (vision_msgs) StdoutLine: {'line': b'[ 91%] Built target vision_msgs__rosidl_typesupport_fastrtps_c__pyext\n'}
[209.949592] (-) TimerEvent: {}
[209.977996] (vision_msgs) StdoutLine: {'line': b'[ 93%] \x1b[32mBuilding C object CMakeFiles/vision_msgs__rosidl_typesupport_c__pyext.dir/rosidl_generator_py/vision_msgs/_vision_msgs_s.ep.rosidl_typesupport_c.c.o\x1b[0m\n'}
[210.049799] (-) TimerEvent: {}
[210.151103] (-) TimerEvent: {}
[210.252531] (-) TimerEvent: {}
[210.353462] (-) TimerEvent: {}
[210.454820] (-) TimerEvent: {}
[210.556753] (-) TimerEvent: {}
[210.659286] (-) TimerEvent: {}
[210.761058] (-) TimerEvent: {}
[210.862057] (-) TimerEvent: {}
[210.879738] (vision_msgs) StdoutLine: {'line': b'[ 95%] \x1b[32m\x1b[1mLinking C shared library rosidl_generator_py/vision_msgs/vision_msgs_s__rosidl_typesupport_c.cpython-310-aarch64-linux-gnu.so\x1b[0m\n'}
[210.962307] (-) TimerEvent: {}
[211.064031] (-) TimerEvent: {}
[211.165596] (-) TimerEvent: {}
[211.267657] (-) TimerEvent: {}
[211.331791] (vision_msgs) StdoutLine: {'line': b'[ 95%] Built target vision_msgs__rosidl_typesupport_c__pyext\n'}
[211.367867] (-) TimerEvent: {}
[211.469394] (-) TimerEvent: {}
[211.536876] (vision_msgs) StdoutLine: {'line': b'[ 97%] \x1b[32mBuilding C object CMakeFiles/vision_msgs__rosidl_typesupport_introspection_c__pyext.dir/rosidl_generator_py/vision_msgs/_vision_msgs_s.ep.rosidl_typesupport_introspection_c.c.o\x1b[0m\n'}
[211.569594] (-) TimerEvent: {}
[211.670373] (-) TimerEvent: {}
[211.771195] (-) TimerEvent: {}
[211.872114] (-) TimerEvent: {}
[211.973055] (-) TimerEvent: {}
[212.073994] (-) TimerEvent: {}
[212.174983] (-) TimerEvent: {}
[212.275946] (-) TimerEvent: {}
[212.360065] (vision_msgs) StdoutLine: {'line': b'[100%] \x1b[32m\x1b[1mLinking C shared library rosidl_generator_py/vision_msgs/vision_msgs_s__rosidl_typesupport_introspection_c.cpython-310-aarch64-linux-gnu.so\x1b[0m\n'}
[212.376308] (-) TimerEvent: {}
[212.477634] (-) TimerEvent: {}
[212.579208] (-) TimerEvent: {}
[213.708286] (vision_msgs) StdoutLine: {'line': b'[100%] Built target vision_msgs__rosidl_typesupport_introspection_c__pyext\n'}
[213.710364] (-) TimerEvent: {}
[213.812340] (-) TimerEvent: {}
[213.878005] (vision_msgs) CommandEnded: {'returncode': 0}
[213.882118] (vision_msgs) JobProgress: {'identifier': 'vision_msgs', 'progress': 'install'}
[213.883512] (vision_msgs) Command: {'cmd': ['/usr/bin/cmake', '--install', '/home/robot/robot_ws/build/vision_msgs'], 'cwd': '/home/robot/robot_ws/build/vision_msgs', 'env': OrderedDict([('LESSOPEN', '| /usr/bin/lesspipe %s'), ('USER', 'robot'), ('SSH_CLIENT', '192.168.1.88 62124 22'), ('XDG_SESSION_TYPE', 'tty'), ('GIT_ASKPASS', '/home/robot/.vscode-server/cli/servers/Stable-1b6a188127eeaf9194f945eb6eb89a657e93c54c/server/extensions/git/dist/askpass.sh'), ('SHLVL', '1'), ('LD_LIBRARY_PATH', '/home/robot/robot_ws/install/vision_msgs/lib:/opt/ros/humble/opt/rviz_ogre_vendor/lib:/opt/ros/humble/lib/aarch64-linux-gnu:/opt/ros/humble/lib'), ('BROWSER', '/home/robot/.vscode-server/cli/servers/Stable-1b6a188127eeaf9194f945eb6eb89a657e93c54c/server/bin/helpers/browser.sh'), ('MOTD_SHOWN', 'pam'), ('HOME', '/home/robot'), ('OLDPWD', '/home/robot/robot_ws'), ('TERM_PROGRAM_VERSION', '1.130.0'), ('VSCODE_IPC_HOOK_CLI', '/run/user/1000/vscode-ipc-590b6df8-ecea-44ec-b569-7876fc689e68.sock'), ('ROS_PYTHON_VERSION', '3'), ('VSCODE_GIT_ASKPASS_MAIN', '/home/robot/.vscode-server/cli/servers/Stable-1b6a188127eeaf9194f945eb6eb89a657e93c54c/server/extensions/git/dist/askpass-main.js'), ('VSCODE_GIT_ASKPASS_NODE', '/home/robot/.vscode-server/cli/servers/Stable-1b6a188127eeaf9194f945eb6eb89a657e93c54c/server/node'), ('VSCODE_PYTHON_AUTOACTIVATE_GUARD', '1'), ('DBUS_SESSION_BUS_ADDRESS', 'unix:path=/run/user/1000/bus'), ('COLORTERM', 'truecolor'), ('COLCON_PREFIX_PATH', '/home/robot/robot_ws/install'), ('ROS_DISTRO', 'humble'), ('LOGNAME', 'robot'), ('_', '/usr/bin/colcon'), ('ROS_VERSION', '2'), ('XDG_SESSION_CLASS', 'user'), ('TERM', 'xterm-256color'), ('XDG_SESSION_ID', '3'), ('ROS_LOCALHOST_ONLY', '0'), ('PATH', '/home/robot/.vscode-server/data/User/globalStorage/github.copilot-chat/debugCommand:/home/robot/.vscode-server/data/User/globalStorage/github.copilot-chat/copilotCli:/home/robot/.vscode-server/cli/servers/Stable-1b6a188127eeaf9194f945eb6eb89a657e93c54c/server/bin/remote-cli:/home/robot/.local/bin:/home/robot/robot_ws/install/esp32_ros2_bridge/bin:/opt/ros/humble/bin:/usr/local/sbin:/usr/local/bin:/usr/sbin:/usr/bin:/sbin:/bin:/usr/games:/usr/local/games:/snap/bin'), ('XDG_RUNTIME_DIR', '/run/user/1000'), ('LANG', 'en_US.UTF-8'), ('LS_COLORS', 'rs=0:di=01;34:ln=01;36:mh=00:pi=40;33:so=01;35:do=01;35:bd=40;33;01:cd=40;33;01:or=40;31;01:mi=00:su=37;41:sg=30;43:ca=30;41:tw=30;42:ow=34;42:st=37;44:ex=01;32:*.tar=01;31:*.tgz=01;31:*.arc=01;31:*.arj=01;31:*.taz=01;31:*.lha=01;31:*.lz4=01;31:*.lzh=01;31:*.lzma=01;31:*.tlz=01;31:*.txz=01;31:*.tzo=01;31:*.t7z=01;31:*.zip=01;31:*.z=01;31:*.dz=01;31:*.gz=01;31:*.lrz=01;31:*.lz=01;31:*.lzo=01;31:*.xz=01;31:*.zst=01;31:*.tzst=01;31:*.bz2=01;31:*.bz=01;31:*.tbz=01;31:*.tbz2=01;31:*.tz=01;31:*.deb=01;31:*.rpm=01;31:*.jar=01;31:*.war=01;31:*.ear=01;31:*.sar=01;31:*.rar=01;31:*.alz=01;31:*.ace=01;31:*.zoo=01;31:*.cpio=01;31:*.7z=01;31:*.rz=01;31:*.cab=01;31:*.wim=01;31:*.swm=01;31:*.dwm=01;31:*.esd=01;31:*.jpg=01;35:*.jpeg=01;35:*.mjpg=01;35:*.mjpeg=01;35:*.gif=01;35:*.bmp=01;35:*.pbm=01;35:*.pgm=01;35:*.ppm=01;35:*.tga=01;35:*.xbm=01;35:*.xpm=01;35:*.tif=01;35:*.tiff=01;35:*.png=01;35:*.svg=01;35:*.svgz=01;35:*.mng=01;35:*.pcx=01;35:*.mov=01;35:*.mpg=01;35:*.mpeg=01;35:*.m2v=01;35:*.mkv=01;35:*.webm=01;35:*.webp=01;35:*.ogm=01;35:*.mp4=01;35:*.m4v=01;35:*.mp4v=01;35:*.vob=01;35:*.qt=01;35:*.nuv=01;35:*.wmv=01;35:*.asf=01;35:*.rm=01;35:*.rmvb=01;35:*.flc=01;35:*.avi=01;35:*.fli=01;35:*.flv=01;35:*.gl=01;35:*.dl=01;35:*.xcf=01;35:*.xwd=01;35:*.yuv=01;35:*.cgm=01;35:*.emf=01;35:*.ogv=01;35:*.ogx=01;35:*.aac=00;36:*.au=00;36:*.flac=00;36:*.m4a=00;36:*.mid=00;36:*.midi=00;36:*.mka=00;36:*.mp3=00;36:*.mpc=00;36:*.ogg=00;36:*.ra=00;36:*.wav=00;36:*.oga=00;36:*.opus=00;36:*.spx=00;36:*.xspf=00;36:'), ('VSCODE_GIT_IPC_HANDLE', '/run/user/1000/vscode-git-7db71fe166.sock'), ('TERM_PROGRAM', 'vscode'), ('AMENT_PREFIX_PATH', '/home/robot/robot_ws/install/vision_ai_node:/home/robot/robot_ws/install/robot_ai:/home/robot/robot_ws/install/vision_msgs:/home/robot/robot_ws/install/robot_bringup:/home/robot/robot_ws/install/sllidar_ros2:/home/robot/robot_ws/install/robot_serial:/home/robot/robot_ws/install/robot_description:/home/robot/robot_ws/install/robot_camera:/home/robot/robot_ws/install/esp32_ros2_bridge:/home/robot/robot_ws/install/camera_node:/opt/ros/humble'), ('SHELL', '/bin/bash'), ('LESSCLOSE', '/usr/bin/lesspipe %s %s'), ('VSCODE_GIT_ASKPASS_EXTRA_ARGS', ''), ('PWD', '/home/robot/robot_ws/build/vision_msgs'), ('LC_ALL', 'en_US.UTF-8'), ('COPILOT_DEBUG_NONCE', 'cb1825ebc9d7300a5c5f8b48b9d9b175'), ('SSH_CONNECTION', '192.168.1.88 62124 192.168.1.253 22'), ('XDG_DATA_DIRS', '/usr/local/share:/usr/share:/var/lib/snapd/desktop'), ('PYTHONPATH', '/home/robot/robot_ws/install/vision_ai_node/lib/python3.10/site-packages:/home/robot/robot_ws/install/robot_ai/lib/python3.10/site-packages:/home/robot/robot_ws/install/vision_msgs/local/lib/python3.10/dist-packages:/home/robot/robot_ws/install/robot_serial/lib/python3.10/site-packages:/home/robot/robot_ws/build/robot_camera:/home/robot/robot_ws/install/robot_camera/lib/python3.10/site-packages:/home/robot/robot_ws/build/esp32_ros2_bridge:/home/robot/robot_ws/install/esp32_ros2_bridge/lib/python3.10/site-packages:/home/robot/robot_ws/install/camera_node/lib/python3.10/site-packages:/opt/ros/humble/lib/python3.10/site-packages:/opt/ros/humble/local/lib/python3.10/dist-packages'), ('COLCON', '1'), ('CMAKE_PREFIX_PATH', '/home/robot/robot_ws/install/vision_msgs:/home/robot/robot_ws/install/robot_bringup:/home/robot/robot_ws/install/sllidar_ros2:/home/robot/robot_ws/install/robot_description:/home/robot/robot_ws/install/vision_ai_node:/home/robot/robot_ws/install/robot_ai:/home/robot/robot_ws/install/robot_serial:/home/robot/robot_ws/install/robot_camera:/home/robot/robot_ws/install/esp32_ros2_bridge:/home/robot/robot_ws/install/camera_node:/opt/ros/humble')]), 'shell': False}
[213.912624] (-) TimerEvent: {}
[213.942820] (vision_msgs) StdoutLine: {'line': b'-- Install configuration: ""\n'}
[213.954491] (vision_msgs) StdoutLine: {'line': b'-- Installing: /home/robot/robot_ws/install/vision_msgs/share/ament_index/resource_index/rosidl_interfaces/vision_msgs\n'}
[213.956637] (vision_msgs) StdoutLine: {'line': b'-- Installing: /home/robot/robot_ws/install/vision_msgs/include/vision_msgs/vision_msgs\n'}
[213.966623] (vision_msgs) StdoutLine: {'line': b'-- Installing: /home/robot/robot_ws/install/vision_msgs/include/vision_msgs/vision_msgs/msg\n'}
[213.967434] (vision_msgs) StdoutLine: {'line': b'-- Installing: /home/robot/robot_ws/install/vision_msgs/include/vision_msgs/vision_msgs/msg/detection.h\n'}
[213.969434] (vision_msgs) StdoutLine: {'line': b'-- Installing: /home/robot/robot_ws/install/vision_msgs/include/vision_msgs/vision_msgs/msg/ai_status.h\n'}
[213.970741] (vision_msgs) StdoutLine: {'line': b'-- Installing: /home/robot/robot_ws/install/vision_msgs/include/vision_msgs/vision_msgs/msg/rosidl_generator_c__visibility_control.h\n'}
[213.972282] (vision_msgs) StdoutLine: {'line': b'-- Installing: /home/robot/robot_ws/install/vision_msgs/include/vision_msgs/vision_msgs/msg/detail\n'}
[213.973386] (vision_msgs) StdoutLine: {'line': b'-- Installing: /home/robot/robot_ws/install/vision_msgs/include/vision_msgs/vision_msgs/msg/detail/ai_status__struct.h\n'}
[213.975107] (vision_msgs) StdoutLine: {'line': b'-- Installing: /home/robot/robot_ws/install/vision_msgs/include/vision_msgs/vision_msgs/msg/detail/detection__functions.c\n'}
[213.983338] (vision_msgs) StdoutLine: {'line': b'-- Installing: /home/robot/robot_ws/install/vision_msgs/include/vision_msgs/vision_msgs/msg/detail/ai_status__type_support.h\n'}
[213.995031] (vision_msgs) StdoutLine: {'line': b'-- Installing: /home/robot/robot_ws/install/vision_msgs/include/vision_msgs/vision_msgs/msg/detail/detection__functions.h\n'}
[213.997536] (vision_msgs) StdoutLine: {'line': b'-- Installing: /home/robot/robot_ws/install/vision_msgs/include/vision_msgs/vision_msgs/msg/detail/detection_array__type_support.h\n'}
[214.008512] (vision_msgs) StdoutLine: {'line': b'-- Installing: /home/robot/robot_ws/install/vision_msgs/include/vision_msgs/vision_msgs/msg/detail/ai_status__functions.c\n'}
[214.011386] (vision_msgs) StdoutLine: {'line': b'-- Installing: /home/robot/robot_ws/install/vision_msgs/include/vision_msgs/vision_msgs/msg/detail/detection_array__functions.c\n'}
[214.012811] (-) TimerEvent: {}
[214.015239] (vision_msgs) StdoutLine: {'line': b'-- Installing: /home/robot/robot_ws/install/vision_msgs/include/vision_msgs/vision_msgs/msg/detail/ai_status__functions.h\n'}
[214.027099] (vision_msgs) StdoutLine: {'line': b'-- Installing: /home/robot/robot_ws/install/vision_msgs/include/vision_msgs/vision_msgs/msg/detail/detection__struct.h\n'}
[214.030088] (vision_msgs) StdoutLine: {'line': b'-- Installing: /home/robot/robot_ws/install/vision_msgs/include/vision_msgs/vision_msgs/msg/detail/detection_array__functions.h\n'}
[214.034974] (vision_msgs) StdoutLine: {'line': b'-- Installing: /home/robot/robot_ws/install/vision_msgs/include/vision_msgs/vision_msgs/msg/detail/detection__type_support.h\n'}
[214.043088] (vision_msgs) StdoutLine: {'line': b'-- Installing: /home/robot/robot_ws/install/vision_msgs/include/vision_msgs/vision_msgs/msg/detail/detection_array__struct.h\n'}
[214.044732] (vision_msgs) StdoutLine: {'line': b'-- Installing: /home/robot/robot_ws/install/vision_msgs/include/vision_msgs/vision_msgs/msg/detection_array.h\n'}
[214.047283] (vision_msgs) StdoutLine: {'line': b'-- Installing: /home/robot/robot_ws/install/vision_msgs/share/vision_msgs/environment/library_path.sh\n'}
[214.048817] (vision_msgs) StdoutLine: {'line': b'-- Installing: /home/robot/robot_ws/install/vision_msgs/share/vision_msgs/environment/library_path.dsv\n'}
[214.051436] (vision_msgs) StdoutLine: {'line': b'-- Installing: /home/robot/robot_ws/install/vision_msgs/lib/libvision_msgs__rosidl_generator_c.so\n'}
[214.055227] (vision_msgs) StdoutLine: {'line': b'-- Set runtime path of "/home/robot/robot_ws/install/vision_msgs/lib/libvision_msgs__rosidl_generator_c.so" to ""\n'}
[214.056576] (vision_msgs) StdoutLine: {'line': b'-- Up-to-date: /home/robot/robot_ws/install/vision_msgs/include/vision_msgs/vision_msgs\n'}
[214.057231] (vision_msgs) StdoutLine: {'line': b'-- Up-to-date: /home/robot/robot_ws/install/vision_msgs/include/vision_msgs/vision_msgs/msg\n'}
[214.057969] (vision_msgs) StdoutLine: {'line': b'-- Installing: /home/robot/robot_ws/install/vision_msgs/include/vision_msgs/vision_msgs/msg/rosidl_typesupport_fastrtps_c__visibility_control.h\n'}
[214.059045] (vision_msgs) StdoutLine: {'line': b'-- Up-to-date: /home/robot/robot_ws/install/vision_msgs/include/vision_msgs/vision_msgs/msg/detail\n'}
[214.059687] (vision_msgs) StdoutLine: {'line': b'-- Installing: /home/robot/robot_ws/install/vision_msgs/include/vision_msgs/vision_msgs/msg/detail/detection__rosidl_typesupport_fastrtps_c.h\n'}
[214.060647] (vision_msgs) StdoutLine: {'line': b'-- Installing: /home/robot/robot_ws/install/vision_msgs/include/vision_msgs/vision_msgs/msg/detail/detection_array__rosidl_typesupport_fastrtps_c.h\n'}
[214.061936] (vision_msgs) StdoutLine: {'line': b'-- Installing: /home/robot/robot_ws/install/vision_msgs/include/vision_msgs/vision_msgs/msg/detail/ai_status__rosidl_typesupport_fastrtps_c.h\n'}
[214.065299] (vision_msgs) StdoutLine: {'line': b'-- Installing: /home/robot/robot_ws/install/vision_msgs/lib/libvision_msgs__rosidl_typesupport_fastrtps_c.so\n'}
[214.068304] (vision_msgs) StdoutLine: {'line': b'-- Set runtime path of "/home/robot/robot_ws/install/vision_msgs/lib/libvision_msgs__rosidl_typesupport_fastrtps_c.so" to ""\n'}
[214.069362] (vision_msgs) StdoutLine: {'line': b'-- Up-to-date: /home/robot/robot_ws/install/vision_msgs/include/vision_msgs/vision_msgs\n'}
[214.070146] (vision_msgs) StdoutLine: {'line': b'-- Up-to-date: /home/robot/robot_ws/install/vision_msgs/include/vision_msgs/vision_msgs/msg\n'}
[214.070598] (vision_msgs) StdoutLine: {'line': b'-- Up-to-date: /home/robot/robot_ws/install/vision_msgs/include/vision_msgs/vision_msgs/msg/detail\n'}
[214.070981] (vision_msgs) StdoutLine: {'line': b'-- Installing: /home/robot/robot_ws/install/vision_msgs/include/vision_msgs/vision_msgs/msg/detail/detection__rosidl_typesupport_introspection_c.h\n'}
[214.071727] (vision_msgs) StdoutLine: {'line': b'-- Installing: /home/robot/robot_ws/install/vision_msgs/include/vision_msgs/vision_msgs/msg/detail/ai_status__rosidl_typesupport_introspection_c.h\n'}
[214.072727] (vision_msgs) StdoutLine: {'line': b'-- Installing: /home/robot/robot_ws/install/vision_msgs/include/vision_msgs/vision_msgs/msg/detail/detection__type_support.c\n'}
[214.074729] (vision_msgs) StdoutLine: {'line': b'-- Installing: /home/robot/robot_ws/install/vision_msgs/include/vision_msgs/vision_msgs/msg/detail/ai_status__type_support.c\n'}
[214.076222] (vision_msgs) StdoutLine: {'line': b'-- Installing: /home/robot/robot_ws/install/vision_msgs/include/vision_msgs/vision_msgs/msg/detail/detection_array__rosidl_typesupport_introspection_c.h\n'}
[214.077970] (vision_msgs) StdoutLine: {'line': b'-- Installing: /home/robot/robot_ws/install/vision_msgs/include/vision_msgs/vision_msgs/msg/detail/detection_array__type_support.c\n'}
[214.079582] (vision_msgs) StdoutLine: {'line': b'-- Installing: /home/robot/robot_ws/install/vision_msgs/include/vision_msgs/vision_msgs/msg/rosidl_typesupport_introspection_c__visibility_control.h\n'}
[214.081515] (vision_msgs) StdoutLine: {'line': b'-- Installing: /home/robot/robot_ws/install/vision_msgs/lib/libvision_msgs__rosidl_typesupport_introspection_c.so\n'}
[214.086391] (vision_msgs) StdoutLine: {'line': b'-- Set runtime path of "/home/robot/robot_ws/install/vision_msgs/lib/libvision_msgs__rosidl_typesupport_introspection_c.so" to ""\n'}
[214.088713] (vision_msgs) StdoutLine: {'line': b'-- Installing: /home/robot/robot_ws/install/vision_msgs/lib/libvision_msgs__rosidl_typesupport_c.so\n'}
[214.091137] (vision_msgs) StdoutLine: {'line': b'-- Set runtime path of "/home/robot/robot_ws/install/vision_msgs/lib/libvision_msgs__rosidl_typesupport_c.so" to ""\n'}
[214.092195] (vision_msgs) StdoutLine: {'line': b'-- Up-to-date: /home/robot/robot_ws/install/vision_msgs/include/vision_msgs/vision_msgs\n'}
[214.092910] (vision_msgs) StdoutLine: {'line': b'-- Up-to-date: /home/robot/robot_ws/install/vision_msgs/include/vision_msgs/vision_msgs/msg\n'}
[214.096746] (vision_msgs) StdoutLine: {'line': b'-- Installing: /home/robot/robot_ws/install/vision_msgs/include/vision_msgs/vision_msgs/msg/detection_array.hpp\n'}
[214.098195] (vision_msgs) StdoutLine: {'line': b'-- Installing: /home/robot/robot_ws/install/vision_msgs/include/vision_msgs/vision_msgs/msg/ai_status.hpp\n'}
[214.099074] (vision_msgs) StdoutLine: {'line': b'-- Up-to-date: /home/robot/robot_ws/install/vision_msgs/include/vision_msgs/vision_msgs/msg/detail\n'}
[214.101092] (vision_msgs) StdoutLine: {'line': b'-- Installing: /home/robot/robot_ws/install/vision_msgs/include/vision_msgs/vision_msgs/msg/detail/detection__struct.hpp\n'}
[214.102019] (vision_msgs) StdoutLine: {'line': b'-- Installing: /home/robot/robot_ws/install/vision_msgs/include/vision_msgs/vision_msgs/msg/detail/ai_status__traits.hpp\n'}
[214.102503] (vision_msgs) StdoutLine: {'line': b'-- Installing: /home/robot/robot_ws/install/vision_msgs/include/vision_msgs/vision_msgs/msg/detail/detection_array__type_support.hpp\n'}
[214.110591] (vision_msgs) StdoutLine: {'line': b'-- Installing: /home/robot/robot_ws/install/vision_msgs/include/vision_msgs/vision_msgs/msg/detail/detection_array__builder.hpp\n'}
[214.111564] (vision_msgs) StdoutLine: {'line': b'-- Installing: /home/robot/robot_ws/install/vision_msgs/include/vision_msgs/vision_msgs/msg/detail/detection__traits.hpp\n'}
[214.112622] (vision_msgs) StdoutLine: {'line': b'-- Installing: /home/robot/robot_ws/install/vision_msgs/include/vision_msgs/vision_msgs/msg/detail/detection_array__struct.hpp\n'}
[214.113431] (-) TimerEvent: {}
[214.114723] (vision_msgs) StdoutLine: {'line': b'-- Installing: /home/robot/robot_ws/install/vision_msgs/include/vision_msgs/vision_msgs/msg/detail/ai_status__type_support.hpp\n'}
[214.115535] (vision_msgs) StdoutLine: {'line': b'-- Installing: /home/robot/robot_ws/install/vision_msgs/include/vision_msgs/vision_msgs/msg/detail/detection__type_support.hpp\n'}
[214.116984] (vision_msgs) StdoutLine: {'line': b'-- Installing: /home/robot/robot_ws/install/vision_msgs/include/vision_msgs/vision_msgs/msg/detail/detection_array__traits.hpp\n'}
[214.134608] (vision_msgs) StdoutLine: {'line': b'-- Installing: /home/robot/robot_ws/install/vision_msgs/include/vision_msgs/vision_msgs/msg/detail/ai_status__builder.hpp\n'}
[214.136024] (vision_msgs) StdoutLine: {'line': b'-- Installing: /home/robot/robot_ws/install/vision_msgs/include/vision_msgs/vision_msgs/msg/detail/detection__builder.hpp\n'}
[214.137538] (vision_msgs) StdoutLine: {'line': b'-- Installing: /home/robot/robot_ws/install/vision_msgs/include/vision_msgs/vision_msgs/msg/detail/ai_status__struct.hpp\n'}
[214.139062] (vision_msgs) StdoutLine: {'line': b'-- Installing: /home/robot/robot_ws/install/vision_msgs/include/vision_msgs/vision_msgs/msg/rosidl_generator_cpp__visibility_control.hpp\n'}
[214.140895] (vision_msgs) StdoutLine: {'line': b'-- Installing: /home/robot/robot_ws/install/vision_msgs/include/vision_msgs/vision_msgs/msg/detection.hpp\n'}
[214.155047] (vision_msgs) StdoutLine: {'line': b'-- Up-to-date: /home/robot/robot_ws/install/vision_msgs/include/vision_msgs/vision_msgs\n'}
[214.157532] (vision_msgs) StdoutLine: {'line': b'-- Up-to-date: /home/robot/robot_ws/install/vision_msgs/include/vision_msgs/vision_msgs/msg\n'}
[214.161765] (vision_msgs) StdoutLine: {'line': b'-- Installing: /home/robot/robot_ws/install/vision_msgs/include/vision_msgs/vision_msgs/msg/rosidl_typesupport_fastrtps_cpp__visibility_control.h\n'}
[214.164874] (vision_msgs) StdoutLine: {'line': b'-- Up-to-date: /home/robot/robot_ws/install/vision_msgs/include/vision_msgs/vision_msgs/msg/detail\n'}
[214.166458] (vision_msgs) StdoutLine: {'line': b'-- Installing: /home/robot/robot_ws/install/vision_msgs/include/vision_msgs/vision_msgs/msg/detail/dds_fastrtps\n'}
[214.167424] (vision_msgs) StdoutLine: {'line': b'-- Installing: /home/robot/robot_ws/install/vision_msgs/include/vision_msgs/vision_msgs/msg/detail/detection__rosidl_typesupport_fastrtps_cpp.hpp\n'}
[214.169234] (vision_msgs) StdoutLine: {'line': b'-- Installing: /home/robot/robot_ws/install/vision_msgs/include/vision_msgs/vision_msgs/msg/detail/detection_array__rosidl_typesupport_fastrtps_cpp.hpp\n'}
[214.170723] (vision_msgs) StdoutLine: {'line': b'-- Installing: /home/robot/robot_ws/install/vision_msgs/include/vision_msgs/vision_msgs/msg/detail/ai_status__rosidl_typesupport_fastrtps_cpp.hpp\n'}
[214.172612] (vision_msgs) StdoutLine: {'line': b'-- Installing: /home/robot/robot_ws/install/vision_msgs/lib/libvision_msgs__rosidl_typesupport_fastrtps_cpp.so\n'}
[214.192840] (vision_msgs) StdoutLine: {'line': b'-- Set runtime path of "/home/robot/robot_ws/install/vision_msgs/lib/libvision_msgs__rosidl_typesupport_fastrtps_cpp.so" to ""\n'}
[214.194377] (vision_msgs) StdoutLine: {'line': b'-- Up-to-date: /home/robot/robot_ws/install/vision_msgs/include/vision_msgs/vision_msgs\n'}
[214.195193] (vision_msgs) StdoutLine: {'line': b'-- Up-to-date: /home/robot/robot_ws/install/vision_msgs/include/vision_msgs/vision_msgs/msg\n'}
[214.195777] (vision_msgs) StdoutLine: {'line': b'-- Up-to-date: /home/robot/robot_ws/install/vision_msgs/include/vision_msgs/vision_msgs/msg/detail\n'}
[214.196261] (vision_msgs) StdoutLine: {'line': b'-- Installing: /home/robot/robot_ws/install/vision_msgs/include/vision_msgs/vision_msgs/msg/detail/detection_array__type_support.cpp\n'}
[214.209459] (vision_msgs) StdoutLine: {'line': b'-- Installing: /home/robot/robot_ws/install/vision_msgs/include/vision_msgs/vision_msgs/msg/detail/detection__type_support.cpp\n'}
[214.211086] (vision_msgs) StdoutLine: {'line': b'-- Installing: /home/robot/robot_ws/install/vision_msgs/include/vision_msgs/vision_msgs/msg/detail/ai_status__type_support.cpp\n'}
[214.213334] (vision_msgs) StdoutLine: {'line': b'-- Installing: /home/robot/robot_ws/install/vision_msgs/include/vision_msgs/vision_msgs/msg/detail/ai_status__rosidl_typesupport_introspection_cpp.hpp\n'}
[214.214028] (-) TimerEvent: {}
[214.216900] (vision_msgs) StdoutLine: {'line': b'-- Installing: /home/robot/robot_ws/install/vision_msgs/include/vision_msgs/vision_msgs/msg/detail/detection__rosidl_typesupport_introspection_cpp.hpp\n'}
[214.217765] (vision_msgs) StdoutLine: {'line': b'-- Installing: /home/robot/robot_ws/install/vision_msgs/include/vision_msgs/vision_msgs/msg/detail/detection_array__rosidl_typesupport_introspection_cpp.hpp\n'}
[214.220147] (vision_msgs) StdoutLine: {'line': b'-- Installing: /home/robot/robot_ws/install/vision_msgs/lib/libvision_msgs__rosidl_typesupport_introspection_cpp.so\n'}
[214.242070] (vision_msgs) StdoutLine: {'line': b'-- Set runtime path of "/home/robot/robot_ws/install/vision_msgs/lib/libvision_msgs__rosidl_typesupport_introspection_cpp.so" to ""\n'}
[214.242977] (vision_msgs) StdoutLine: {'line': b'-- Installing: /home/robot/robot_ws/install/vision_msgs/lib/libvision_msgs__rosidl_typesupport_cpp.so\n'}
[214.252289] (vision_msgs) StdoutLine: {'line': b'-- Set runtime path of "/home/robot/robot_ws/install/vision_msgs/lib/libvision_msgs__rosidl_typesupport_cpp.so" to ""\n'}
[214.253314] (vision_msgs) StdoutLine: {'line': b'-- Installing: /home/robot/robot_ws/install/vision_msgs/share/vision_msgs/environment/pythonpath.sh\n'}
[214.255489] (vision_msgs) StdoutLine: {'line': b'-- Installing: /home/robot/robot_ws/install/vision_msgs/share/vision_msgs/environment/pythonpath.dsv\n'}
[214.256338] (vision_msgs) StdoutLine: {'line': b'-- Installing: /home/robot/robot_ws/install/vision_msgs/local/lib/python3.10/dist-packages/vision_msgs-1.0.0-py3.10.egg-info\n'}
[214.262669] (vision_msgs) StdoutLine: {'line': b'-- Installing: /home/robot/robot_ws/install/vision_msgs/local/lib/python3.10/dist-packages/vision_msgs-1.0.0-py3.10.egg-info/PKG-INFO\n'}
[214.265605] (vision_msgs) StdoutLine: {'line': b'-- Installing: /home/robot/robot_ws/install/vision_msgs/local/lib/python3.10/dist-packages/vision_msgs-1.0.0-py3.10.egg-info/top_level.txt\n'}
[214.266225] (vision_msgs) StdoutLine: {'line': b'-- Installing: /home/robot/robot_ws/install/vision_msgs/local/lib/python3.10/dist-packages/vision_msgs-1.0.0-py3.10.egg-info/SOURCES.txt\n'}
[214.266955] (vision_msgs) StdoutLine: {'line': b'-- Installing: /home/robot/robot_ws/install/vision_msgs/local/lib/python3.10/dist-packages/vision_msgs-1.0.0-py3.10.egg-info/dependency_links.txt\n'}
[214.268566] (vision_msgs) StdoutLine: {'line': b'-- Installing: /home/robot/robot_ws/install/vision_msgs/local/lib/python3.10/dist-packages/vision_msgs\n'}
[214.269520] (vision_msgs) StdoutLine: {'line': b'-- Installing: /home/robot/robot_ws/install/vision_msgs/local/lib/python3.10/dist-packages/vision_msgs/__init__.py\n'}
[214.270853] (vision_msgs) StdoutLine: {'line': b'-- Installing: /home/robot/robot_ws/install/vision_msgs/local/lib/python3.10/dist-packages/vision_msgs/vision_msgs_s__rosidl_typesupport_fastrtps_c.cpython-310-aarch64-linux-gnu.so\n'}
[214.272708] (vision_msgs) StdoutLine: {'line': b'-- Installing: /home/robot/robot_ws/install/vision_msgs/local/lib/python3.10/dist-packages/vision_msgs/vision_msgs_s__rosidl_typesupport_c.cpython-310-aarch64-linux-gnu.so\n'}
[214.274785] (vision_msgs) StdoutLine: {'line': b'-- Installing: /home/robot/robot_ws/install/vision_msgs/local/lib/python3.10/dist-packages/vision_msgs/_vision_msgs_s.ep.rosidl_typesupport_fastrtps_c.c\n'}
[214.276497] (vision_msgs) StdoutLine: {'line': b'-- Installing: /home/robot/robot_ws/install/vision_msgs/local/lib/python3.10/dist-packages/vision_msgs/libvision_msgs__rosidl_generator_py.so\n'}
[214.278306] (vision_msgs) StdoutLine: {'line': b'-- Installing: /home/robot/robot_ws/install/vision_msgs/local/lib/python3.10/dist-packages/vision_msgs/_vision_msgs_s.ep.rosidl_typesupport_introspection_c.c\n'}
[214.279954] (vision_msgs) StdoutLine: {'line': b'-- Installing: /home/robot/robot_ws/install/vision_msgs/local/lib/python3.10/dist-packages/vision_msgs/msg\n'}
[214.280773] (vision_msgs) StdoutLine: {'line': b'-- Installing: /home/robot/robot_ws/install/vision_msgs/local/lib/python3.10/dist-packages/vision_msgs/msg/__init__.py\n'}
[214.282274] (vision_msgs) StdoutLine: {'line': b'-- Installing: /home/robot/robot_ws/install/vision_msgs/local/lib/python3.10/dist-packages/vision_msgs/msg/_detection_array_s.c\n'}
[214.283707] (vision_msgs) StdoutLine: {'line': b'-- Installing: /home/robot/robot_ws/install/vision_msgs/local/lib/python3.10/dist-packages/vision_msgs/msg/_ai_status.py\n'}
[214.285351] (vision_msgs) StdoutLine: {'line': b'-- Installing: /home/robot/robot_ws/install/vision_msgs/local/lib/python3.10/dist-packages/vision_msgs/msg/_detection_array.py\n'}
[214.286719] (vision_msgs) StdoutLine: {'line': b'-- Installing: /home/robot/robot_ws/install/vision_msgs/local/lib/python3.10/dist-packages/vision_msgs/msg/_ai_status_s.c\n'}
[214.288216] (vision_msgs) StdoutLine: {'line': b'-- Installing: /home/robot/robot_ws/install/vision_msgs/local/lib/python3.10/dist-packages/vision_msgs/msg/_detection.py\n'}
[214.289911] (vision_msgs) StdoutLine: {'line': b'-- Installing: /home/robot/robot_ws/install/vision_msgs/local/lib/python3.10/dist-packages/vision_msgs/msg/_detection_s.c\n'}
[214.292587] (vision_msgs) StdoutLine: {'line': b'-- Installing: /home/robot/robot_ws/install/vision_msgs/local/lib/python3.10/dist-packages/vision_msgs/vision_msgs_s__rosidl_typesupport_introspection_c.cpython-310-aarch64-linux-gnu.so\n'}
[214.293640] (vision_msgs) StdoutLine: {'line': b'-- Installing: /home/robot/robot_ws/install/vision_msgs/local/lib/python3.10/dist-packages/vision_msgs/_vision_msgs_s.ep.rosidl_typesupport_c.c\n'}
[214.314262] (-) TimerEvent: {}
[214.418016] (-) TimerEvent: {}
[214.522592] (-) TimerEvent: {}
[214.623641] (-) TimerEvent: {}
[214.647332] (vision_msgs) StdoutLine: {'line': b"Listing '/home/robot/robot_ws/install/vision_msgs/local/lib/python3.10/dist-packages/vision_msgs'...\n"}
[214.648795] (vision_msgs) StdoutLine: {'line': b"Compiling '/home/robot/robot_ws/install/vision_msgs/local/lib/python3.10/dist-packages/vision_msgs/__init__.py'...\n"}
[214.650422] (vision_msgs) StdoutLine: {'line': b"Listing '/home/robot/robot_ws/install/vision_msgs/local/lib/python3.10/dist-packages/vision_msgs/msg'...\n"}
[214.651839] (vision_msgs) StdoutLine: {'line': b"Compiling '/home/robot/robot_ws/install/vision_msgs/local/lib/python3.10/dist-packages/vision_msgs/msg/__init__.py'...\n"}
[214.652983] (vision_msgs) StdoutLine: {'line': b"Compiling '/home/robot/robot_ws/install/vision_msgs/local/lib/python3.10/dist-packages/vision_msgs/msg/_ai_status.py'...\n"}
[214.666147] (vision_msgs) StdoutLine: {'line': b"Compiling '/home/robot/robot_ws/install/vision_msgs/local/lib/python3.10/dist-packages/vision_msgs/msg/_detection.py'...\n"}
[214.667029] (vision_msgs) StdoutLine: {'line': b"Compiling '/home/robot/robot_ws/install/vision_msgs/local/lib/python3.10/dist-packages/vision_msgs/msg/_detection_array.py'...\n"}
[214.682707] (vision_msgs) StdoutLine: {'line': b'-- Installing: /home/robot/robot_ws/install/vision_msgs/local/lib/python3.10/dist-packages/vision_msgs/vision_msgs_s__rosidl_typesupport_fastrtps_c.cpython-310-aarch64-linux-gnu.so\n'}
[214.686232] (vision_msgs) StdoutLine: {'line': b'-- Set runtime path of "/home/robot/robot_ws/install/vision_msgs/local/lib/python3.10/dist-packages/vision_msgs/vision_msgs_s__rosidl_typesupport_fastrtps_c.cpython-310-aarch64-linux-gnu.so" to ""\n'}
[214.688114] (vision_msgs) StdoutLine: {'line': b'-- Installing: /home/robot/robot_ws/install/vision_msgs/local/lib/python3.10/dist-packages/vision_msgs/vision_msgs_s__rosidl_typesupport_introspection_c.cpython-310-aarch64-linux-gnu.so\n'}
[214.692155] (vision_msgs) StdoutLine: {'line': b'-- Set runtime path of "/home/robot/robot_ws/install/vision_msgs/local/lib/python3.10/dist-packages/vision_msgs/vision_msgs_s__rosidl_typesupport_introspection_c.cpython-310-aarch64-linux-gnu.so" to ""\n'}
[214.694050] (vision_msgs) StdoutLine: {'line': b'-- Installing: /home/robot/robot_ws/install/vision_msgs/local/lib/python3.10/dist-packages/vision_msgs/vision_msgs_s__rosidl_typesupport_c.cpython-310-aarch64-linux-gnu.so\n'}
[214.697856] (vision_msgs) StdoutLine: {'line': b'-- Set runtime path of "/home/robot/robot_ws/install/vision_msgs/local/lib/python3.10/dist-packages/vision_msgs/vision_msgs_s__rosidl_typesupport_c.cpython-310-aarch64-linux-gnu.so" to ""\n'}
[214.699359] (vision_msgs) StdoutLine: {'line': b'-- Installing: /home/robot/robot_ws/install/vision_msgs/lib/libvision_msgs__rosidl_generator_py.so\n'}
[214.705458] (vision_msgs) StdoutLine: {'line': b'-- Set runtime path of "/home/robot/robot_ws/install/vision_msgs/lib/libvision_msgs__rosidl_generator_py.so" to ""\n'}
[214.706200] (vision_msgs) StdoutLine: {'line': b'-- Installing: /home/robot/robot_ws/install/vision_msgs/share/ament_index/resource_index/rust_packages/vision_msgs\n'}
[214.707551] (vision_msgs) StdoutLine: {'line': b'-- Installing: /home/robot/robot_ws/install/vision_msgs/share/vision_msgs/rust\n'}
[214.708493] (vision_msgs) StdoutLine: {'line': b'-- Installing: /home/robot/robot_ws/install/vision_msgs/share/vision_msgs/rust/src\n'}
[214.709172] (vision_msgs) StdoutLine: {'line': b'-- Installing: /home/robot/robot_ws/install/vision_msgs/share/vision_msgs/rust/src/msg.rs\n'}
[214.711036] (vision_msgs) StdoutLine: {'line': b'-- Installing: /home/robot/robot_ws/install/vision_msgs/share/vision_msgs/rust/src/msg\n'}
[214.713135] (vision_msgs) StdoutLine: {'line': b'-- Installing: /home/robot/robot_ws/install/vision_msgs/share/vision_msgs/rust/src/msg/rmw.rs\n'}
[214.714026] (vision_msgs) StdoutLine: {'line': b'-- Installing: /home/robot/robot_ws/install/vision_msgs/share/vision_msgs/rust/src/lib.rs\n'}
[214.714980] (vision_msgs) StdoutLine: {'line': b'-- Installing: /home/robot/robot_ws/install/vision_msgs/share/vision_msgs/rust/build.rs\n'}
[214.715561] (vision_msgs) StdoutLine: {'line': b'-- Installing: /home/robot/robot_ws/install/vision_msgs/share/vision_msgs/rust/Cargo.toml\n'}
[214.716514] (vision_msgs) StdoutLine: {'line': b'-- Installing: /home/robot/robot_ws/install/vision_msgs/share/vision_msgs/msg/Detection.idl\n'}
[214.717904] (vision_msgs) StdoutLine: {'line': b'-- Installing: /home/robot/robot_ws/install/vision_msgs/share/vision_msgs/msg/DetectionArray.idl\n'}
[214.719396] (vision_msgs) StdoutLine: {'line': b'-- Installing: /home/robot/robot_ws/install/vision_msgs/share/vision_msgs/msg/AIStatus.idl\n'}
[214.720898] (vision_msgs) StdoutLine: {'line': b'-- Installing: /home/robot/robot_ws/install/vision_msgs/share/vision_msgs/msg/Detection.msg\n'}
[214.722616] (vision_msgs) StdoutLine: {'line': b'-- Installing: /home/robot/robot_ws/install/vision_msgs/share/vision_msgs/msg/DetectionArray.msg\n'}
[214.723996] (-) TimerEvent: {}
[214.725718] (vision_msgs) StdoutLine: {'line': b'-- Installing: /home/robot/robot_ws/install/vision_msgs/share/vision_msgs/msg/AIStatus.msg\n'}
[214.726818] (vision_msgs) StdoutLine: {'line': b'-- Installing: /home/robot/robot_ws/install/vision_msgs/share/ament_index/resource_index/package_run_dependencies/vision_msgs\n'}
[214.728287] (vision_msgs) StdoutLine: {'line': b'-- Installing: /home/robot/robot_ws/install/vision_msgs/share/ament_index/resource_index/parent_prefix_path/vision_msgs\n'}
[214.730655] (vision_msgs) StdoutLine: {'line': b'-- Installing: /home/robot/robot_ws/install/vision_msgs/share/vision_msgs/environment/ament_prefix_path.sh\n'}
[214.732839] (vision_msgs) StdoutLine: {'line': b'-- Installing: /home/robot/robot_ws/install/vision_msgs/share/vision_msgs/environment/ament_prefix_path.dsv\n'}
[214.734212] (vision_msgs) StdoutLine: {'line': b'-- Installing: /home/robot/robot_ws/install/vision_msgs/share/vision_msgs/environment/path.sh\n'}
[214.735701] (vision_msgs) StdoutLine: {'line': b'-- Installing: /home/robot/robot_ws/install/vision_msgs/share/vision_msgs/environment/path.dsv\n'}
[214.737162] (vision_msgs) StdoutLine: {'line': b'-- Installing: /home/robot/robot_ws/install/vision_msgs/share/vision_msgs/local_setup.bash\n'}
[214.738650] (vision_msgs) StdoutLine: {'line': b'-- Installing: /home/robot/robot_ws/install/vision_msgs/share/vision_msgs/local_setup.sh\n'}
[214.740111] (vision_msgs) StdoutLine: {'line': b'-- Installing: /home/robot/robot_ws/install/vision_msgs/share/vision_msgs/local_setup.zsh\n'}
[214.741620] (vision_msgs) StdoutLine: {'line': b'-- Installing: /home/robot/robot_ws/install/vision_msgs/share/vision_msgs/local_setup.dsv\n'}
[214.743063] (vision_msgs) StdoutLine: {'line': b'-- Installing: /home/robot/robot_ws/install/vision_msgs/share/vision_msgs/package.dsv\n'}
[214.744925] (vision_msgs) StdoutLine: {'line': b'-- Installing: /home/robot/robot_ws/install/vision_msgs/share/ament_index/resource_index/packages/vision_msgs\n'}
[214.747348] (vision_msgs) StdoutLine: {'line': b'-- Installing: /home/robot/robot_ws/install/vision_msgs/share/vision_msgs/cmake/export_vision_msgs__rosidl_generator_cExport.cmake\n'}
[214.749166] (vision_msgs) StdoutLine: {'line': b'-- Installing: /home/robot/robot_ws/install/vision_msgs/share/vision_msgs/cmake/export_vision_msgs__rosidl_generator_cExport-noconfig.cmake\n'}
[214.751020] (vision_msgs) StdoutLine: {'line': b'-- Installing: /home/robot/robot_ws/install/vision_msgs/share/vision_msgs/cmake/export_vision_msgs__rosidl_typesupport_fastrtps_cExport.cmake\n'}
[214.752950] (vision_msgs) StdoutLine: {'line': b'-- Installing: /home/robot/robot_ws/install/vision_msgs/share/vision_msgs/cmake/export_vision_msgs__rosidl_typesupport_fastrtps_cExport-noconfig.cmake\n'}
[214.755223] (vision_msgs) StdoutLine: {'line': b'-- Installing: /home/robot/robot_ws/install/vision_msgs/share/vision_msgs/cmake/vision_msgs__rosidl_typesupport_introspection_cExport.cmake\n'}
[214.757089] (vision_msgs) StdoutLine: {'line': b'-- Installing: /home/robot/robot_ws/install/vision_msgs/share/vision_msgs/cmake/vision_msgs__rosidl_typesupport_introspection_cExport-noconfig.cmake\n'}
[214.759291] (vision_msgs) StdoutLine: {'line': b'-- Installing: /home/robot/robot_ws/install/vision_msgs/share/vision_msgs/cmake/vision_msgs__rosidl_typesupport_cExport.cmake\n'}
[214.762545] (vision_msgs) StdoutLine: {'line': b'-- Installing: /home/robot/robot_ws/install/vision_msgs/share/vision_msgs/cmake/vision_msgs__rosidl_typesupport_cExport-noconfig.cmake\n'}
[214.763728] (vision_msgs) StdoutLine: {'line': b'-- Installing: /home/robot/robot_ws/install/vision_msgs/share/vision_msgs/cmake/export_vision_msgs__rosidl_generator_cppExport.cmake\n'}
[214.765845] (vision_msgs) StdoutLine: {'line': b'-- Installing: /home/robot/robot_ws/install/vision_msgs/share/vision_msgs/cmake/export_vision_msgs__rosidl_typesupport_fastrtps_cppExport.cmake\n'}
[214.767902] (vision_msgs) StdoutLine: {'line': b'-- Installing: /home/robot/robot_ws/install/vision_msgs/share/vision_msgs/cmake/export_vision_msgs__rosidl_typesupport_fastrtps_cppExport-noconfig.cmake\n'}
[214.769886] (vision_msgs) StdoutLine: {'line': b'-- Installing: /home/robot/robot_ws/install/vision_msgs/share/vision_msgs/cmake/vision_msgs__rosidl_typesupport_introspection_cppExport.cmake\n'}
[214.771814] (vision_msgs) StdoutLine: {'line': b'-- Installing: /home/robot/robot_ws/install/vision_msgs/share/vision_msgs/cmake/vision_msgs__rosidl_typesupport_introspection_cppExport-noconfig.cmake\n'}
[214.786882] (vision_msgs) StdoutLine: {'line': b'-- Installing: /home/robot/robot_ws/install/vision_msgs/share/vision_msgs/cmake/vision_msgs__rosidl_typesupport_cppExport.cmake\n'}
[214.787635] (vision_msgs) StdoutLine: {'line': b'-- Installing: /home/robot/robot_ws/install/vision_msgs/share/vision_msgs/cmake/vision_msgs__rosidl_typesupport_cppExport-noconfig.cmake\n'}
[214.788244] (vision_msgs) StdoutLine: {'line': b'-- Installing: /home/robot/robot_ws/install/vision_msgs/share/vision_msgs/cmake/export_vision_msgs__rosidl_generator_pyExport.cmake\n'}
[214.791246] (vision_msgs) StdoutLine: {'line': b'-- Installing: /home/robot/robot_ws/install/vision_msgs/share/vision_msgs/cmake/export_vision_msgs__rosidl_generator_pyExport-noconfig.cmake\n'}
[214.791886] (vision_msgs) StdoutLine: {'line': b'-- Installing: /home/robot/robot_ws/install/vision_msgs/share/vision_msgs/cmake/rosidl_cmake-extras.cmake\n'}
[214.794914] (vision_msgs) StdoutLine: {'line': b'-- Installing: /home/robot/robot_ws/install/vision_msgs/share/vision_msgs/cmake/ament_cmake_export_dependencies-extras.cmake\n'}
[214.797217] (vision_msgs) StdoutLine: {'line': b'-- Installing: /home/robot/robot_ws/install/vision_msgs/share/vision_msgs/cmake/ament_cmake_export_include_directories-extras.cmake\n'}
[214.798257] (vision_msgs) StdoutLine: {'line': b'-- Installing: /home/robot/robot_ws/install/vision_msgs/share/vision_msgs/cmake/ament_cmake_export_libraries-extras.cmake\n'}
[214.800257] (vision_msgs) StdoutLine: {'line': b'-- Installing: /home/robot/robot_ws/install/vision_msgs/share/vision_msgs/cmake/ament_cmake_export_targets-extras.cmake\n'}
[214.801250] (vision_msgs) StdoutLine: {'line': b'-- Installing: /home/robot/robot_ws/install/vision_msgs/share/vision_msgs/cmake/rosidl_cmake_export_typesupport_targets-extras.cmake\n'}
[214.802784] (vision_msgs) StdoutLine: {'line': b'-- Installing: /home/robot/robot_ws/install/vision_msgs/share/vision_msgs/cmake/rosidl_cmake_export_typesupport_libraries-extras.cmake\n'}
[214.803640] (vision_msgs) StdoutLine: {'line': b'-- Installing: /home/robot/robot_ws/install/vision_msgs/share/vision_msgs/cmake/rosidl_cmake_aggregate_target-extras.cmake\n'}
[214.804434] (vision_msgs) StdoutLine: {'line': b'-- Installing: /home/robot/robot_ws/install/vision_msgs/share/vision_msgs/cmake/vision_msgsConfig.cmake\n'}
[214.805900] (vision_msgs) StdoutLine: {'line': b'-- Installing: /home/robot/robot_ws/install/vision_msgs/share/vision_msgs/cmake/vision_msgsConfig-version.cmake\n'}
[214.806931] (vision_msgs) StdoutLine: {'line': b'-- Installing: /home/robot/robot_ws/install/vision_msgs/share/vision_msgs/package.xml\n'}
[214.811206] (vision_msgs) CommandEnded: {'returncode': 0}
[214.824164] (-) TimerEvent: {}
[214.927852] (-) TimerEvent: {}
[215.031875] (-) TimerEvent: {}
[215.132640] (-) TimerEvent: {}
[215.233498] (-) TimerEvent: {}
[215.334346] (-) TimerEvent: {}
[215.435125] (-) TimerEvent: {}
[215.535949] (-) TimerEvent: {}
[215.636789] (-) TimerEvent: {}
[215.737740] (-) TimerEvent: {}
[215.838545] (-) TimerEvent: {}
[215.939434] (-) TimerEvent: {}
[216.040481] (-) TimerEvent: {}
[216.141360] (-) TimerEvent: {}
[216.242156] (-) TimerEvent: {}
[216.342990] (-) TimerEvent: {}
[216.443810] (-) TimerEvent: {}
[216.544813] (-) TimerEvent: {}
[216.645659] (-) TimerEvent: {}
[216.746937] (-) TimerEvent: {}
[216.848218] (-) TimerEvent: {}
[216.949135] (-) TimerEvent: {}
[217.050048] (-) TimerEvent: {}
[217.150845] (-) TimerEvent: {}
[217.251849] (-) TimerEvent: {}
[217.353248] (-) TimerEvent: {}
[217.389401] (vision_msgs) JobEnded: {'identifier': 'vision_msgs', 'rc': 0}
[217.394207] (robot_ai) JobStarted: {'identifier': 'robot_ai'}
[217.453462] (-) TimerEvent: {}
[217.513345] (vision_ai_node) JobStarted: {'identifier': 'vision_ai_node'}
[217.557193] (-) TimerEvent: {}
[217.658144] (-) TimerEvent: {}
[221.464790] (-) TimerEvent: {}
[221.566789] (-) TimerEvent: {}
[221.668234] (-) TimerEvent: {}
[221.769431] (-) TimerEvent: {}
[221.871038] (-) TimerEvent: {}
[221.973131] (-) TimerEvent: {}
[222.080905] (-) TimerEvent: {}
[222.182356] (-) TimerEvent: {}
[222.283150] (-) TimerEvent: {}
[222.383990] (-) TimerEvent: {}
[222.484932] (-) TimerEvent: {}
[222.586768] (-) TimerEvent: {}
[222.689613] (-) TimerEvent: {}
[222.790497] (-) TimerEvent: {}
[222.891465] (-) TimerEvent: {}
[222.992503] (-) TimerEvent: {}
[223.093613] (-) TimerEvent: {}
[223.195302] (-) TimerEvent: {}
[223.298520] (-) TimerEvent: {}
[223.406233] (-) TimerEvent: {}
[223.507968] (-) TimerEvent: {}
[223.608904] (-) TimerEvent: {}
[223.710535] (-) TimerEvent: {}
[223.811436] (-) TimerEvent: {}
[223.912346] (-) TimerEvent: {}
[224.013202] (-) TimerEvent: {}
[224.114069] (-) TimerEvent: {}
[224.214840] (-) TimerEvent: {}
[224.315688] (-) TimerEvent: {}
[224.416680] (-) TimerEvent: {}
[224.517709] (-) TimerEvent: {}
[224.618641] (-) TimerEvent: {}
[224.719584] (-) TimerEvent: {}
[224.820489] (-) TimerEvent: {}
[224.921824] (-) TimerEvent: {}
[225.023539] (-) TimerEvent: {}
[225.125116] (-) TimerEvent: {}
[225.228469] (-) TimerEvent: {}
[225.330353] (-) TimerEvent: {}
[225.432275] (-) TimerEvent: {}
[225.535417] (-) TimerEvent: {}
[225.636502] (-) TimerEvent: {}
[225.738131] (-) TimerEvent: {}
[225.839541] (-) TimerEvent: {}
[225.941299] (-) TimerEvent: {}
[226.043245] (-) TimerEvent: {}
[226.145149] (-) TimerEvent: {}
[226.246131] (-) TimerEvent: {}
[226.347147] (-) TimerEvent: {}
[226.448160] (-) TimerEvent: {}
[226.549232] (-) TimerEvent: {}
[226.650226] (-) TimerEvent: {}
[226.751186] (-) TimerEvent: {}
[226.852214] (-) TimerEvent: {}
[226.953211] (-) TimerEvent: {}
[227.054117] (-) TimerEvent: {}
[227.155019] (-) TimerEvent: {}
[227.255974] (-) TimerEvent: {}
[227.356947] (-) TimerEvent: {}
[227.458344] (-) TimerEvent: {}
[227.565255] (-) TimerEvent: {}
[227.667042] (-) TimerEvent: {}
[228.186616] (robot_ai) Command: {'cmd': ['/usr/bin/python3', '-W', 'ignore:setup.py install is deprecated', '-W', 'ignore:easy_install command is deprecated', 'setup.py', 'egg_info', '--egg-base', '../../build/robot_ai', 'build', '--build-base', '/home/robot/robot_ws/build/robot_ai/build', 'install', '--record', '/home/robot/robot_ws/build/robot_ai/install.log', '--install-scripts', '$base/lib/robot_ai', '--single-version-externally-managed', 'install_data'], 'cwd': '/home/robot/robot_ws/src/robot_ai', 'env': {'LESSOPEN': '| /usr/bin/lesspipe %s', 'USER': 'robot', 'SSH_CLIENT': '192.168.1.88 62124 22', 'XDG_SESSION_TYPE': 'tty', 'GIT_ASKPASS': '/home/robot/.vscode-server/cli/servers/Stable-1b6a188127eeaf9194f945eb6eb89a657e93c54c/server/extensions/git/dist/askpass.sh', 'SHLVL': '1', 'LD_LIBRARY_PATH': '/home/robot/robot_ws/install/vision_msgs/lib:/opt/ros/humble/opt/rviz_ogre_vendor/lib:/opt/ros/humble/lib/aarch64-linux-gnu:/opt/ros/humble/lib', 'BROWSER': '/home/robot/.vscode-server/cli/servers/Stable-1b6a188127eeaf9194f945eb6eb89a657e93c54c/server/bin/helpers/browser.sh', 'MOTD_SHOWN': 'pam', 'HOME': '/home/robot', 'OLDPWD': '/home/robot/robot_ws', 'TERM_PROGRAM_VERSION': '1.130.0', 'VSCODE_IPC_HOOK_CLI': '/run/user/1000/vscode-ipc-590b6df8-ecea-44ec-b569-7876fc689e68.sock', 'ROS_PYTHON_VERSION': '3', 'VSCODE_GIT_ASKPASS_MAIN': '/home/robot/.vscode-server/cli/servers/Stable-1b6a188127eeaf9194f945eb6eb89a657e93c54c/server/extensions/git/dist/askpass-main.js', 'VSCODE_GIT_ASKPASS_NODE': '/home/robot/.vscode-server/cli/servers/Stable-1b6a188127eeaf9194f945eb6eb89a657e93c54c/server/node', 'VSCODE_PYTHON_AUTOACTIVATE_GUARD': '1', 'DBUS_SESSION_BUS_ADDRESS': 'unix:path=/run/user/1000/bus', 'COLORTERM': 'truecolor', 'COLCON_PREFIX_PATH': '/home/robot/robot_ws/install', 'ROS_DISTRO': 'humble', 'LOGNAME': 'robot', '_': '/usr/bin/colcon', 'ROS_VERSION': '2', 'XDG_SESSION_CLASS': 'user', 'TERM': 'xterm-256color', 'XDG_SESSION_ID': '3', 'ROS_LOCALHOST_ONLY': '0', 'PATH': '/home/robot/.vscode-server/data/User/globalStorage/github.copilot-chat/debugCommand:/home/robot/.vscode-server/data/User/globalStorage/github.copilot-chat/copilotCli:/home/robot/.vscode-server/cli/servers/Stable-1b6a188127eeaf9194f945eb6eb89a657e93c54c/server/bin/remote-cli:/home/robot/.local/bin:/home/robot/robot_ws/install/esp32_ros2_bridge/bin:/opt/ros/humble/bin:/usr/local/sbin:/usr/local/bin:/usr/sbin:/usr/bin:/sbin:/bin:/usr/games:/usr/local/games:/snap/bin', 'XDG_RUNTIME_DIR': '/run/user/1000', 'LANG': 'en_US.UTF-8', 'LS_COLORS': 'rs=0:di=01;34:ln=01;36:mh=00:pi=40;33:so=01;35:do=01;35:bd=40;33;01:cd=40;33;01:or=40;31;01:mi=00:su=37;41:sg=30;43:ca=30;41:tw=30;42:ow=34;42:st=37;44:ex=01;32:*.tar=01;31:*.tgz=01;31:*.arc=01;31:*.arj=01;31:*.taz=01;31:*.lha=01;31:*.lz4=01;31:*.lzh=01;31:*.lzma=01;31:*.tlz=01;31:*.txz=01;31:*.tzo=01;31:*.t7z=01;31:*.zip=01;31:*.z=01;31:*.dz=01;31:*.gz=01;31:*.lrz=01;31:*.lz=01;31:*.lzo=01;31:*.xz=01;31:*.zst=01;31:*.tzst=01;31:*.bz2=01;31:*.bz=01;31:*.tbz=01;31:*.tbz2=01;31:*.tz=01;31:*.deb=01;31:*.rpm=01;31:*.jar=01;31:*.war=01;31:*.ear=01;31:*.sar=01;31:*.rar=01;31:*.alz=01;31:*.ace=01;31:*.zoo=01;31:*.cpio=01;31:*.7z=01;31:*.rz=01;31:*.cab=01;31:*.wim=01;31:*.swm=01;31:*.dwm=01;31:*.esd=01;31:*.jpg=01;35:*.jpeg=01;35:*.mjpg=01;35:*.mjpeg=01;35:*.gif=01;35:*.bmp=01;35:*.pbm=01;35:*.pgm=01;35:*.ppm=01;35:*.tga=01;35:*.xbm=01;35:*.xpm=01;35:*.tif=01;35:*.tiff=01;35:*.png=01;35:*.svg=01;35:*.svgz=01;35:*.mng=01;35:*.pcx=01;35:*.mov=01;35:*.mpg=01;35:*.mpeg=01;35:*.m2v=01;35:*.mkv=01;35:*.webm=01;35:*.webp=01;35:*.ogm=01;35:*.mp4=01;35:*.m4v=01;35:*.mp4v=01;35:*.vob=01;35:*.qt=01;35:*.nuv=01;35:*.wmv=01;35:*.asf=01;35:*.rm=01;35:*.rmvb=01;35:*.flc=01;35:*.avi=01;35:*.fli=01;35:*.flv=01;35:*.gl=01;35:*.dl=01;35:*.xcf=01;35:*.xwd=01;35:*.yuv=01;35:*.cgm=01;35:*.emf=01;35:*.ogv=01;35:*.ogx=01;35:*.aac=00;36:*.au=00;36:*.flac=00;36:*.m4a=00;36:*.mid=00;36:*.midi=00;36:*.mka=00;36:*.mp3=00;36:*.mpc=00;36:*.ogg=00;36:*.ra=00;36:*.wav=00;36:*.oga=00;36:*.opus=00;36:*.spx=00;36:*.xspf=00;36:', 'VSCODE_GIT_IPC_HANDLE': '/run/user/1000/vscode-git-7db71fe166.sock', 'TERM_PROGRAM': 'vscode', 'AMENT_PREFIX_PATH': '/home/robot/robot_ws/install/vision_ai_node:/home/robot/robot_ws/install/robot_ai:/home/robot/robot_ws/install/vision_msgs:/home/robot/robot_ws/install/robot_bringup:/home/robot/robot_ws/install/sllidar_ros2:/home/robot/robot_ws/install/robot_serial:/home/robot/robot_ws/install/robot_description:/home/robot/robot_ws/install/robot_camera:/home/robot/robot_ws/install/esp32_ros2_bridge:/home/robot/robot_ws/install/camera_node:/opt/ros/humble', 'SHELL': '/bin/bash', 'LESSCLOSE': '/usr/bin/lesspipe %s %s', 'VSCODE_GIT_ASKPASS_EXTRA_ARGS': '', 'PWD': '/home/robot/robot_ws/build/robot_ai', 'LC_ALL': 'en_US.UTF-8', 'COPILOT_DEBUG_NONCE': 'cb1825ebc9d7300a5c5f8b48b9d9b175', 'SSH_CONNECTION': '192.168.1.88 62124 192.168.1.253 22', 'XDG_DATA_DIRS': '/usr/local/share:/usr/share:/var/lib/snapd/desktop', 'PYTHONPATH': '/home/robot/robot_ws/build/robot_ai/prefix_override:/usr/lib/python3/dist-packages/colcon_core/task/python/colcon_distutils_commands:/home/robot/robot_ws/install/robot_ai/lib/python3.10/site-packages:/home/robot/robot_ws/install/vision_ai_node/lib/python3.10/site-packages:/home/robot/robot_ws/install/robot_ai/lib/python3.10/site-packages:/home/robot/robot_ws/install/vision_msgs/local/lib/python3.10/dist-packages:/home/robot/robot_ws/install/robot_serial/lib/python3.10/site-packages:/home/robot/robot_ws/build/robot_camera:/home/robot/robot_ws/install/robot_camera/lib/python3.10/site-packages:/home/robot/robot_ws/build/esp32_ros2_bridge:/home/robot/robot_ws/install/esp32_ros2_bridge/lib/python3.10/site-packages:/home/robot/robot_ws/install/camera_node/lib/python3.10/site-packages:/opt/ros/humble/lib/python3.10/site-packages:/opt/ros/humble/local/lib/python3.10/dist-packages', 'COLCON': '1', 'CMAKE_PREFIX_PATH': '/home/robot/robot_ws/install/vision_msgs:/home/robot/robot_ws/install/robot_bringup:/home/robot/robot_ws/install/sllidar_ros2:/home/robot/robot_ws/install/robot_description'}, 'shell': False}
[228.190753] (-) TimerEvent: {}
[228.210855] (vision_ai_node) Command: {'cmd': ['/usr/bin/python3', '-W', 'ignore:setup.py install is deprecated', '-W', 'ignore:easy_install command is deprecated', 'setup.py', 'egg_info', '--egg-base', '../../build/vision_ai_node', 'build', '--build-base', '/home/robot/robot_ws/build/vision_ai_node/build', 'install', '--record', '/home/robot/robot_ws/build/vision_ai_node/install.log', '--install-scripts', '$base/lib/vision_ai_node', '--single-version-externally-managed', 'install_data'], 'cwd': '/home/robot/robot_ws/src/vision_ai_node', 'env': {'LESSOPEN': '| /usr/bin/lesspipe %s', 'USER': 'robot', 'SSH_CLIENT': '192.168.1.88 62124 22', 'XDG_SESSION_TYPE': 'tty', 'GIT_ASKPASS': '/home/robot/.vscode-server/cli/servers/Stable-1b6a188127eeaf9194f945eb6eb89a657e93c54c/server/extensions/git/dist/askpass.sh', 'SHLVL': '1', 'LD_LIBRARY_PATH': '/home/robot/robot_ws/install/vision_msgs/lib:/opt/ros/humble/opt/rviz_ogre_vendor/lib:/opt/ros/humble/lib/aarch64-linux-gnu:/opt/ros/humble/lib', 'BROWSER': '/home/robot/.vscode-server/cli/servers/Stable-1b6a188127eeaf9194f945eb6eb89a657e93c54c/server/bin/helpers/browser.sh', 'MOTD_SHOWN': 'pam', 'HOME': '/home/robot', 'OLDPWD': '/home/robot/robot_ws', 'TERM_PROGRAM_VERSION': '1.130.0', 'VSCODE_IPC_HOOK_CLI': '/run/user/1000/vscode-ipc-590b6df8-ecea-44ec-b569-7876fc689e68.sock', 'ROS_PYTHON_VERSION': '3', 'VSCODE_GIT_ASKPASS_MAIN': '/home/robot/.vscode-server/cli/servers/Stable-1b6a188127eeaf9194f945eb6eb89a657e93c54c/server/extensions/git/dist/askpass-main.js', 'VSCODE_GIT_ASKPASS_NODE': '/home/robot/.vscode-server/cli/servers/Stable-1b6a188127eeaf9194f945eb6eb89a657e93c54c/server/node', 'VSCODE_PYTHON_AUTOACTIVATE_GUARD': '1', 'DBUS_SESSION_BUS_ADDRESS': 'unix:path=/run/user/1000/bus', 'COLORTERM': 'truecolor', 'COLCON_PREFIX_PATH': '/home/robot/robot_ws/install', 'ROS_DISTRO': 'humble', 'LOGNAME': 'robot', '_': '/usr/bin/colcon', 'ROS_VERSION': '2', 'XDG_SESSION_CLASS': 'user', 'TERM': 'xterm-256color', 'XDG_SESSION_ID': '3', 'ROS_LOCALHOST_ONLY': '0', 'PATH': '/home/robot/.vscode-server/data/User/globalStorage/github.copilot-chat/debugCommand:/home/robot/.vscode-server/data/User/globalStorage/github.copilot-chat/copilotCli:/home/robot/.vscode-server/cli/servers/Stable-1b6a188127eeaf9194f945eb6eb89a657e93c54c/server/bin/remote-cli:/home/robot/.local/bin:/home/robot/robot_ws/install/esp32_ros2_bridge/bin:/opt/ros/humble/bin:/usr/local/sbin:/usr/local/bin:/usr/sbin:/usr/bin:/sbin:/bin:/usr/games:/usr/local/games:/snap/bin', 'XDG_RUNTIME_DIR': '/run/user/1000', 'LANG': 'en_US.UTF-8', 'LS_COLORS': 'rs=0:di=01;34:ln=01;36:mh=00:pi=40;33:so=01;35:do=01;35:bd=40;33;01:cd=40;33;01:or=40;31;01:mi=00:su=37;41:sg=30;43:ca=30;41:tw=30;42:ow=34;42:st=37;44:ex=01;32:*.tar=01;31:*.tgz=01;31:*.arc=01;31:*.arj=01;31:*.taz=01;31:*.lha=01;31:*.lz4=01;31:*.lzh=01;31:*.lzma=01;31:*.tlz=01;31:*.txz=01;31:*.tzo=01;31:*.t7z=01;31:*.zip=01;31:*.z=01;31:*.dz=01;31:*.gz=01;31:*.lrz=01;31:*.lz=01;31:*.lzo=01;31:*.xz=01;31:*.zst=01;31:*.tzst=01;31:*.bz2=01;31:*.bz=01;31:*.tbz=01;31:*.tbz2=01;31:*.tz=01;31:*.deb=01;31:*.rpm=01;31:*.jar=01;31:*.war=01;31:*.ear=01;31:*.sar=01;31:*.rar=01;31:*.alz=01;31:*.ace=01;31:*.zoo=01;31:*.cpio=01;31:*.7z=01;31:*.rz=01;31:*.cab=01;31:*.wim=01;31:*.swm=01;31:*.dwm=01;31:*.esd=01;31:*.jpg=01;35:*.jpeg=01;35:*.mjpg=01;35:*.mjpeg=01;35:*.gif=01;35:*.bmp=01;35:*.pbm=01;35:*.pgm=01;35:*.ppm=01;35:*.tga=01;35:*.xbm=01;35:*.xpm=01;35:*.tif=01;35:*.tiff=01;35:*.png=01;35:*.svg=01;35:*.svgz=01;35:*.mng=01;35:*.pcx=01;35:*.mov=01;35:*.mpg=01;35:*.mpeg=01;35:*.m2v=01;35:*.mkv=01;35:*.webm=01;35:*.webp=01;35:*.ogm=01;35:*.mp4=01;35:*.m4v=01;35:*.mp4v=01;35:*.vob=01;35:*.qt=01;35:*.nuv=01;35:*.wmv=01;35:*.asf=01;35:*.rm=01;35:*.rmvb=01;35:*.flc=01;35:*.avi=01;35:*.fli=01;35:*.flv=01;35:*.gl=01;35:*.dl=01;35:*.xcf=01;35:*.xwd=01;35:*.yuv=01;35:*.cgm=01;35:*.emf=01;35:*.ogv=01;35:*.ogx=01;35:*.aac=00;36:*.au=00;36:*.flac=00;36:*.m4a=00;36:*.mid=00;36:*.midi=00;36:*.mka=00;36:*.mp3=00;36:*.mpc=00;36:*.ogg=00;36:*.ra=00;36:*.wav=00;36:*.oga=00;36:*.opus=00;36:*.spx=00;36:*.xspf=00;36:', 'VSCODE_GIT_IPC_HANDLE': '/run/user/1000/vscode-git-7db71fe166.sock', 'TERM_PROGRAM': 'vscode', 'AMENT_PREFIX_PATH': '/home/robot/robot_ws/install/vision_ai_node:/home/robot/robot_ws/install/robot_ai:/home/robot/robot_ws/install/vision_msgs:/home/robot/robot_ws/install/robot_bringup:/home/robot/robot_ws/install/sllidar_ros2:/home/robot/robot_ws/install/robot_serial:/home/robot/robot_ws/install/robot_description:/home/robot/robot_ws/install/robot_camera:/home/robot/robot_ws/install/esp32_ros2_bridge:/home/robot/robot_ws/install/camera_node:/opt/ros/humble', 'SHELL': '/bin/bash', 'LESSCLOSE': '/usr/bin/lesspipe %s %s', 'VSCODE_GIT_ASKPASS_EXTRA_ARGS': '', 'PWD': '/home/robot/robot_ws/build/vision_ai_node', 'LC_ALL': 'en_US.UTF-8', 'COPILOT_DEBUG_NONCE': 'cb1825ebc9d7300a5c5f8b48b9d9b175', 'SSH_CONNECTION': '192.168.1.88 62124 192.168.1.253 22', 'XDG_DATA_DIRS': '/usr/local/share:/usr/share:/var/lib/snapd/desktop', 'PYTHONPATH': '/home/robot/robot_ws/build/vision_ai_node/prefix_override:/usr/lib/python3/dist-packages/colcon_core/task/python/colcon_distutils_commands:/home/robot/robot_ws/install/vision_ai_node/lib/python3.10/site-packages:/home/robot/robot_ws/install/vision_ai_node/lib/python3.10/site-packages:/home/robot/robot_ws/install/robot_ai/lib/python3.10/site-packages:/home/robot/robot_ws/install/vision_msgs/local/lib/python3.10/dist-packages:/home/robot/robot_ws/install/robot_serial/lib/python3.10/site-packages:/home/robot/robot_ws/build/robot_camera:/home/robot/robot_ws/install/robot_camera/lib/python3.10/site-packages:/home/robot/robot_ws/build/esp32_ros2_bridge:/home/robot/robot_ws/install/esp32_ros2_bridge/lib/python3.10/site-packages:/home/robot/robot_ws/install/camera_node/lib/python3.10/site-packages:/opt/ros/humble/lib/python3.10/site-packages:/opt/ros/humble/local/lib/python3.10/dist-packages', 'COLCON': '1', 'CMAKE_PREFIX_PATH': '/home/robot/robot_ws/install/vision_msgs:/home/robot/robot_ws/install/robot_bringup:/home/robot/robot_ws/install/sllidar_ros2:/home/robot/robot_ws/install/robot_description'}, 'shell': False}
[228.290985] (-) TimerEvent: {}
[228.392026] (-) TimerEvent: {}
[228.493157] (-) TimerEvent: {}
[228.594846] (-) TimerEvent: {}
[228.696599] (-) TimerEvent: {}
[228.798681] (-) TimerEvent: {}
[228.900889] (-) TimerEvent: {}
[229.003165] (-) TimerEvent: {}
[229.105350] (-) TimerEvent: {}
[229.207389] (-) TimerEvent: {}
[229.308921] (-) TimerEvent: {}
[229.410532] (-) TimerEvent: {}
[229.512031] (-) TimerEvent: {}
[229.613593] (-) TimerEvent: {}
[229.715102] (-) TimerEvent: {}
[229.816132] (-) TimerEvent: {}
[229.917204] (-) TimerEvent: {}
[230.019101] (-) TimerEvent: {}
[230.054056] (vision_ai_node) StdoutLine: {'line': b'running egg_info\n'}
[230.057733] (vision_ai_node) StdoutLine: {'line': b'creating ../../build/vision_ai_node/vision_ai_node.egg-info\n'}
[230.059868] (vision_ai_node) StdoutLine: {'line': b'writing ../../build/vision_ai_node/vision_ai_node.egg-info/PKG-INFO\n'}
[230.063119] (vision_ai_node) StdoutLine: {'line': b'writing dependency_links to ../../build/vision_ai_node/vision_ai_node.egg-info/dependency_links.txt\n'}
[230.064924] (vision_ai_node) StdoutLine: {'line': b'writing entry points to ../../build/vision_ai_node/vision_ai_node.egg-info/entry_points.txt\n'}
[230.066767] (vision_ai_node) StdoutLine: {'line': b'writing requirements to ../../build/vision_ai_node/vision_ai_node.egg-info/requires.txt\n'}
[230.068347] (vision_ai_node) StdoutLine: {'line': b'writing top-level names to ../../build/vision_ai_node/vision_ai_node.egg-info/top_level.txt\n'}
[230.070807] (vision_ai_node) StdoutLine: {'line': b"writing manifest file '../../build/vision_ai_node/vision_ai_node.egg-info/SOURCES.txt'\n"}
[230.083648] (vision_ai_node) StdoutLine: {'line': b"reading manifest file '../../build/vision_ai_node/vision_ai_node.egg-info/SOURCES.txt'\n"}
[230.089371] (vision_ai_node) StdoutLine: {'line': b"writing manifest file '../../build/vision_ai_node/vision_ai_node.egg-info/SOURCES.txt'\n"}
[230.091964] (vision_ai_node) StdoutLine: {'line': b'running build\n'}
[230.093332] (vision_ai_node) StdoutLine: {'line': b'running build_py\n'}
[230.096082] (vision_ai_node) StdoutLine: {'line': b'creating /home/robot/robot_ws/build/vision_ai_node/build\n'}
[230.097670] (robot_ai) StdoutLine: {'line': b'running egg_info\n'}
[230.100960] (vision_ai_node) StdoutLine: {'line': b'creating /home/robot/robot_ws/build/vision_ai_node/build/lib\n'}
[230.102757] (robot_ai) StdoutLine: {'line': b'creating ../../build/robot_ai/robot_ai.egg-info\n'}
[230.104938] (vision_ai_node) StdoutLine: {'line': b'creating /home/robot/robot_ws/build/vision_ai_node/build/lib/vision_ai_node\n'}
[230.106445] (robot_ai) StdoutLine: {'line': b'writing ../../build/robot_ai/robot_ai.egg-info/PKG-INFO\n'}
[230.108872] (vision_ai_node) StdoutLine: {'line': b'copying vision_ai_node/__init__.py -> /home/robot/robot_ws/build/vision_ai_node/build/lib/vision_ai_node\n'}
[230.110809] (robot_ai) StdoutLine: {'line': b'writing dependency_links to ../../build/robot_ai/robot_ai.egg-info/dependency_links.txt\n'}
[230.112961] (vision_ai_node) StdoutLine: {'line': b'copying vision_ai_node/vision_ai_node.py -> /home/robot/robot_ws/build/vision_ai_node/build/lib/vision_ai_node\n'}
[230.114060] (robot_ai) StdoutLine: {'line': b'writing entry points to ../../build/robot_ai/robot_ai.egg-info/entry_points.txt\n'}
[230.115029] (robot_ai) StdoutLine: {'line': b'writing requirements to ../../build/robot_ai/robot_ai.egg-info/requires.txt\n'}
[230.116085] (robot_ai) StdoutLine: {'line': b'writing top-level names to ../../build/robot_ai/robot_ai.egg-info/top_level.txt\n'}
[230.119179] (robot_ai) StdoutLine: {'line': b"writing manifest file '../../build/robot_ai/robot_ai.egg-info/SOURCES.txt'\n"}
[230.119923] (-) TimerEvent: {}
[230.121238] (vision_ai_node) StdoutLine: {'line': b'running install\n'}
[230.124879] (vision_ai_node) StdoutLine: {'line': b'running install_lib\n'}
[230.136133] (robot_ai) StdoutLine: {'line': b"reading manifest file '../../build/robot_ai/robot_ai.egg-info/SOURCES.txt'\n"}
[230.136937] (robot_ai) StdoutLine: {'line': b"writing manifest file '../../build/robot_ai/robot_ai.egg-info/SOURCES.txt'\n"}
[230.139462] (robot_ai) StdoutLine: {'line': b'running build\n'}
[230.140302] (robot_ai) StdoutLine: {'line': b'running build_py\n'}
[230.141684] (robot_ai) StdoutLine: {'line': b'creating /home/robot/robot_ws/build/robot_ai/build\n'}
[230.145000] (robot_ai) StdoutLine: {'line': b'creating /home/robot/robot_ws/build/robot_ai/build/lib\n'}
[230.147162] (robot_ai) StdoutLine: {'line': b'creating /home/robot/robot_ws/build/robot_ai/build/lib/robot_ai\n'}
[230.147910] (robot_ai) StdoutLine: {'line': b'copying robot_ai/publisher.py -> /home/robot/robot_ws/build/robot_ai/build/lib/robot_ai\n'}
[230.148461] (robot_ai) StdoutLine: {'line': b'copying robot_ai/camera.py -> /home/robot/robot_ws/build/robot_ai/build/lib/robot_ai\n'}
[230.158294] (robot_ai) StdoutLine: {'line': b'copying robot_ai/__init__.py -> /home/robot/robot_ws/build/robot_ai/build/lib/robot_ai\n'}
[230.161231] (robot_ai) StdoutLine: {'line': b'copying robot_ai/ai_node.py -> /home/robot/robot_ws/build/robot_ai/build/lib/robot_ai\n'}
[230.162309] (robot_ai) StdoutLine: {'line': b'copying robot_ai/config.py -> /home/robot/robot_ws/build/robot_ai/build/lib/robot_ai\n'}
[230.162881] (robot_ai) StdoutLine: {'line': b'copying robot_ai/model_loader.py -> /home/robot/robot_ws/build/robot_ai/build/lib/robot_ai\n'}
[230.169226] (vision_ai_node) StdoutLine: {'line': b'creating /home/robot/robot_ws/install/vision_ai_node/lib/python3.10/site-packages/vision_ai_node\n'}
[230.169876] (vision_ai_node) StdoutLine: {'line': b'copying /home/robot/robot_ws/build/vision_ai_node/build/lib/vision_ai_node/__init__.py -> /home/robot/robot_ws/install/vision_ai_node/lib/python3.10/site-packages/vision_ai_node\n'}
[230.170387] (vision_ai_node) StdoutLine: {'line': b'copying /home/robot/robot_ws/build/vision_ai_node/build/lib/vision_ai_node/vision_ai_node.py -> /home/robot/robot_ws/install/vision_ai_node/lib/python3.10/site-packages/vision_ai_node\n'}
[230.171700] (vision_ai_node) StdoutLine: {'line': b'byte-compiling /home/robot/robot_ws/install/vision_ai_node/lib/python3.10/site-packages/vision_ai_node/__init__.py to __init__.cpython-310.pyc\n'}
[230.172321] (robot_ai) StdoutLine: {'line': b'copying robot_ai/detector.py -> /home/robot/robot_ws/build/robot_ai/build/lib/robot_ai\n'}
[230.173469] (vision_ai_node) StdoutLine: {'line': b'byte-compiling /home/robot/robot_ws/install/vision_ai_node/lib/python3.10/site-packages/vision_ai_node/vision_ai_node.py to vision_ai_node.cpython-310.pyc\n'}
[230.176151] (robot_ai) StdoutLine: {'line': b'running install\n'}
[230.179071] (robot_ai) StdoutLine: {'line': b'running install_lib\n'}
[230.179802] (robot_ai) StdoutLine: {'line': b'creating /home/robot/robot_ws/install/robot_ai/lib/python3.10/site-packages/robot_ai\n'}
[230.180667] (robot_ai) StdoutLine: {'line': b'copying /home/robot/robot_ws/build/robot_ai/build/lib/robot_ai/publisher.py -> /home/robot/robot_ws/install/robot_ai/lib/python3.10/site-packages/robot_ai\n'}
[230.183763] (robot_ai) StdoutLine: {'line': b'copying /home/robot/robot_ws/build/robot_ai/build/lib/robot_ai/camera.py -> /home/robot/robot_ws/install/robot_ai/lib/python3.10/site-packages/robot_ai\n'}
[230.184846] (robot_ai) StdoutLine: {'line': b'copying /home/robot/robot_ws/build/robot_ai/build/lib/robot_ai/__init__.py -> /home/robot/robot_ws/install/robot_ai/lib/python3.10/site-packages/robot_ai\n'}
[230.185524] (robot_ai) StdoutLine: {'line': b'copying /home/robot/robot_ws/build/robot_ai/build/lib/robot_ai/ai_node.py -> /home/robot/robot_ws/install/robot_ai/lib/python3.10/site-packages/robot_ai\n'}
[230.186068] (robot_ai) StdoutLine: {'line': b'copying /home/robot/robot_ws/build/robot_ai/build/lib/robot_ai/config.py -> /home/robot/robot_ws/install/robot_ai/lib/python3.10/site-packages/robot_ai\n'}
[230.186669] (robot_ai) StdoutLine: {'line': b'copying /home/robot/robot_ws/build/robot_ai/build/lib/robot_ai/model_loader.py -> /home/robot/robot_ws/install/robot_ai/lib/python3.10/site-packages/robot_ai\n'}
[230.187240] (robot_ai) StdoutLine: {'line': b'copying /home/robot/robot_ws/build/robot_ai/build/lib/robot_ai/detector.py -> /home/robot/robot_ws/install/robot_ai/lib/python3.10/site-packages/robot_ai\n'}
[230.187874] (vision_ai_node) StdoutLine: {'line': b'running install_data\n'}
[230.188466] (robot_ai) StdoutLine: {'line': b'byte-compiling /home/robot/robot_ws/install/robot_ai/lib/python3.10/site-packages/robot_ai/publisher.py to publisher.cpython-310.pyc\n'}
[230.190753] (robot_ai) StdoutLine: {'line': b'byte-compiling /home/robot/robot_ws/install/robot_ai/lib/python3.10/site-packages/robot_ai/camera.py to camera.cpython-310.pyc\n'}
[230.191587] (vision_ai_node) StdoutLine: {'line': b'creating /home/robot/robot_ws/install/vision_ai_node/share/ament_index\n'}
[230.192612] (robot_ai) StdoutLine: {'line': b'byte-compiling /home/robot/robot_ws/install/robot_ai/lib/python3.10/site-packages/robot_ai/__init__.py to __init__.cpython-310.pyc\n'}
[230.194626] (robot_ai) StdoutLine: {'line': b'byte-compiling /home/robot/robot_ws/install/robot_ai/lib/python3.10/site-packages/robot_ai/ai_node.py to ai_node.cpython-310.pyc\n'}
[230.201578] (robot_ai) StdoutLine: {'line': b'byte-compiling /home/robot/robot_ws/install/robot_ai/lib/python3.10/site-packages/robot_ai/config.py to config.cpython-310.pyc\n'}
[230.204878] (robot_ai) StdoutLine: {'line': b'byte-compiling /home/robot/robot_ws/install/robot_ai/lib/python3.10/site-packages/robot_ai/model_loader.py to model_loader.cpython-310.pyc\n'}
[230.211294] (robot_ai) StdoutLine: {'line': b'byte-compiling /home/robot/robot_ws/install/robot_ai/lib/python3.10/site-packages/robot_ai/detector.py to detector.cpython-310.pyc\n'}
[230.218170] (robot_ai) StdoutLine: {'line': b'running install_data\n'}
[230.219016] (robot_ai) StdoutLine: {'line': b'creating /home/robot/robot_ws/install/robot_ai/share/ament_index\n'}
[230.220085] (-) TimerEvent: {}
[230.312235] (robot_ai) StdoutLine: {'line': b'creating /home/robot/robot_ws/install/robot_ai/share/ament_index/resource_index\n'}
[230.313209] (robot_ai) StdoutLine: {'line': b'creating /home/robot/robot_ws/install/robot_ai/share/ament_index/resource_index/packages\n'}
[230.314238] (robot_ai) StdoutLine: {'line': b'copying resource/robot_ai -> /home/robot/robot_ws/install/robot_ai/share/ament_index/resource_index/packages\n'}
[230.314915] (robot_ai) StdoutLine: {'line': b'copying package.xml -> /home/robot/robot_ws/install/robot_ai/share/robot_ai\n'}
[230.315638] (robot_ai) StdoutLine: {'line': b'creating /home/robot/robot_ws/install/robot_ai/share/robot_ai/launch\n'}
[230.316400] (robot_ai) StdoutLine: {'line': b'copying launch/ai.launch.py -> /home/robot/robot_ws/install/robot_ai/share/robot_ai/launch\n'}
[230.317182] (robot_ai) StdoutLine: {'line': b'creating /home/robot/robot_ws/install/robot_ai/share/robot_ai/config\n'}
[230.317887] (robot_ai) StdoutLine: {'line': b'copying config/ai.yaml -> /home/robot/robot_ws/install/robot_ai/share/robot_ai/config\n'}
[230.320269] (-) TimerEvent: {}
[230.341736] (vision_ai_node) StdoutLine: {'line': b'creating /home/robot/robot_ws/install/vision_ai_node/share/ament_index/resource_index\n'}
[230.342492] (vision_ai_node) StdoutLine: {'line': b'creating /home/robot/robot_ws/install/vision_ai_node/share/ament_index/resource_index/packages\n'}
[230.343088] (vision_ai_node) StdoutLine: {'line': b'copying resource/vision_ai_node -> /home/robot/robot_ws/install/vision_ai_node/share/ament_index/resource_index/packages\n'}
[230.343710] (robot_ai) StdoutLine: {'line': b'creating /home/robot/robot_ws/install/robot_ai/share/robot_ai/model\n'}
[230.344392] (robot_ai) StdoutLine: {'line': b'running install_egg_info\n'}
[230.345272] (vision_ai_node) StdoutLine: {'line': b'copying package.xml -> /home/robot/robot_ws/install/vision_ai_node/share/vision_ai_node\n'}
[230.346186] (robot_ai) StdoutLine: {'line': b'Copying ../../build/robot_ai/robot_ai.egg-info to /home/robot/robot_ws/install/robot_ai/lib/python3.10/site-packages/robot_ai-1.0.0-py3.10.egg-info\n'}
[230.347362] (vision_ai_node) StdoutLine: {'line': b'creating /home/robot/robot_ws/install/vision_ai_node/share/vision_ai_node/launch\n'}
[230.348049] (robot_ai) StdoutLine: {'line': b'running install_scripts\n'}
[230.348685] (vision_ai_node) StdoutLine: {'line': b'copying launch/vision_ai.launch.py -> /home/robot/robot_ws/install/vision_ai_node/share/vision_ai_node/launch\n'}
[230.385760] (vision_ai_node) StdoutLine: {'line': b'creating /home/robot/robot_ws/install/vision_ai_node/share/vision_ai_node/config\n'}
[230.386633] (vision_ai_node) StdoutLine: {'line': b'copying config/vision.yaml -> /home/robot/robot_ws/install/vision_ai_node/share/vision_ai_node/config\n'}
[230.387338] (vision_ai_node) StdoutLine: {'line': b'creating /home/robot/robot_ws/install/vision_ai_node/share/vision_ai_node/models\n'}
[230.387952] (vision_ai_node) StdoutLine: {'line': b'running install_egg_info\n'}
[230.394552] (vision_ai_node) StdoutLine: {'line': b'Copying ../../build/vision_ai_node/vision_ai_node.egg-info to /home/robot/robot_ws/install/vision_ai_node/lib/python3.10/site-packages/vision_ai_node-1.0.0-py3.10.egg-info\n'}
[230.421604] (-) TimerEvent: {}
[230.441238] (vision_ai_node) StdoutLine: {'line': b'running install_scripts\n'}
[230.464293] (robot_ai) StdoutLine: {'line': b'Installing ai_node script to /home/robot/robot_ws/install/robot_ai/lib/robot_ai\n'}
[230.467443] (robot_ai) StdoutLine: {'line': b"writing list of installed files to '/home/robot/robot_ws/build/robot_ai/install.log'\n"}
[230.522044] (-) TimerEvent: {}
[230.625149] (-) TimerEvent: {}
[230.649334] (robot_ai) CommandEnded: {'returncode': 0}
[230.702047] (robot_ai) JobEnded: {'identifier': 'robot_ai', 'rc': 0}
[230.713400] (vision_ai_node) StdoutLine: {'line': b'Installing vision_ai_node script to /home/robot/robot_ws/install/vision_ai_node/lib/vision_ai_node\n'}
[230.717414] (vision_ai_node) StdoutLine: {'line': b"writing list of installed files to '/home/robot/robot_ws/build/vision_ai_node/install.log'\n"}
[230.725407] (-) TimerEvent: {}
[230.827647] (-) TimerEvent: {}
[230.879401] (vision_ai_node) CommandEnded: {'returncode': 0}
[230.941529] (-) TimerEvent: {}
[230.954175] (vision_ai_node) JobEnded: {'identifier': 'vision_ai_node', 'rc': 0}
[231.041741] (-) TimerEvent: {}
[231.142541] (-) TimerEvent: {}
[231.243357] (-) TimerEvent: {}
[231.344132] (-) TimerEvent: {}
[231.444926] (-) TimerEvent: {}
[231.545786] (-) TimerEvent: {}
[231.646628] (-) TimerEvent: {}
[231.748488] (-) TimerEvent: {}
[231.849491] (-) TimerEvent: {}
[231.950364] (-) TimerEvent: {}
[232.051490] (-) TimerEvent: {}
[232.152358] (-) TimerEvent: {}
[232.253254] (-) TimerEvent: {}
[232.354108] (-) TimerEvent: {}
[232.455231] (-) TimerEvent: {}
[232.556082] (-) TimerEvent: {}
[232.657060] (-) TimerEvent: {}
[232.757884] (-) TimerEvent: {}
[232.858859] (-) TimerEvent: {}
[233.064815] (-) TimerEvent: {}
[233.168878] (-) TimerEvent: {}
[233.269796] (-) TimerEvent: {}
[233.370707] (-) TimerEvent: {}
[233.471493] (-) TimerEvent: {}
[233.572310] (-) TimerEvent: {}
[233.673153] (-) TimerEvent: {}
[233.773936] (-) TimerEvent: {}
[233.874647] (-) TimerEvent: {}
[233.975391] (-) TimerEvent: {}
[234.076105] (-) TimerEvent: {}
[234.176890] (-) TimerEvent: {}
[234.277712] (-) TimerEvent: {}
[234.378615] (-) TimerEvent: {}
[234.479445] (-) TimerEvent: {}
[234.580295] (-) TimerEvent: {}
[234.681231] (-) TimerEvent: {}
[234.781977] (-) TimerEvent: {}
[234.882765] (-) TimerEvent: {}
[234.983573] (-) TimerEvent: {}
[235.084417] (-) TimerEvent: {}
[235.185207] (-) TimerEvent: {}
[235.285998] (-) TimerEvent: {}
[235.386789] (-) TimerEvent: {}
[235.487582] (-) TimerEvent: {}
[235.588341] (-) TimerEvent: {}
[235.689217] (-) TimerEvent: {}
[235.790166] (-) TimerEvent: {}
[235.891115] (-) TimerEvent: {}
[235.991905] (-) TimerEvent: {}
[236.092789] (-) TimerEvent: {}
[236.193962] (-) TimerEvent: {}
[236.295421] (-) TimerEvent: {}
[236.397308] (-) TimerEvent: {}
[236.498113] (-) TimerEvent: {}
[236.599194] (-) TimerEvent: {}
[236.700226] (-) TimerEvent: {}
[236.801263] (-) TimerEvent: {}
[236.902369] (-) TimerEvent: {}
[237.003405] (-) TimerEvent: {}
[237.104259] (-) TimerEvent: {}
[237.205209] (-) TimerEvent: {}
[237.306016] (-) TimerEvent: {}
[237.406861] (-) TimerEvent: {}
[237.507681] (-) TimerEvent: {}
[237.608480] (-) TimerEvent: {}
[237.709275] (-) TimerEvent: {}
[237.810009] (-) TimerEvent: {}
[237.910939] (-) TimerEvent: {}
[238.011719] (-) TimerEvent: {}
[238.112537] (-) TimerEvent: {}
[238.213343] (-) TimerEvent: {}
[238.314203] (-) TimerEvent: {}
[238.414927] (-) TimerEvent: {}
[238.515668] (-) TimerEvent: {}
[238.616432] (-) TimerEvent: {}
[238.717212] (-) TimerEvent: {}
[238.817968] (-) TimerEvent: {}
[238.918773] (-) TimerEvent: {}
[239.019721] (-) TimerEvent: {}
[239.120516] (-) TimerEvent: {}
[239.221303] (-) TimerEvent: {}
[239.322082] (-) TimerEvent: {}
[239.422920] (-) TimerEvent: {}
[239.523642] (-) TimerEvent: {}
[239.624400] (-) TimerEvent: {}
[239.725174] (-) TimerEvent: {}
[239.825937] (-) TimerEvent: {}
[239.926741] (-) TimerEvent: {}
[240.027711] (-) TimerEvent: {}
[240.128493] (-) TimerEvent: {}
[240.229305] (-) TimerEvent: {}
[240.330081] (-) TimerEvent: {}
[240.430890] (-) TimerEvent: {}
[240.531683] (-) TimerEvent: {}
[240.632443] (-) TimerEvent: {}
[240.733213] (-) TimerEvent: {}
[240.833958] (-) TimerEvent: {}
[240.934784] (-) TimerEvent: {}
[241.035671] (-) TimerEvent: {}
[241.136455] (-) TimerEvent: {}
[241.237233] (-) TimerEvent: {}
[241.338009] (-) TimerEvent: {}
[241.438868] (-) TimerEvent: {}
[241.539657] (-) TimerEvent: {}
[241.640511] (-) TimerEvent: {}
[241.741471] (-) TimerEvent: {}
[241.842486] (-) TimerEvent: {}
[241.943328] (-) TimerEvent: {}
[242.045282] (-) TimerEvent: {}
[242.146068] (-) TimerEvent: {}
[242.246834] (-) TimerEvent: {}
[242.347614] (-) TimerEvent: {}
[242.448500] (-) TimerEvent: {}
[242.549743] (-) TimerEvent: {}
[242.651192] (-) TimerEvent: {}
[242.752717] (-) TimerEvent: {}
[242.853505] (-) TimerEvent: {}
[248.190323] (-) TimerEvent: {}
[248.291710] (-) TimerEvent: {}
[248.392476] (-) TimerEvent: {}
[248.493237] (-) TimerEvent: {}
[248.593940] (-) TimerEvent: {}
[248.694748] (-) TimerEvent: {}
[248.796326] (-) TimerEvent: {}
[249.240164] (-) TimerEvent: {}
[249.341231] (-) TimerEvent: {}
[249.442151] (-) TimerEvent: {}
[249.543226] (-) TimerEvent: {}
[249.644239] (-) TimerEvent: {}
[249.745322] (-) TimerEvent: {}
[249.846455] (-) TimerEvent: {}
[249.947455] (-) TimerEvent: {}
[250.048314] (-) TimerEvent: {}
[250.149323] (-) TimerEvent: {}
[250.250398] (-) TimerEvent: {}
[250.351444] (-) TimerEvent: {}
[250.452542] (-) TimerEvent: {}
[250.553691] (-) TimerEvent: {}
[250.654595] (-) TimerEvent: {}
[250.755644] (-) TimerEvent: {}
[250.856786] (-) TimerEvent: {}
[250.957832] (-) TimerEvent: {}
[251.058786] (-) TimerEvent: {}
[251.159903] (-) TimerEvent: {}
[251.261063] (-) TimerEvent: {}
[251.362236] (-) TimerEvent: {}
[251.463351] (-) TimerEvent: {}
[251.564297] (-) TimerEvent: {}
[251.665354] (-) TimerEvent: {}
[251.766124] (-) TimerEvent: {}
[251.867019] (-) TimerEvent: {}
[251.968065] (-) TimerEvent: {}
[252.068934] (-) TimerEvent: {}
[252.169981] (-) TimerEvent: {}
[252.271097] (-) TimerEvent: {}
[252.372192] (-) TimerEvent: {}
[252.473348] (-) TimerEvent: {}
[252.574403] (-) TimerEvent: {}
[252.675442] (-) TimerEvent: {}
[252.776558] (-) TimerEvent: {}
[252.877680] (-) TimerEvent: {}
[252.978791] (-) TimerEvent: {}
[253.079716] (-) TimerEvent: {}
[253.180738] (-) TimerEvent: {}
[253.281624] (-) TimerEvent: {}
[253.382694] (-) TimerEvent: {}
[253.483709] (-) TimerEvent: {}
[253.584810] (-) TimerEvent: {}
[253.685922] (-) TimerEvent: {}
[253.786940] (-) TimerEvent: {}
[253.887939] (-) TimerEvent: {}
[253.988973] (-) TimerEvent: {}
[254.089866] (-) TimerEvent: {}
[254.190945] (-) TimerEvent: {}
[254.292028] (-) TimerEvent: {}
[254.393233] (-) TimerEvent: {}
[254.494189] (-) TimerEvent: {}
[254.595187] (-) TimerEvent: {}
[254.696181] (-) TimerEvent: {}
[254.797186] (-) TimerEvent: {}
[254.898170] (-) TimerEvent: {}
[254.999251] (-) TimerEvent: {}
[255.100330] (-) TimerEvent: {}
[255.201381] (-) TimerEvent: {}
[255.302477] (-) TimerEvent: {}
[255.403494] (-) TimerEvent: {}
[255.504618] (-) TimerEvent: {}
[255.605642] (-) TimerEvent: {}
[255.706684] (-) TimerEvent: {}
[255.807779] (-) TimerEvent: {}
[255.908908] (-) TimerEvent: {}
[256.009999] (-) TimerEvent: {}
[256.111044] (-) TimerEvent: {}
[256.212153] (-) TimerEvent: {}
[256.313239] (-) TimerEvent: {}
[256.414250] (-) TimerEvent: {}
[256.515339] (-) TimerEvent: {}
[256.616436] (-) TimerEvent: {}
[256.717455] (-) TimerEvent: {}
[256.818432] (-) TimerEvent: {}
[256.919456] (-) TimerEvent: {}
[257.020684] (-) TimerEvent: {}
[257.121752] (-) TimerEvent: {}
[257.222760] (-) TimerEvent: {}
[257.323823] (-) TimerEvent: {}
[257.424945] (-) TimerEvent: {}
[257.526160] (-) TimerEvent: {}
[257.627357] (-) TimerEvent: {}
[257.728456] (-) TimerEvent: {}
[257.829547] (-) TimerEvent: {}
[257.930496] (-) TimerEvent: {}
[258.031590] (-) TimerEvent: {}
[258.132662] (-) TimerEvent: {}
[258.233756] (-) TimerEvent: {}
[258.334843] (-) TimerEvent: {}
[258.435878] (-) TimerEvent: {}
[258.537000] (-) TimerEvent: {}
[258.638069] (-) TimerEvent: {}
[258.739203] (-) TimerEvent: {}
[258.840303] (-) TimerEvent: {}
[258.941397] (-) TimerEvent: {}
[259.042430] (-) TimerEvent: {}
[259.143471] (-) TimerEvent: {}
[259.244552] (-) TimerEvent: {}
[259.345730] (-) TimerEvent: {}
[259.446755] (-) TimerEvent: {}
[259.547831] (-) TimerEvent: {}
[259.648827] (-) TimerEvent: {}
[259.749950] (-) TimerEvent: {}
[259.850968] (-) TimerEvent: {}
[259.952037] (-) TimerEvent: {}
[260.052905] (-) TimerEvent: {}
[260.153967] (-) TimerEvent: {}
[260.255045] (-) TimerEvent: {}
[260.356085] (-) TimerEvent: {}
[260.457220] (-) TimerEvent: {}
[260.558377] (-) TimerEvent: {}
[260.659446] (-) TimerEvent: {}
[260.760445] (-) TimerEvent: {}
[260.861457] (-) TimerEvent: {}
[260.962399] (-) TimerEvent: {}
[261.063206] (-) TimerEvent: {}
[261.164281] (-) TimerEvent: {}
[261.265225] (-) TimerEvent: {}
[261.366175] (-) TimerEvent: {}
[261.467419] (-) TimerEvent: {}
[261.568534] (-) TimerEvent: {}
[261.669969] (-) TimerEvent: {}
[261.771499] (-) TimerEvent: {}
[261.872465] (-) TimerEvent: {}
[261.973629] (-) TimerEvent: {}
[262.074610] (-) TimerEvent: {}
[262.175776] (-) TimerEvent: {}
[262.276849] (-) TimerEvent: {}
[262.377824] (-) TimerEvent: {}
[262.478840] (-) TimerEvent: {}
[262.579935] (-) TimerEvent: {}
[262.681115] (-) TimerEvent: {}
[262.782103] (-) TimerEvent: {}
[262.883148] (-) TimerEvent: {}
[262.984272] (-) TimerEvent: {}
[263.085459] (-) TimerEvent: {}
[263.186477] (-) TimerEvent: {}
[263.287584] (-) TimerEvent: {}
[263.388776] (-) TimerEvent: {}
[263.489978] (-) TimerEvent: {}
[263.591052] (-) TimerEvent: {}
[263.692074] (-) TimerEvent: {}
[263.793266] (-) TimerEvent: {}
[263.894339] (-) TimerEvent: {}
[263.995350] (-) TimerEvent: {}
[264.096245] (-) TimerEvent: {}
[264.197257] (-) TimerEvent: {}
[264.298314] (-) TimerEvent: {}
[264.399313] (-) TimerEvent: {}
[264.500383] (-) TimerEvent: {}
[264.601418] (-) TimerEvent: {}
[264.702474] (-) TimerEvent: {}
[264.803501] (-) TimerEvent: {}
[264.904694] (-) TimerEvent: {}
[265.005842] (-) TimerEvent: {}
[265.106915] (-) TimerEvent: {}
[265.207911] (-) TimerEvent: {}
[265.309067] (-) TimerEvent: {}
[265.410055] (-) TimerEvent: {}
[265.511087] (-) TimerEvent: {}
[265.612146] (-) TimerEvent: {}
[265.713086] (-) TimerEvent: {}
[265.813996] (-) TimerEvent: {}
[265.915088] (-) TimerEvent: {}
[266.016141] (-) TimerEvent: {}
[266.117228] (-) TimerEvent: {}
[266.218399] (-) TimerEvent: {}
[266.319495] (-) TimerEvent: {}
[266.420636] (-) TimerEvent: {}
[266.521689] (-) TimerEvent: {}
[266.623008] (-) TimerEvent: {}
[266.724090] (-) TimerEvent: {}
[266.825308] (-) TimerEvent: {}
[266.926460] (-) TimerEvent: {}
[267.027768] (-) TimerEvent: {}
[267.128855] (-) TimerEvent: {}
[267.229896] (-) TimerEvent: {}
[267.330914] (-) TimerEvent: {}
[267.431988] (-) TimerEvent: {}
[267.533089] (-) TimerEvent: {}
[267.634080] (-) TimerEvent: {}
[267.735079] (-) TimerEvent: {}
[267.836194] (-) TimerEvent: {}
[267.937285] (-) TimerEvent: {}
[268.038221] (-) TimerEvent: {}
[268.139305] (-) TimerEvent: {}
[268.240374] (-) TimerEvent: {}
[268.341444] (-) TimerEvent: {}
[268.442505] (-) TimerEvent: {}
[268.543610] (-) TimerEvent: {}
[268.644684] (-) TimerEvent: {}
[268.745735] (-) TimerEvent: {}
[268.846822] (-) TimerEvent: {}
[268.947914] (-) TimerEvent: {}
[269.048938] (-) TimerEvent: {}
[269.150059] (-) TimerEvent: {}
[269.251079] (-) TimerEvent: {}
[269.352176] (-) TimerEvent: {}
[269.453202] (-) TimerEvent: {}
[269.554263] (-) TimerEvent: {}
[269.655346] (-) TimerEvent: {}
[269.756410] (-) TimerEvent: {}
[269.857481] (-) TimerEvent: {}
[269.958531] (-) TimerEvent: {}
[270.059410] (-) TimerEvent: {}
[270.160492] (-) TimerEvent: {}
[270.261529] (-) TimerEvent: {}
[270.362607] (-) TimerEvent: {}
[270.463896] (-) TimerEvent: {}
[270.564939] (-) TimerEvent: {}
[270.666054] (-) TimerEvent: {}
[270.767198] (-) TimerEvent: {}
[270.868204] (-) TimerEvent: {}
[270.969255] (-) TimerEvent: {}
[271.070134] (-) TimerEvent: {}
[271.171258] (-) TimerEvent: {}
[271.272387] (-) TimerEvent: {}
[271.373524] (-) TimerEvent: {}
[271.474540] (-) TimerEvent: {}
[271.575696] (-) TimerEvent: {}
[271.676683] (-) TimerEvent: {}
[271.777624] (-) TimerEvent: {}
[271.878594] (-) TimerEvent: {}
[271.979627] (-) TimerEvent: {}
[272.080430] (-) TimerEvent: {}
[272.181581] (-) TimerEvent: {}
[272.282697] (-) TimerEvent: {}
[272.383770] (-) TimerEvent: {}
[272.484786] (-) TimerEvent: {}
[272.585958] (-) TimerEvent: {}
[272.686953] (-) TimerEvent: {}
[272.788357] (-) TimerEvent: {}
[272.889500] (-) TimerEvent: {}
[272.990596] (-) TimerEvent: {}
[273.091666] (-) TimerEvent: {}
[273.192674] (-) TimerEvent: {}
[273.293635] (-) TimerEvent: {}
[273.394718] (-) TimerEvent: {}
[273.495831] (-) TimerEvent: {}
[273.596895] (-) TimerEvent: {}
[273.697900] (-) TimerEvent: {}
[273.798872] (-) TimerEvent: {}
[273.899854] (-) TimerEvent: {}
[274.000945] (-) TimerEvent: {}
[274.102083] (-) TimerEvent: {}
[274.203167] (-) TimerEvent: {}
[274.304185] (-) TimerEvent: {}
[274.405385] (-) TimerEvent: {}
[274.506479] (-) TimerEvent: {}
[274.607556] (-) TimerEvent: {}
[274.708646] (-) TimerEvent: {}
[274.809862] (-) TimerEvent: {}
[274.910856] (-) TimerEvent: {}
[275.011816] (-) TimerEvent: {}
[275.112896] (-) TimerEvent: {}
[275.213922] (-) TimerEvent: {}
[275.314923] (-) TimerEvent: {}
[275.415980] (-) TimerEvent: {}
[275.516953] (-) TimerEvent: {}
[275.617992] (-) TimerEvent: {}
[285.722129] (-) TimerEvent: {}
[286.544901] (-) TimerEvent: {}
[286.646836] (-) TimerEvent: {}
[286.747703] (-) TimerEvent: {}
[286.848584] (-) TimerEvent: {}
[286.949636] (-) TimerEvent: {}
[287.050723] (-) TimerEvent: {}
[287.151627] (-) TimerEvent: {}
[287.252710] (-) TimerEvent: {}
[287.354008] (-) TimerEvent: {}
[287.454808] (-) TimerEvent: {}
[287.555571] (-) TimerEvent: {}
[287.656338] (-) TimerEvent: {}
[287.757137] (-) TimerEvent: {}
[287.857891] (-) TimerEvent: {}
[287.958673] (-) TimerEvent: {}
[288.059482] (-) TimerEvent: {}
[288.160682] (-) TimerEvent: {}
[288.262018] (-) TimerEvent: {}
[288.362940] (-) TimerEvent: {}
[288.463723] (-) TimerEvent: {}
[288.564593] (-) TimerEvent: {}
[288.665514] (-) TimerEvent: {}
[288.766374] (-) TimerEvent: {}
[288.867196] (-) TimerEvent: {}
[288.968061] (-) TimerEvent: {}
[289.068858] (-) TimerEvent: {}
[289.170015] (-) TimerEvent: {}
[289.271188] (-) TimerEvent: {}
[289.372324] (-) TimerEvent: {}
[289.473523] (-) TimerEvent: {}
[289.574506] (-) TimerEvent: {}
[289.675600] (-) TimerEvent: {}
[289.776720] (-) TimerEvent: {}
[289.877946] (-) TimerEvent: {}
[289.979026] (-) TimerEvent: {}
[290.079812] (-) TimerEvent: {}
[290.180916] (-) TimerEvent: {}
[290.281914] (-) TimerEvent: {}
[290.383002] (-) TimerEvent: {}
[290.484041] (-) TimerEvent: {}
[290.585181] (-) TimerEvent: {}
[290.686283] (-) TimerEvent: {}
[290.787384] (-) TimerEvent: {}
[294.811386] (-) TimerEvent: {}
[294.912443] (-) TimerEvent: {}
[295.013565] (-) TimerEvent: {}
[295.114520] (-) TimerEvent: {}
[295.215473] (-) TimerEvent: {}
[295.316553] (-) TimerEvent: {}
[295.417656] (-) TimerEvent: {}
[295.518648] (-) TimerEvent: {}
[295.619714] (-) TimerEvent: {}
[295.720864] (-) TimerEvent: {}
[295.821924] (-) TimerEvent: {}
[295.923052] (-) TimerEvent: {}
[296.024337] (-) TimerEvent: {}
[296.125381] (-) TimerEvent: {}
[296.226506] (-) TimerEvent: {}
[296.327578] (-) TimerEvent: {}
[296.428580] (-) TimerEvent: {}
[296.529784] (-) TimerEvent: {}
[296.630848] (-) TimerEvent: {}
[296.731718] (-) TimerEvent: {}
[296.832668] (-) TimerEvent: {}
[296.933600] (-) TimerEvent: {}
[297.034512] (-) TimerEvent: {}
[297.135548] (-) TimerEvent: {}
[297.236568] (-) TimerEvent: {}
[297.337810] (-) TimerEvent: {}
[297.438931] (-) TimerEvent: {}
[297.540022] (-) TimerEvent: {}
[297.641152] (-) TimerEvent: {}
[297.742251] (-) TimerEvent: {}
[297.843307] (-) TimerEvent: {}
[297.926364] (sllidar_ros2) StdoutLine: {'line': b'[100%] \x1b[32m\x1b[1mLinking CXX executable sllidar_client\x1b[0m\n'}
[297.943591] (-) TimerEvent: {}
[298.044683] (-) TimerEvent: {}
[298.145597] (-) TimerEvent: {}
[298.246422] (-) TimerEvent: {}
[298.347623] (-) TimerEvent: {}
[298.448566] (-) TimerEvent: {}
[298.549648] (-) TimerEvent: {}
[298.650578] (-) TimerEvent: {}
[298.751313] (-) TimerEvent: {}
[298.852244] (-) TimerEvent: {}
[298.953170] (-) TimerEvent: {}
[299.055134] (-) TimerEvent: {}
[299.155910] (-) TimerEvent: {}
[299.257081] (-) TimerEvent: {}
[299.358181] (-) TimerEvent: {}
[299.459277] (-) TimerEvent: {}
[299.560354] (-) TimerEvent: {}
[299.661402] (-) TimerEvent: {}
[299.762496] (-) TimerEvent: {}
[299.863793] (-) TimerEvent: {}
[299.964706] (-) TimerEvent: {}
[300.065459] (-) TimerEvent: {}
[300.166242] (-) TimerEvent: {}
[300.267089] (-) TimerEvent: {}
[300.368194] (-) TimerEvent: {}
[300.469297] (-) TimerEvent: {}
[300.570402] (-) TimerEvent: {}
[300.671454] (-) TimerEvent: {}
[300.772506] (-) TimerEvent: {}
[300.873558] (-) TimerEvent: {}
[300.974596] (-) TimerEvent: {}
[301.075532] (-) TimerEvent: {}
[301.176634] (-) TimerEvent: {}
[301.277764] (-) TimerEvent: {}
[301.378898] (-) TimerEvent: {}
[301.479972] (-) TimerEvent: {}
[301.580986] (-) TimerEvent: {}
[301.682035] (-) TimerEvent: {}
[301.783022] (-) TimerEvent: {}
[301.883885] (-) TimerEvent: {}
[301.984739] (-) TimerEvent: {}
[302.085672] (-) TimerEvent: {}
[302.186703] (-) TimerEvent: {}
[302.288211] (-) TimerEvent: {}
[302.388936] (-) TimerEvent: {}
[302.489740] (-) TimerEvent: {}
[302.590478] (-) TimerEvent: {}
[302.691264] (-) TimerEvent: {}
[302.792041] (-) TimerEvent: {}
[302.892920] (-) TimerEvent: {}
[302.993799] (-) TimerEvent: {}
[303.094898] (-) TimerEvent: {}
[303.195905] (-) TimerEvent: {}
[303.296833] (-) TimerEvent: {}
[303.397853] (-) TimerEvent: {}
[303.498893] (-) TimerEvent: {}
[303.599986] (-) TimerEvent: {}
[303.701184] (-) TimerEvent: {}
[303.802310] (-) TimerEvent: {}
[303.903649] (-) TimerEvent: {}
[304.004654] (-) TimerEvent: {}
[304.106008] (-) TimerEvent: {}
[304.207196] (-) TimerEvent: {}
[304.308093] (-) TimerEvent: {}
[304.409003] (-) TimerEvent: {}
[304.510114] (-) TimerEvent: {}
[304.610802] (-) TimerEvent: {}
[304.711548] (-) TimerEvent: {}
[304.812252] (-) TimerEvent: {}
[304.913326] (-) TimerEvent: {}
[305.014515] (-) TimerEvent: {}
[305.115244] (-) TimerEvent: {}
[305.216047] (-) TimerEvent: {}
[305.249301] (sllidar_ros2) StdoutLine: {'line': b'[100%] Built target sllidar_client\n'}
[305.300294] (sllidar_ros2) CommandEnded: {'returncode': 0}
[305.303143] (sllidar_ros2) JobProgress: {'identifier': 'sllidar_ros2', 'progress': 'install'}
[305.304095] (sllidar_ros2) Command: {'cmd': ['/usr/bin/cmake', '--install', '/home/robot/robot_ws/build/sllidar_ros2'], 'cwd': '/home/robot/robot_ws/build/sllidar_ros2', 'env': OrderedDict([('LESSOPEN', '| /usr/bin/lesspipe %s'), ('USER', 'robot'), ('SSH_CLIENT', '192.168.1.88 62124 22'), ('XDG_SESSION_TYPE', 'tty'), ('GIT_ASKPASS', '/home/robot/.vscode-server/cli/servers/Stable-1b6a188127eeaf9194f945eb6eb89a657e93c54c/server/extensions/git/dist/askpass.sh'), ('SHLVL', '1'), ('LD_LIBRARY_PATH', '/home/robot/robot_ws/install/vision_msgs/lib:/opt/ros/humble/opt/rviz_ogre_vendor/lib:/opt/ros/humble/lib/aarch64-linux-gnu:/opt/ros/humble/lib'), ('BROWSER', '/home/robot/.vscode-server/cli/servers/Stable-1b6a188127eeaf9194f945eb6eb89a657e93c54c/server/bin/helpers/browser.sh'), ('MOTD_SHOWN', 'pam'), ('HOME', '/home/robot'), ('OLDPWD', '/home/robot/robot_ws'), ('TERM_PROGRAM_VERSION', '1.130.0'), ('VSCODE_IPC_HOOK_CLI', '/run/user/1000/vscode-ipc-590b6df8-ecea-44ec-b569-7876fc689e68.sock'), ('ROS_PYTHON_VERSION', '3'), ('VSCODE_GIT_ASKPASS_MAIN', '/home/robot/.vscode-server/cli/servers/Stable-1b6a188127eeaf9194f945eb6eb89a657e93c54c/server/extensions/git/dist/askpass-main.js'), ('VSCODE_GIT_ASKPASS_NODE', '/home/robot/.vscode-server/cli/servers/Stable-1b6a188127eeaf9194f945eb6eb89a657e93c54c/server/node'), ('VSCODE_PYTHON_AUTOACTIVATE_GUARD', '1'), ('DBUS_SESSION_BUS_ADDRESS', 'unix:path=/run/user/1000/bus'), ('COLORTERM', 'truecolor'), ('COLCON_PREFIX_PATH', '/home/robot/robot_ws/install'), ('ROS_DISTRO', 'humble'), ('LOGNAME', 'robot'), ('_', '/usr/bin/colcon'), ('ROS_VERSION', '2'), ('XDG_SESSION_CLASS', 'user'), ('TERM', 'xterm-256color'), ('XDG_SESSION_ID', '3'), ('ROS_LOCALHOST_ONLY', '0'), ('PATH', '/home/robot/.vscode-server/data/User/globalStorage/github.copilot-chat/debugCommand:/home/robot/.vscode-server/data/User/globalStorage/github.copilot-chat/copilotCli:/home/robot/.vscode-server/cli/servers/Stable-1b6a188127eeaf9194f945eb6eb89a657e93c54c/server/bin/remote-cli:/home/robot/.local/bin:/home/robot/robot_ws/install/esp32_ros2_bridge/bin:/opt/ros/humble/bin:/usr/local/sbin:/usr/local/bin:/usr/sbin:/usr/bin:/sbin:/bin:/usr/games:/usr/local/games:/snap/bin'), ('XDG_RUNTIME_DIR', '/run/user/1000'), ('LANG', 'en_US.UTF-8'), ('LS_COLORS', 'rs=0:di=01;34:ln=01;36:mh=00:pi=40;33:so=01;35:do=01;35:bd=40;33;01:cd=40;33;01:or=40;31;01:mi=00:su=37;41:sg=30;43:ca=30;41:tw=30;42:ow=34;42:st=37;44:ex=01;32:*.tar=01;31:*.tgz=01;31:*.arc=01;31:*.arj=01;31:*.taz=01;31:*.lha=01;31:*.lz4=01;31:*.lzh=01;31:*.lzma=01;31:*.tlz=01;31:*.txz=01;31:*.tzo=01;31:*.t7z=01;31:*.zip=01;31:*.z=01;31:*.dz=01;31:*.gz=01;31:*.lrz=01;31:*.lz=01;31:*.lzo=01;31:*.xz=01;31:*.zst=01;31:*.tzst=01;31:*.bz2=01;31:*.bz=01;31:*.tbz=01;31:*.tbz2=01;31:*.tz=01;31:*.deb=01;31:*.rpm=01;31:*.jar=01;31:*.war=01;31:*.ear=01;31:*.sar=01;31:*.rar=01;31:*.alz=01;31:*.ace=01;31:*.zoo=01;31:*.cpio=01;31:*.7z=01;31:*.rz=01;31:*.cab=01;31:*.wim=01;31:*.swm=01;31:*.dwm=01;31:*.esd=01;31:*.jpg=01;35:*.jpeg=01;35:*.mjpg=01;35:*.mjpeg=01;35:*.gif=01;35:*.bmp=01;35:*.pbm=01;35:*.pgm=01;35:*.ppm=01;35:*.tga=01;35:*.xbm=01;35:*.xpm=01;35:*.tif=01;35:*.tiff=01;35:*.png=01;35:*.svg=01;35:*.svgz=01;35:*.mng=01;35:*.pcx=01;35:*.mov=01;35:*.mpg=01;35:*.mpeg=01;35:*.m2v=01;35:*.mkv=01;35:*.webm=01;35:*.webp=01;35:*.ogm=01;35:*.mp4=01;35:*.m4v=01;35:*.mp4v=01;35:*.vob=01;35:*.qt=01;35:*.nuv=01;35:*.wmv=01;35:*.asf=01;35:*.rm=01;35:*.rmvb=01;35:*.flc=01;35:*.avi=01;35:*.fli=01;35:*.flv=01;35:*.gl=01;35:*.dl=01;35:*.xcf=01;35:*.xwd=01;35:*.yuv=01;35:*.cgm=01;35:*.emf=01;35:*.ogv=01;35:*.ogx=01;35:*.aac=00;36:*.au=00;36:*.flac=00;36:*.m4a=00;36:*.mid=00;36:*.midi=00;36:*.mka=00;36:*.mp3=00;36:*.mpc=00;36:*.ogg=00;36:*.ra=00;36:*.wav=00;36:*.oga=00;36:*.opus=00;36:*.spx=00;36:*.xspf=00;36:'), ('VSCODE_GIT_IPC_HANDLE', '/run/user/1000/vscode-git-7db71fe166.sock'), ('TERM_PROGRAM', 'vscode'), ('AMENT_PREFIX_PATH', '/home/robot/robot_ws/install/vision_ai_node:/home/robot/robot_ws/install/robot_ai:/home/robot/robot_ws/install/vision_msgs:/home/robot/robot_ws/install/robot_bringup:/home/robot/robot_ws/install/sllidar_ros2:/home/robot/robot_ws/install/robot_serial:/home/robot/robot_ws/install/robot_description:/home/robot/robot_ws/install/robot_camera:/home/robot/robot_ws/install/esp32_ros2_bridge:/home/robot/robot_ws/install/camera_node:/opt/ros/humble'), ('SHELL', '/bin/bash'), ('LESSCLOSE', '/usr/bin/lesspipe %s %s'), ('VSCODE_GIT_ASKPASS_EXTRA_ARGS', ''), ('PWD', '/home/robot/robot_ws/build/sllidar_ros2'), ('LC_ALL', 'en_US.UTF-8'), ('COPILOT_DEBUG_NONCE', 'cb1825ebc9d7300a5c5f8b48b9d9b175'), ('SSH_CONNECTION', '192.168.1.88 62124 192.168.1.253 22'), ('XDG_DATA_DIRS', '/usr/local/share:/usr/share:/var/lib/snapd/desktop'), ('PYTHONPATH', '/home/robot/robot_ws/install/vision_ai_node/lib/python3.10/site-packages:/home/robot/robot_ws/install/robot_ai/lib/python3.10/site-packages:/home/robot/robot_ws/install/vision_msgs/local/lib/python3.10/dist-packages:/home/robot/robot_ws/install/robot_serial/lib/python3.10/site-packages:/home/robot/robot_ws/build/robot_camera:/home/robot/robot_ws/install/robot_camera/lib/python3.10/site-packages:/home/robot/robot_ws/build/esp32_ros2_bridge:/home/robot/robot_ws/install/esp32_ros2_bridge/lib/python3.10/site-packages:/home/robot/robot_ws/install/camera_node/lib/python3.10/site-packages:/opt/ros/humble/lib/python3.10/site-packages:/opt/ros/humble/local/lib/python3.10/dist-packages'), ('COLCON', '1'), ('CMAKE_PREFIX_PATH', '/home/robot/robot_ws/install/vision_msgs:/home/robot/robot_ws/install/robot_bringup:/home/robot/robot_ws/install/sllidar_ros2:/home/robot/robot_ws/install/robot_description:/home/robot/robot_ws/install/vision_ai_node:/home/robot/robot_ws/install/robot_ai:/home/robot/robot_ws/install/robot_serial:/home/robot/robot_ws/install/robot_camera:/home/robot/robot_ws/install/esp32_ros2_bridge:/home/robot/robot_ws/install/camera_node:/opt/ros/humble')]), 'shell': False}
[305.316254] (-) TimerEvent: {}
[305.343658] (sllidar_ros2) StdoutLine: {'line': b'-- Install configuration: ""\n'}
[305.344314] (sllidar_ros2) StdoutLine: {'line': b'-- Installing: /home/robot/robot_ws/install/sllidar_ros2/share/sllidar_ros2/launch\n'}
[305.345008] (sllidar_ros2) StdoutLine: {'line': b'-- Installing: /home/robot/robot_ws/install/sllidar_ros2/share/sllidar_ros2/launch/sllidar_c1_launch.py\n'}
[305.346307] (sllidar_ros2) StdoutLine: {'line': b'-- Installing: /home/robot/robot_ws/install/sllidar_ros2/share/sllidar_ros2/launch/view_sllidar_c1_launch.py\n'}
[305.347305] (sllidar_ros2) StdoutLine: {'line': b'-- Installing: /home/robot/robot_ws/install/sllidar_ros2/share/sllidar_ros2/rviz\n'}
[305.347966] (sllidar_ros2) StdoutLine: {'line': b'-- Installing: /home/robot/robot_ws/install/sllidar_ros2/share/sllidar_ros2/rviz/sllidar_ros2.rviz\n'}
[305.349792] (sllidar_ros2) StdoutLine: {'line': b'-- Installing: /home/robot/robot_ws/install/sllidar_ros2/lib/sllidar_ros2/sllidar_node\n'}
[305.367821] (sllidar_ros2) StdoutLine: {'line': b'-- Set runtime path of "/home/robot/robot_ws/install/sllidar_ros2/lib/sllidar_ros2/sllidar_node" to ""\n'}
[305.368455] (sllidar_ros2) StdoutLine: {'line': b'-- Installing: /home/robot/robot_ws/install/sllidar_ros2/lib/sllidar_ros2/sllidar_client\n'}
[305.399635] (sllidar_ros2) StdoutLine: {'line': b'-- Set runtime path of "/home/robot/robot_ws/install/sllidar_ros2/lib/sllidar_ros2/sllidar_client" to ""\n'}
[305.400665] (sllidar_ros2) StdoutLine: {'line': b'-- Installing: /home/robot/robot_ws/install/sllidar_ros2/share/ament_index/resource_index/package_run_dependencies/sllidar_ros2\n'}
[305.402584] (sllidar_ros2) StdoutLine: {'line': b'-- Installing: /home/robot/robot_ws/install/sllidar_ros2/share/ament_index/resource_index/parent_prefix_path/sllidar_ros2\n'}
[305.404317] (sllidar_ros2) StdoutLine: {'line': b'-- Installing: /home/robot/robot_ws/install/sllidar_ros2/share/sllidar_ros2/environment/ament_prefix_path.sh\n'}
[305.405647] (sllidar_ros2) StdoutLine: {'line': b'-- Installing: /home/robot/robot_ws/install/sllidar_ros2/share/sllidar_ros2/environment/ament_prefix_path.dsv\n'}
[305.406981] (sllidar_ros2) StdoutLine: {'line': b'-- Installing: /home/robot/robot_ws/install/sllidar_ros2/share/sllidar_ros2/environment/path.sh\n'}
[305.408391] (sllidar_ros2) StdoutLine: {'line': b'-- Installing: /home/robot/robot_ws/install/sllidar_ros2/share/sllidar_ros2/environment/path.dsv\n'}
[305.409739] (sllidar_ros2) StdoutLine: {'line': b'-- Installing: /home/robot/robot_ws/install/sllidar_ros2/share/sllidar_ros2/local_setup.bash\n'}
[305.411006] (sllidar_ros2) StdoutLine: {'line': b'-- Installing: /home/robot/robot_ws/install/sllidar_ros2/share/sllidar_ros2/local_setup.sh\n'}
[305.412283] (sllidar_ros2) StdoutLine: {'line': b'-- Installing: /home/robot/robot_ws/install/sllidar_ros2/share/sllidar_ros2/local_setup.zsh\n'}
[305.413531] (sllidar_ros2) StdoutLine: {'line': b'-- Installing: /home/robot/robot_ws/install/sllidar_ros2/share/sllidar_ros2/local_setup.dsv\n'}
[305.414718] (sllidar_ros2) StdoutLine: {'line': b'-- Installing: /home/robot/robot_ws/install/sllidar_ros2/share/sllidar_ros2/package.dsv\n'}
[305.416299] (sllidar_ros2) StdoutLine: {'line': b'-- Installing: /home/robot/robot_ws/install/sllidar_ros2/share/ament_index/resource_index/packages/sllidar_ros2\n'}
[305.416727] (-) TimerEvent: {}
[305.418291] (sllidar_ros2) StdoutLine: {'line': b'-- Installing: /home/robot/robot_ws/install/sllidar_ros2/share/sllidar_ros2/cmake/ament_cmake_export_dependencies-extras.cmake\n'}
[305.419901] (sllidar_ros2) StdoutLine: {'line': b'-- Installing: /home/robot/robot_ws/install/sllidar_ros2/share/sllidar_ros2/cmake/ament_cmake_export_include_directories-extras.cmake\n'}
[305.421380] (sllidar_ros2) StdoutLine: {'line': b'-- Installing: /home/robot/robot_ws/install/sllidar_ros2/share/sllidar_ros2/cmake/sllidar_ros2Config.cmake\n'}
[305.422586] (sllidar_ros2) StdoutLine: {'line': b'-- Installing: /home/robot/robot_ws/install/sllidar_ros2/share/sllidar_ros2/cmake/sllidar_ros2Config-version.cmake\n'}
[305.424090] (sllidar_ros2) StdoutLine: {'line': b'-- Installing: /home/robot/robot_ws/install/sllidar_ros2/share/sllidar_ros2/package.xml\n'}
[305.430774] (sllidar_ros2) CommandEnded: {'returncode': 0}
[305.504986] (sllidar_ros2) JobEnded: {'identifier': 'sllidar_ros2', 'rc': 0}
[305.513850] (robot_bringup) JobStarted: {'identifier': 'robot_bringup'}
[305.517184] (-) TimerEvent: {}
[305.557628] (robot_bringup) JobProgress: {'identifier': 'robot_bringup', 'progress': 'cmake'}
[305.560377] (robot_bringup) Command: {'cmd': ['/usr/bin/cmake', '/home/robot/robot_ws/src/robot_bringup', '-DCMAKE_INSTALL_PREFIX=/home/robot/robot_ws/install/robot_bringup'], 'cwd': '/home/robot/robot_ws/build/robot_bringup', 'env': OrderedDict([('LESSOPEN', '| /usr/bin/lesspipe %s'), ('USER', 'robot'), ('SSH_CLIENT', '192.168.1.88 62124 22'), ('XDG_SESSION_TYPE', 'tty'), ('GIT_ASKPASS', '/home/robot/.vscode-server/cli/servers/Stable-1b6a188127eeaf9194f945eb6eb89a657e93c54c/server/extensions/git/dist/askpass.sh'), ('SHLVL', '1'), ('LD_LIBRARY_PATH', '/home/robot/robot_ws/install/vision_msgs/lib:/opt/ros/humble/opt/rviz_ogre_vendor/lib:/opt/ros/humble/lib/aarch64-linux-gnu:/opt/ros/humble/lib'), ('BROWSER', '/home/robot/.vscode-server/cli/servers/Stable-1b6a188127eeaf9194f945eb6eb89a657e93c54c/server/bin/helpers/browser.sh'), ('MOTD_SHOWN', 'pam'), ('HOME', '/home/robot'), ('OLDPWD', '/home/robot/robot_ws'), ('TERM_PROGRAM_VERSION', '1.130.0'), ('VSCODE_IPC_HOOK_CLI', '/run/user/1000/vscode-ipc-590b6df8-ecea-44ec-b569-7876fc689e68.sock'), ('ROS_PYTHON_VERSION', '3'), ('VSCODE_GIT_ASKPASS_MAIN', '/home/robot/.vscode-server/cli/servers/Stable-1b6a188127eeaf9194f945eb6eb89a657e93c54c/server/extensions/git/dist/askpass-main.js'), ('VSCODE_GIT_ASKPASS_NODE', '/home/robot/.vscode-server/cli/servers/Stable-1b6a188127eeaf9194f945eb6eb89a657e93c54c/server/node'), ('VSCODE_PYTHON_AUTOACTIVATE_GUARD', '1'), ('DBUS_SESSION_BUS_ADDRESS', 'unix:path=/run/user/1000/bus'), ('COLORTERM', 'truecolor'), ('COLCON_PREFIX_PATH', '/home/robot/robot_ws/install'), ('ROS_DISTRO', 'humble'), ('LOGNAME', 'robot'), ('_', '/usr/bin/colcon'), ('ROS_VERSION', '2'), ('XDG_SESSION_CLASS', 'user'), ('TERM', 'xterm-256color'), ('XDG_SESSION_ID', '3'), ('ROS_LOCALHOST_ONLY', '0'), ('PATH', '/home/robot/.vscode-server/data/User/globalStorage/github.copilot-chat/debugCommand:/home/robot/.vscode-server/data/User/globalStorage/github.copilot-chat/copilotCli:/home/robot/.vscode-server/cli/servers/Stable-1b6a188127eeaf9194f945eb6eb89a657e93c54c/server/bin/remote-cli:/home/robot/.local/bin:/home/robot/robot_ws/install/esp32_ros2_bridge/bin:/opt/ros/humble/bin:/usr/local/sbin:/usr/local/bin:/usr/sbin:/usr/bin:/sbin:/bin:/usr/games:/usr/local/games:/snap/bin'), ('XDG_RUNTIME_DIR', '/run/user/1000'), ('LANG', 'en_US.UTF-8'), ('LS_COLORS', 'rs=0:di=01;34:ln=01;36:mh=00:pi=40;33:so=01;35:do=01;35:bd=40;33;01:cd=40;33;01:or=40;31;01:mi=00:su=37;41:sg=30;43:ca=30;41:tw=30;42:ow=34;42:st=37;44:ex=01;32:*.tar=01;31:*.tgz=01;31:*.arc=01;31:*.arj=01;31:*.taz=01;31:*.lha=01;31:*.lz4=01;31:*.lzh=01;31:*.lzma=01;31:*.tlz=01;31:*.txz=01;31:*.tzo=01;31:*.t7z=01;31:*.zip=01;31:*.z=01;31:*.dz=01;31:*.gz=01;31:*.lrz=01;31:*.lz=01;31:*.lzo=01;31:*.xz=01;31:*.zst=01;31:*.tzst=01;31:*.bz2=01;31:*.bz=01;31:*.tbz=01;31:*.tbz2=01;31:*.tz=01;31:*.deb=01;31:*.rpm=01;31:*.jar=01;31:*.war=01;31:*.ear=01;31:*.sar=01;31:*.rar=01;31:*.alz=01;31:*.ace=01;31:*.zoo=01;31:*.cpio=01;31:*.7z=01;31:*.rz=01;31:*.cab=01;31:*.wim=01;31:*.swm=01;31:*.dwm=01;31:*.esd=01;31:*.jpg=01;35:*.jpeg=01;35:*.mjpg=01;35:*.mjpeg=01;35:*.gif=01;35:*.bmp=01;35:*.pbm=01;35:*.pgm=01;35:*.ppm=01;35:*.tga=01;35:*.xbm=01;35:*.xpm=01;35:*.tif=01;35:*.tiff=01;35:*.png=01;35:*.svg=01;35:*.svgz=01;35:*.mng=01;35:*.pcx=01;35:*.mov=01;35:*.mpg=01;35:*.mpeg=01;35:*.m2v=01;35:*.mkv=01;35:*.webm=01;35:*.webp=01;35:*.ogm=01;35:*.mp4=01;35:*.m4v=01;35:*.mp4v=01;35:*.vob=01;35:*.qt=01;35:*.nuv=01;35:*.wmv=01;35:*.asf=01;35:*.rm=01;35:*.rmvb=01;35:*.flc=01;35:*.avi=01;35:*.fli=01;35:*.flv=01;35:*.gl=01;35:*.dl=01;35:*.xcf=01;35:*.xwd=01;35:*.yuv=01;35:*.cgm=01;35:*.emf=01;35:*.ogv=01;35:*.ogx=01;35:*.aac=00;36:*.au=00;36:*.flac=00;36:*.m4a=00;36:*.mid=00;36:*.midi=00;36:*.mka=00;36:*.mp3=00;36:*.mpc=00;36:*.ogg=00;36:*.ra=00;36:*.wav=00;36:*.oga=00;36:*.opus=00;36:*.spx=00;36:*.xspf=00;36:'), ('VSCODE_GIT_IPC_HANDLE', '/run/user/1000/vscode-git-7db71fe166.sock'), ('TERM_PROGRAM', 'vscode'), ('AMENT_PREFIX_PATH', '/home/robot/robot_ws/install/vision_ai_node:/home/robot/robot_ws/install/robot_ai:/home/robot/robot_ws/install/vision_msgs:/home/robot/robot_ws/install/robot_bringup:/home/robot/robot_ws/install/sllidar_ros2:/home/robot/robot_ws/install/robot_serial:/home/robot/robot_ws/install/robot_description:/home/robot/robot_ws/install/robot_camera:/home/robot/robot_ws/install/esp32_ros2_bridge:/home/robot/robot_ws/install/camera_node:/opt/ros/humble'), ('SHELL', '/bin/bash'), ('LESSCLOSE', '/usr/bin/lesspipe %s %s'), ('VSCODE_GIT_ASKPASS_EXTRA_ARGS', ''), ('PWD', '/home/robot/robot_ws/build/robot_bringup'), ('LC_ALL', 'en_US.UTF-8'), ('COPILOT_DEBUG_NONCE', 'cb1825ebc9d7300a5c5f8b48b9d9b175'), ('SSH_CONNECTION', '192.168.1.88 62124 192.168.1.253 22'), ('XDG_DATA_DIRS', '/usr/local/share:/usr/share:/var/lib/snapd/desktop'), ('PYTHONPATH', '/home/robot/robot_ws/install/vision_ai_node/lib/python3.10/site-packages:/home/robot/robot_ws/install/robot_ai/lib/python3.10/site-packages:/home/robot/robot_ws/install/vision_msgs/local/lib/python3.10/dist-packages:/home/robot/robot_ws/install/robot_serial/lib/python3.10/site-packages:/home/robot/robot_ws/build/robot_camera:/home/robot/robot_ws/install/robot_camera/lib/python3.10/site-packages:/home/robot/robot_ws/build/esp32_ros2_bridge:/home/robot/robot_ws/install/esp32_ros2_bridge/lib/python3.10/site-packages:/home/robot/robot_ws/install/camera_node/lib/python3.10/site-packages:/opt/ros/humble/lib/python3.10/site-packages:/opt/ros/humble/local/lib/python3.10/dist-packages'), ('COLCON', '1'), ('CMAKE_PREFIX_PATH', '/home/robot/robot_ws/install/sllidar_ros2:/home/robot/robot_ws/install/robot_description:/home/robot/robot_ws/install/vision_msgs:/home/robot/robot_ws/install/robot_bringup:/home/robot/robot_ws/install/vision_ai_node:/home/robot/robot_ws/install/robot_ai:/home/robot/robot_ws/install/robot_serial:/home/robot/robot_ws/install/robot_camera:/home/robot/robot_ws/install/esp32_ros2_bridge:/home/robot/robot_ws/install/camera_node:/opt/ros/humble')]), 'shell': False}
[305.617416] (-) TimerEvent: {}
[305.718325] (-) TimerEvent: {}
[305.819175] (-) TimerEvent: {}
[305.920100] (-) TimerEvent: {}
[305.939702] (robot_bringup) StdoutLine: {'line': b'-- The C compiler identification is GNU 11.4.0\n'}
[306.020275] (-) TimerEvent: {}
[306.121043] (-) TimerEvent: {}
[306.221818] (-) TimerEvent: {}
[306.261836] (robot_bringup) StdoutLine: {'line': b'-- The CXX compiler identification is GNU 11.4.0\n'}
[306.298667] (robot_bringup) StdoutLine: {'line': b'-- Detecting C compiler ABI info\n'}
[306.322004] (-) TimerEvent: {}
[306.423355] (-) TimerEvent: {}
[306.524206] (-) TimerEvent: {}
[306.625083] (-) TimerEvent: {}
[306.699488] (robot_bringup) StdoutLine: {'line': b'-- Detecting C compiler ABI info - done\n'}
[306.725199] (-) TimerEvent: {}
[306.730870] (robot_bringup) StdoutLine: {'line': b'-- Check for working C compiler: /usr/bin/cc - skipped\n'}
[306.732875] (robot_bringup) StdoutLine: {'line': b'-- Detecting C compile features\n'}
[306.734983] (robot_bringup) StdoutLine: {'line': b'-- Detecting C compile features - done\n'}
[306.747709] (robot_bringup) StdoutLine: {'line': b'-- Detecting CXX compiler ABI info\n'}
[306.825397] (-) TimerEvent: {}
[306.926369] (-) TimerEvent: {}
[307.028615] (-) TimerEvent: {}
[307.129423] (-) TimerEvent: {}
[307.185049] (robot_bringup) StdoutLine: {'line': b'-- Detecting CXX compiler ABI info - done\n'}
[307.215508] (robot_bringup) StdoutLine: {'line': b'-- Check for working CXX compiler: /usr/bin/c++ - skipped\n'}
[307.216544] (robot_bringup) StdoutLine: {'line': b'-- Detecting CXX compile features\n'}
[307.218441] (robot_bringup) StdoutLine: {'line': b'-- Detecting CXX compile features - done\n'}
[307.229568] (-) TimerEvent: {}
[307.261197] (robot_bringup) StdoutLine: {'line': b'-- Found ament_cmake: 1.3.14 (/opt/ros/humble/share/ament_cmake/cmake)\n'}
[307.329775] (-) TimerEvent: {}
[307.430562] (-) TimerEvent: {}
[307.531692] (-) TimerEvent: {}
[307.632731] (-) TimerEvent: {}
[307.733901] (-) TimerEvent: {}
[307.835013] (-) TimerEvent: {}
[307.936013] (-) TimerEvent: {}
[308.036995] (-) TimerEvent: {}
[308.137813] (-) TimerEvent: {}
[308.238650] (-) TimerEvent: {}
[308.339598] (-) TimerEvent: {}
[308.440318] (-) TimerEvent: {}
[308.541034] (-) TimerEvent: {}
[308.641716] (-) TimerEvent: {}
[308.742563] (-) TimerEvent: {}
[308.845642] (-) TimerEvent: {}
[308.947347] (-) TimerEvent: {}
[309.050176] (-) TimerEvent: {}
[309.148189] (robot_bringup) StdoutLine: {'line': b'-- Found Python3: /usr/bin/python3 (found version "3.10.12") found components: Interpreter \n'}
[309.150379] (-) TimerEvent: {}
[309.251143] (-) TimerEvent: {}
[309.352095] (-) TimerEvent: {}
[309.452839] (-) TimerEvent: {}
[309.553661] (-) TimerEvent: {}
[309.654369] (-) TimerEvent: {}
[309.755100] (-) TimerEvent: {}
[309.855816] (-) TimerEvent: {}
[310.005058] (-) TimerEvent: {}
[310.019665] (robot_bringup) StdoutLine: {'line': b'-- Found ament_lint_auto: 0.12.15 (/opt/ros/humble/share/ament_lint_auto/cmake)\n'}
[310.105325] (-) TimerEvent: {}
[310.206430] (-) TimerEvent: {}
[310.307248] (-) TimerEvent: {}
[310.408253] (-) TimerEvent: {}
[310.508959] (-) TimerEvent: {}
[310.609675] (-) TimerEvent: {}
[310.674726] (robot_bringup) StdoutLine: {'line': b"-- Added test 'copyright' to check source files copyright and LICENSE\n"}
[310.709846] (-) TimerEvent: {}
[310.729637] (robot_bringup) StdoutLine: {'line': b"-- Added test 'flake8' to check Python code syntax and style conventions\n"}
[310.740147] (robot_bringup) StdoutLine: {'line': b"-- Added test 'lint_cmake' to check CMake code style\n"}
[310.747654] (robot_bringup) StdoutLine: {'line': b"-- Added test 'pep257' to check Python code against some of the docstring style conventions in PEP 257\n"}
[310.777778] (robot_bringup) StdoutLine: {'line': b"-- Added test 'xmllint' to check XML markup files\n"}
[310.789823] (robot_bringup) StdoutLine: {'line': b'-- Configuring done\n'}
[310.810032] (-) TimerEvent: {}
[310.815254] (robot_bringup) StdoutLine: {'line': b'-- Generating done\n'}
[310.827926] (robot_bringup) StdoutLine: {'line': b'-- Build files have been written to: /home/robot/robot_ws/build/robot_bringup\n'}
[310.845382] (robot_bringup) CommandEnded: {'returncode': 0}
[310.847291] (robot_bringup) JobProgress: {'identifier': 'robot_bringup', 'progress': 'build'}
[310.848240] (robot_bringup) Command: {'cmd': ['/usr/bin/cmake', '--build', '/home/robot/robot_ws/build/robot_bringup', '--', '-j4', '-l4'], 'cwd': '/home/robot/robot_ws/build/robot_bringup', 'env': OrderedDict([('LESSOPEN', '| /usr/bin/lesspipe %s'), ('USER', 'robot'), ('SSH_CLIENT', '192.168.1.88 62124 22'), ('XDG_SESSION_TYPE', 'tty'), ('GIT_ASKPASS', '/home/robot/.vscode-server/cli/servers/Stable-1b6a188127eeaf9194f945eb6eb89a657e93c54c/server/extensions/git/dist/askpass.sh'), ('SHLVL', '1'), ('LD_LIBRARY_PATH', '/home/robot/robot_ws/install/vision_msgs/lib:/opt/ros/humble/opt/rviz_ogre_vendor/lib:/opt/ros/humble/lib/aarch64-linux-gnu:/opt/ros/humble/lib'), ('BROWSER', '/home/robot/.vscode-server/cli/servers/Stable-1b6a188127eeaf9194f945eb6eb89a657e93c54c/server/bin/helpers/browser.sh'), ('MOTD_SHOWN', 'pam'), ('HOME', '/home/robot'), ('OLDPWD', '/home/robot/robot_ws'), ('TERM_PROGRAM_VERSION', '1.130.0'), ('VSCODE_IPC_HOOK_CLI', '/run/user/1000/vscode-ipc-590b6df8-ecea-44ec-b569-7876fc689e68.sock'), ('ROS_PYTHON_VERSION', '3'), ('VSCODE_GIT_ASKPASS_MAIN', '/home/robot/.vscode-server/cli/servers/Stable-1b6a188127eeaf9194f945eb6eb89a657e93c54c/server/extensions/git/dist/askpass-main.js'), ('VSCODE_GIT_ASKPASS_NODE', '/home/robot/.vscode-server/cli/servers/Stable-1b6a188127eeaf9194f945eb6eb89a657e93c54c/server/node'), ('VSCODE_PYTHON_AUTOACTIVATE_GUARD', '1'), ('DBUS_SESSION_BUS_ADDRESS', 'unix:path=/run/user/1000/bus'), ('COLORTERM', 'truecolor'), ('COLCON_PREFIX_PATH', '/home/robot/robot_ws/install'), ('ROS_DISTRO', 'humble'), ('LOGNAME', 'robot'), ('_', '/usr/bin/colcon'), ('ROS_VERSION', '2'), ('XDG_SESSION_CLASS', 'user'), ('TERM', 'xterm-256color'), ('XDG_SESSION_ID', '3'), ('ROS_LOCALHOST_ONLY', '0'), ('PATH', '/home/robot/.vscode-server/data/User/globalStorage/github.copilot-chat/debugCommand:/home/robot/.vscode-server/data/User/globalStorage/github.copilot-chat/copilotCli:/home/robot/.vscode-server/cli/servers/Stable-1b6a188127eeaf9194f945eb6eb89a657e93c54c/server/bin/remote-cli:/home/robot/.local/bin:/home/robot/robot_ws/install/esp32_ros2_bridge/bin:/opt/ros/humble/bin:/usr/local/sbin:/usr/local/bin:/usr/sbin:/usr/bin:/sbin:/bin:/usr/games:/usr/local/games:/snap/bin'), ('XDG_RUNTIME_DIR', '/run/user/1000'), ('LANG', 'en_US.UTF-8'), ('LS_COLORS', 'rs=0:di=01;34:ln=01;36:mh=00:pi=40;33:so=01;35:do=01;35:bd=40;33;01:cd=40;33;01:or=40;31;01:mi=00:su=37;41:sg=30;43:ca=30;41:tw=30;42:ow=34;42:st=37;44:ex=01;32:*.tar=01;31:*.tgz=01;31:*.arc=01;31:*.arj=01;31:*.taz=01;31:*.lha=01;31:*.lz4=01;31:*.lzh=01;31:*.lzma=01;31:*.tlz=01;31:*.txz=01;31:*.tzo=01;31:*.t7z=01;31:*.zip=01;31:*.z=01;31:*.dz=01;31:*.gz=01;31:*.lrz=01;31:*.lz=01;31:*.lzo=01;31:*.xz=01;31:*.zst=01;31:*.tzst=01;31:*.bz2=01;31:*.bz=01;31:*.tbz=01;31:*.tbz2=01;31:*.tz=01;31:*.deb=01;31:*.rpm=01;31:*.jar=01;31:*.war=01;31:*.ear=01;31:*.sar=01;31:*.rar=01;31:*.alz=01;31:*.ace=01;31:*.zoo=01;31:*.cpio=01;31:*.7z=01;31:*.rz=01;31:*.cab=01;31:*.wim=01;31:*.swm=01;31:*.dwm=01;31:*.esd=01;31:*.jpg=01;35:*.jpeg=01;35:*.mjpg=01;35:*.mjpeg=01;35:*.gif=01;35:*.bmp=01;35:*.pbm=01;35:*.pgm=01;35:*.ppm=01;35:*.tga=01;35:*.xbm=01;35:*.xpm=01;35:*.tif=01;35:*.tiff=01;35:*.png=01;35:*.svg=01;35:*.svgz=01;35:*.mng=01;35:*.pcx=01;35:*.mov=01;35:*.mpg=01;35:*.mpeg=01;35:*.m2v=01;35:*.mkv=01;35:*.webm=01;35:*.webp=01;35:*.ogm=01;35:*.mp4=01;35:*.m4v=01;35:*.mp4v=01;35:*.vob=01;35:*.qt=01;35:*.nuv=01;35:*.wmv=01;35:*.asf=01;35:*.rm=01;35:*.rmvb=01;35:*.flc=01;35:*.avi=01;35:*.fli=01;35:*.flv=01;35:*.gl=01;35:*.dl=01;35:*.xcf=01;35:*.xwd=01;35:*.yuv=01;35:*.cgm=01;35:*.emf=01;35:*.ogv=01;35:*.ogx=01;35:*.aac=00;36:*.au=00;36:*.flac=00;36:*.m4a=00;36:*.mid=00;36:*.midi=00;36:*.mka=00;36:*.mp3=00;36:*.mpc=00;36:*.ogg=00;36:*.ra=00;36:*.wav=00;36:*.oga=00;36:*.opus=00;36:*.spx=00;36:*.xspf=00;36:'), ('VSCODE_GIT_IPC_HANDLE', '/run/user/1000/vscode-git-7db71fe166.sock'), ('TERM_PROGRAM', 'vscode'), ('AMENT_PREFIX_PATH', '/home/robot/robot_ws/install/vision_ai_node:/home/robot/robot_ws/install/robot_ai:/home/robot/robot_ws/install/vision_msgs:/home/robot/robot_ws/install/robot_bringup:/home/robot/robot_ws/install/sllidar_ros2:/home/robot/robot_ws/install/robot_serial:/home/robot/robot_ws/install/robot_description:/home/robot/robot_ws/install/robot_camera:/home/robot/robot_ws/install/esp32_ros2_bridge:/home/robot/robot_ws/install/camera_node:/opt/ros/humble'), ('SHELL', '/bin/bash'), ('LESSCLOSE', '/usr/bin/lesspipe %s %s'), ('VSCODE_GIT_ASKPASS_EXTRA_ARGS', ''), ('PWD', '/home/robot/robot_ws/build/robot_bringup'), ('LC_ALL', 'en_US.UTF-8'), ('COPILOT_DEBUG_NONCE', 'cb1825ebc9d7300a5c5f8b48b9d9b175'), ('SSH_CONNECTION', '192.168.1.88 62124 192.168.1.253 22'), ('XDG_DATA_DIRS', '/usr/local/share:/usr/share:/var/lib/snapd/desktop'), ('PYTHONPATH', '/home/robot/robot_ws/install/vision_ai_node/lib/python3.10/site-packages:/home/robot/robot_ws/install/robot_ai/lib/python3.10/site-packages:/home/robot/robot_ws/install/vision_msgs/local/lib/python3.10/dist-packages:/home/robot/robot_ws/install/robot_serial/lib/python3.10/site-packages:/home/robot/robot_ws/build/robot_camera:/home/robot/robot_ws/install/robot_camera/lib/python3.10/site-packages:/home/robot/robot_ws/build/esp32_ros2_bridge:/home/robot/robot_ws/install/esp32_ros2_bridge/lib/python3.10/site-packages:/home/robot/robot_ws/install/camera_node/lib/python3.10/site-packages:/opt/ros/humble/lib/python3.10/site-packages:/opt/ros/humble/local/lib/python3.10/dist-packages'), ('COLCON', '1'), ('CMAKE_PREFIX_PATH', '/home/robot/robot_ws/install/sllidar_ros2:/home/robot/robot_ws/install/robot_description:/home/robot/robot_ws/install/vision_msgs:/home/robot/robot_ws/install/robot_bringup:/home/robot/robot_ws/install/vision_ai_node:/home/robot/robot_ws/install/robot_ai:/home/robot/robot_ws/install/robot_serial:/home/robot/robot_ws/install/robot_camera:/home/robot/robot_ws/install/esp32_ros2_bridge:/home/robot/robot_ws/install/camera_node:/opt/ros/humble')]), 'shell': False}
[310.910303] (-) TimerEvent: {}
[311.011171] (-) TimerEvent: {}
[311.055720] (robot_bringup) CommandEnded: {'returncode': 0}
[311.059958] (robot_bringup) JobProgress: {'identifier': 'robot_bringup', 'progress': 'install'}
[311.062507] (robot_bringup) Command: {'cmd': ['/usr/bin/cmake', '--install', '/home/robot/robot_ws/build/robot_bringup'], 'cwd': '/home/robot/robot_ws/build/robot_bringup', 'env': OrderedDict([('LESSOPEN', '| /usr/bin/lesspipe %s'), ('USER', 'robot'), ('SSH_CLIENT', '192.168.1.88 62124 22'), ('XDG_SESSION_TYPE', 'tty'), ('GIT_ASKPASS', '/home/robot/.vscode-server/cli/servers/Stable-1b6a188127eeaf9194f945eb6eb89a657e93c54c/server/extensions/git/dist/askpass.sh'), ('SHLVL', '1'), ('LD_LIBRARY_PATH', '/home/robot/robot_ws/install/vision_msgs/lib:/opt/ros/humble/opt/rviz_ogre_vendor/lib:/opt/ros/humble/lib/aarch64-linux-gnu:/opt/ros/humble/lib'), ('BROWSER', '/home/robot/.vscode-server/cli/servers/Stable-1b6a188127eeaf9194f945eb6eb89a657e93c54c/server/bin/helpers/browser.sh'), ('MOTD_SHOWN', 'pam'), ('HOME', '/home/robot'), ('OLDPWD', '/home/robot/robot_ws'), ('TERM_PROGRAM_VERSION', '1.130.0'), ('VSCODE_IPC_HOOK_CLI', '/run/user/1000/vscode-ipc-590b6df8-ecea-44ec-b569-7876fc689e68.sock'), ('ROS_PYTHON_VERSION', '3'), ('VSCODE_GIT_ASKPASS_MAIN', '/home/robot/.vscode-server/cli/servers/Stable-1b6a188127eeaf9194f945eb6eb89a657e93c54c/server/extensions/git/dist/askpass-main.js'), ('VSCODE_GIT_ASKPASS_NODE', '/home/robot/.vscode-server/cli/servers/Stable-1b6a188127eeaf9194f945eb6eb89a657e93c54c/server/node'), ('VSCODE_PYTHON_AUTOACTIVATE_GUARD', '1'), ('DBUS_SESSION_BUS_ADDRESS', 'unix:path=/run/user/1000/bus'), ('COLORTERM', 'truecolor'), ('COLCON_PREFIX_PATH', '/home/robot/robot_ws/install'), ('ROS_DISTRO', 'humble'), ('LOGNAME', 'robot'), ('_', '/usr/bin/colcon'), ('ROS_VERSION', '2'), ('XDG_SESSION_CLASS', 'user'), ('TERM', 'xterm-256color'), ('XDG_SESSION_ID', '3'), ('ROS_LOCALHOST_ONLY', '0'), ('PATH', '/home/robot/.vscode-server/data/User/globalStorage/github.copilot-chat/debugCommand:/home/robot/.vscode-server/data/User/globalStorage/github.copilot-chat/copilotCli:/home/robot/.vscode-server/cli/servers/Stable-1b6a188127eeaf9194f945eb6eb89a657e93c54c/server/bin/remote-cli:/home/robot/.local/bin:/home/robot/robot_ws/install/esp32_ros2_bridge/bin:/opt/ros/humble/bin:/usr/local/sbin:/usr/local/bin:/usr/sbin:/usr/bin:/sbin:/bin:/usr/games:/usr/local/games:/snap/bin'), ('XDG_RUNTIME_DIR', '/run/user/1000'), ('LANG', 'en_US.UTF-8'), ('LS_COLORS', 'rs=0:di=01;34:ln=01;36:mh=00:pi=40;33:so=01;35:do=01;35:bd=40;33;01:cd=40;33;01:or=40;31;01:mi=00:su=37;41:sg=30;43:ca=30;41:tw=30;42:ow=34;42:st=37;44:ex=01;32:*.tar=01;31:*.tgz=01;31:*.arc=01;31:*.arj=01;31:*.taz=01;31:*.lha=01;31:*.lz4=01;31:*.lzh=01;31:*.lzma=01;31:*.tlz=01;31:*.txz=01;31:*.tzo=01;31:*.t7z=01;31:*.zip=01;31:*.z=01;31:*.dz=01;31:*.gz=01;31:*.lrz=01;31:*.lz=01;31:*.lzo=01;31:*.xz=01;31:*.zst=01;31:*.tzst=01;31:*.bz2=01;31:*.bz=01;31:*.tbz=01;31:*.tbz2=01;31:*.tz=01;31:*.deb=01;31:*.rpm=01;31:*.jar=01;31:*.war=01;31:*.ear=01;31:*.sar=01;31:*.rar=01;31:*.alz=01;31:*.ace=01;31:*.zoo=01;31:*.cpio=01;31:*.7z=01;31:*.rz=01;31:*.cab=01;31:*.wim=01;31:*.swm=01;31:*.dwm=01;31:*.esd=01;31:*.jpg=01;35:*.jpeg=01;35:*.mjpg=01;35:*.mjpeg=01;35:*.gif=01;35:*.bmp=01;35:*.pbm=01;35:*.pgm=01;35:*.ppm=01;35:*.tga=01;35:*.xbm=01;35:*.xpm=01;35:*.tif=01;35:*.tiff=01;35:*.png=01;35:*.svg=01;35:*.svgz=01;35:*.mng=01;35:*.pcx=01;35:*.mov=01;35:*.mpg=01;35:*.mpeg=01;35:*.m2v=01;35:*.mkv=01;35:*.webm=01;35:*.webp=01;35:*.ogm=01;35:*.mp4=01;35:*.m4v=01;35:*.mp4v=01;35:*.vob=01;35:*.qt=01;35:*.nuv=01;35:*.wmv=01;35:*.asf=01;35:*.rm=01;35:*.rmvb=01;35:*.flc=01;35:*.avi=01;35:*.fli=01;35:*.flv=01;35:*.gl=01;35:*.dl=01;35:*.xcf=01;35:*.xwd=01;35:*.yuv=01;35:*.cgm=01;35:*.emf=01;35:*.ogv=01;35:*.ogx=01;35:*.aac=00;36:*.au=00;36:*.flac=00;36:*.m4a=00;36:*.mid=00;36:*.midi=00;36:*.mka=00;36:*.mp3=00;36:*.mpc=00;36:*.ogg=00;36:*.ra=00;36:*.wav=00;36:*.oga=00;36:*.opus=00;36:*.spx=00;36:*.xspf=00;36:'), ('VSCODE_GIT_IPC_HANDLE', '/run/user/1000/vscode-git-7db71fe166.sock'), ('TERM_PROGRAM', 'vscode'), ('AMENT_PREFIX_PATH', '/home/robot/robot_ws/install/vision_ai_node:/home/robot/robot_ws/install/robot_ai:/home/robot/robot_ws/install/vision_msgs:/home/robot/robot_ws/install/robot_bringup:/home/robot/robot_ws/install/sllidar_ros2:/home/robot/robot_ws/install/robot_serial:/home/robot/robot_ws/install/robot_description:/home/robot/robot_ws/install/robot_camera:/home/robot/robot_ws/install/esp32_ros2_bridge:/home/robot/robot_ws/install/camera_node:/opt/ros/humble'), ('SHELL', '/bin/bash'), ('LESSCLOSE', '/usr/bin/lesspipe %s %s'), ('VSCODE_GIT_ASKPASS_EXTRA_ARGS', ''), ('PWD', '/home/robot/robot_ws/build/robot_bringup'), ('LC_ALL', 'en_US.UTF-8'), ('COPILOT_DEBUG_NONCE', 'cb1825ebc9d7300a5c5f8b48b9d9b175'), ('SSH_CONNECTION', '192.168.1.88 62124 192.168.1.253 22'), ('XDG_DATA_DIRS', '/usr/local/share:/usr/share:/var/lib/snapd/desktop'), ('PYTHONPATH', '/home/robot/robot_ws/install/vision_ai_node/lib/python3.10/site-packages:/home/robot/robot_ws/install/robot_ai/lib/python3.10/site-packages:/home/robot/robot_ws/install/vision_msgs/local/lib/python3.10/dist-packages:/home/robot/robot_ws/install/robot_serial/lib/python3.10/site-packages:/home/robot/robot_ws/build/robot_camera:/home/robot/robot_ws/install/robot_camera/lib/python3.10/site-packages:/home/robot/robot_ws/build/esp32_ros2_bridge:/home/robot/robot_ws/install/esp32_ros2_bridge/lib/python3.10/site-packages:/home/robot/robot_ws/install/camera_node/lib/python3.10/site-packages:/opt/ros/humble/lib/python3.10/site-packages:/opt/ros/humble/local/lib/python3.10/dist-packages'), ('COLCON', '1'), ('CMAKE_PREFIX_PATH', '/home/robot/robot_ws/install/sllidar_ros2:/home/robot/robot_ws/install/robot_description:/home/robot/robot_ws/install/vision_msgs:/home/robot/robot_ws/install/robot_bringup:/home/robot/robot_ws/install/vision_ai_node:/home/robot/robot_ws/install/robot_ai:/home/robot/robot_ws/install/robot_serial:/home/robot/robot_ws/install/robot_camera:/home/robot/robot_ws/install/esp32_ros2_bridge:/home/robot/robot_ws/install/camera_node:/opt/ros/humble')]), 'shell': False}
[311.102565] (robot_bringup) StdoutLine: {'line': b'-- Install configuration: ""\n'}
[311.103291] (robot_bringup) StdoutLine: {'line': b'-- Installing: /home/robot/robot_ws/install/robot_bringup/share/robot_bringup//launch\n'}
[311.104002] (robot_bringup) StdoutLine: {'line': b'-- Installing: /home/robot/robot_ws/install/robot_bringup/share/robot_bringup//launch/ai.launch.py\n'}
[311.105263] (robot_bringup) StdoutLine: {'line': b'-- Installing: /home/robot/robot_ws/install/robot_bringup/share/robot_bringup//launch/full_robot.launch.py\n'}
[311.106351] (robot_bringup) StdoutLine: {'line': b'-- Installing: /home/robot/robot_ws/install/robot_bringup/share/robot_bringup//launch/slam.launch.py\n'}
[311.107352] (robot_bringup) StdoutLine: {'line': b'-- Installing: /home/robot/robot_ws/install/robot_bringup/share/robot_bringup//launch/__pycache__\n'}
[311.108130] (robot_bringup) StdoutLine: {'line': b'-- Installing: /home/robot/robot_ws/install/robot_bringup/share/robot_bringup//launch/__pycache__/ai.launch.cpython-310.pyc\n'}
[311.109396] (robot_bringup) StdoutLine: {'line': b'-- Installing: /home/robot/robot_ws/install/robot_bringup/share/robot_bringup//launch/__pycache__/full_robot.launch.cpython-310.pyc\n'}
[311.110632] (robot_bringup) StdoutLine: {'line': b'-- Installing: /home/robot/robot_ws/install/robot_bringup/share/robot_bringup//launch/__pycache__/minimal.launch.cpython-310.pyc\n'}
[311.111248] (-) TimerEvent: {}
[311.111937] (robot_bringup) StdoutLine: {'line': b'-- Installing: /home/robot/robot_ws/install/robot_bringup/share/robot_bringup//launch/__pycache__/slam.launch.cpython-310.pyc\n'}
[311.113253] (robot_bringup) StdoutLine: {'line': b'-- Installing: /home/robot/robot_ws/install/robot_bringup/share/robot_bringup//launch/__pycache__/view_robot.launch.cpython-310.pyc\n'}
[311.114441] (robot_bringup) StdoutLine: {'line': b'-- Installing: /home/robot/robot_ws/install/robot_bringup/share/robot_bringup//launch/__pycache__/nav2.launch.cpython-310.pyc\n'}
[311.115566] (robot_bringup) StdoutLine: {'line': b'-- Installing: /home/robot/robot_ws/install/robot_bringup/share/robot_bringup//launch/minimal.launch.py\n'}
[311.116691] (robot_bringup) StdoutLine: {'line': b'-- Installing: /home/robot/robot_ws/install/robot_bringup/share/robot_bringup//launch/localization.launch.py\n'}
[311.118778] (robot_bringup) StdoutLine: {'line': b'-- Installing: /home/robot/robot_ws/install/robot_bringup/share/robot_bringup//launch/robot.launch.py\n'}
[311.119705] (robot_bringup) StdoutLine: {'line': b'-- Installing: /home/robot/robot_ws/install/robot_bringup/share/robot_bringup//launch/lidar.launch.py\n'}
[311.120782] (robot_bringup) StdoutLine: {'line': b'-- Installing: /home/robot/robot_ws/install/robot_bringup/share/robot_bringup//launch/view_robot.launch.py\n'}
[311.121978] (robot_bringup) StdoutLine: {'line': b'-- Installing: /home/robot/robot_ws/install/robot_bringup/share/robot_bringup//launch/nav2.launch.py\n'}
[311.123191] (robot_bringup) StdoutLine: {'line': b'-- Installing: /home/robot/robot_ws/install/robot_bringup/share/robot_bringup//config\n'}
[311.123880] (robot_bringup) StdoutLine: {'line': b'-- Installing: /home/robot/robot_ws/install/robot_bringup/share/robot_bringup//config/slam_toolbox_params.yaml\n'}
[311.125002] (robot_bringup) StdoutLine: {'line': b'-- Installing: /home/robot/robot_ws/install/robot_bringup/share/robot_bringup//config/map_server_params.yaml\n'}
[311.126216] (robot_bringup) StdoutLine: {'line': b'-- Installing: /home/robot/robot_ws/install/robot_bringup/share/robot_bringup//config/nav2_params.yaml\n'}
[311.127247] (robot_bringup) StdoutLine: {'line': b'-- Installing: /home/robot/robot_ws/install/robot_bringup/share/robot_bringup//config/amcl_params.yaml\n'}
[311.128361] (robot_bringup) StdoutLine: {'line': b'-- Installing: /home/robot/robot_ws/install/robot_bringup/share/robot_bringup//rviz\n'}
[311.129034] (robot_bringup) StdoutLine: {'line': b'-- Installing: /home/robot/robot_ws/install/robot_bringup/share/robot_bringup//rviz/robot_view.rviz\n'}
[311.130701] (robot_bringup) StdoutLine: {'line': b'-- Installing: /home/robot/robot_ws/install/robot_bringup/lib/robot_bringup/mount_hdd.sh\n'}
[311.131795] (robot_bringup) StdoutLine: {'line': b'-- Installing: /home/robot/robot_ws/install/robot_bringup/lib/robot_bringup/unmount_hdd.sh\n'}
[311.132960] (robot_bringup) StdoutLine: {'line': b'-- Installing: /home/robot/robot_ws/install/robot_bringup/lib/robot_bringup/save_map.sh\n'}
[311.134156] (robot_bringup) StdoutLine: {'line': b'-- Installing: /home/robot/robot_ws/install/robot_bringup/lib/robot_bringup/setup_hdd_automount.sh\n'}
[311.135250] (robot_bringup) StdoutLine: {'line': b'-- Installing: /home/robot/robot_ws/install/robot_bringup/lib/robot_bringup/save_map.py\n'}
[311.136247] (robot_bringup) StdoutLine: {'line': b'-- Installing: /home/robot/robot_ws/install/robot_bringup/lib/robot_bringup/copy_map.sh\n'}
[311.137388] (robot_bringup) StdoutLine: {'line': b'-- Installing: /home/robot/robot_ws/install/robot_bringup/share/robot_bringup//maps\n'}
[311.138139] (robot_bringup) StdoutLine: {'line': b'-- Installing: /home/robot/robot_ws/install/robot_bringup/share/robot_bringup//maps/.gitkeep\n'}
[311.139135] (robot_bringup) StdoutLine: {'line': b'-- Installing: /home/robot/robot_ws/install/robot_bringup/share/robot_bringup//maps/my_room\n'}
[311.140588] (robot_bringup) StdoutLine: {'line': b'-- Installing: /home/robot/robot_ws/install/robot_bringup/share/ament_index/resource_index/package_run_dependencies/robot_bringup\n'}
[311.142651] (robot_bringup) StdoutLine: {'line': b'-- Installing: /home/robot/robot_ws/install/robot_bringup/share/ament_index/resource_index/parent_prefix_path/robot_bringup\n'}
[311.144332] (robot_bringup) StdoutLine: {'line': b'-- Installing: /home/robot/robot_ws/install/robot_bringup/share/robot_bringup/environment/ament_prefix_path.sh\n'}
[311.145903] (robot_bringup) StdoutLine: {'line': b'-- Installing: /home/robot/robot_ws/install/robot_bringup/share/robot_bringup/environment/ament_prefix_path.dsv\n'}
[311.147288] (robot_bringup) StdoutLine: {'line': b'-- Installing: /home/robot/robot_ws/install/robot_bringup/share/robot_bringup/environment/path.sh\n'}
[311.148770] (robot_bringup) StdoutLine: {'line': b'-- Installing: /home/robot/robot_ws/install/robot_bringup/share/robot_bringup/environment/path.dsv\n'}
[311.150515] (robot_bringup) StdoutLine: {'line': b'-- Installing: /home/robot/robot_ws/install/robot_bringup/share/robot_bringup/local_setup.bash\n'}
[311.151736] (robot_bringup) StdoutLine: {'line': b'-- Installing: /home/robot/robot_ws/install/robot_bringup/share/robot_bringup/local_setup.sh\n'}
[311.153084] (robot_bringup) StdoutLine: {'line': b'-- Installing: /home/robot/robot_ws/install/robot_bringup/share/robot_bringup/local_setup.zsh\n'}
[311.154446] (robot_bringup) StdoutLine: {'line': b'-- Installing: /home/robot/robot_ws/install/robot_bringup/share/robot_bringup/local_setup.dsv\n'}
[311.155660] (robot_bringup) StdoutLine: {'line': b'-- Installing: /home/robot/robot_ws/install/robot_bringup/share/robot_bringup/package.dsv\n'}
[311.157367] (robot_bringup) StdoutLine: {'line': b'-- Installing: /home/robot/robot_ws/install/robot_bringup/share/ament_index/resource_index/packages/robot_bringup\n'}
[311.158974] (robot_bringup) StdoutLine: {'line': b'-- Installing: /home/robot/robot_ws/install/robot_bringup/share/robot_bringup/cmake/robot_bringupConfig.cmake\n'}
[311.160103] (robot_bringup) StdoutLine: {'line': b'-- Installing: /home/robot/robot_ws/install/robot_bringup/share/robot_bringup/cmake/robot_bringupConfig-version.cmake\n'}
[311.161418] (robot_bringup) StdoutLine: {'line': b'-- Installing: /home/robot/robot_ws/install/robot_bringup/share/robot_bringup/package.xml\n'}
[311.168150] (robot_bringup) CommandEnded: {'returncode': 0}
[311.211471] (-) TimerEvent: {}
[311.237927] (robot_bringup) JobEnded: {'identifier': 'robot_bringup', 'rc': 0}
[311.241540] (-) EventReactorShutdown: {}
