[0.000000] (-) TimerEvent: {}
[0.001159] (-) JobUnselected: {'identifier': 'camera_node'}
[0.001479] (-) JobUnselected: {'identifier': 'robot_ai'}
[0.001695] (-) JobUnselected: {'identifier': 'robot_serial'}
[0.001878] (-) JobUnselected: {'identifier': 'web_bridge'}
[0.002065] (robot_description) JobQueued: {'identifier': 'robot_description', 'dependencies': OrderedDict()}
[0.002256] (sllidar_ros2) JobQueued: {'identifier': 'sllidar_ros2', 'dependencies': OrderedDict()}
[0.002433] (robot_bringup) JobQueued: {'identifier': 'robot_bringup', 'dependencies': OrderedDict([('robot_description', '/home/robot/robot_ws/install/robot_description'), ('sllidar_ros2', '/home/robot/robot_ws/install/sllidar_ros2')])}
[0.002626] (robot_description) JobStarted: {'identifier': 'robot_description'}
[0.039254] (sllidar_ros2) JobStarted: {'identifier': 'sllidar_ros2'}
[0.070600] (robot_description) JobProgress: {'identifier': 'robot_description', 'progress': 'cmake'}
[0.073046] (robot_description) Command: {'cmd': ['/usr/bin/cmake', '/home/robot/robot_ws/src/robot_description', '-DAMENT_CMAKE_SYMLINK_INSTALL=1', '-DCMAKE_INSTALL_PREFIX=/home/robot/robot_ws/install/robot_description'], 'cwd': '/home/robot/robot_ws/build/robot_description', 'env': OrderedDict([('LESSOPEN', '| /usr/bin/lesspipe %s'), ('AI_AGENT', 'github_copilot_vscode_agent'), ('USER', 'robot'), ('SSH_CLIENT', '192.168.61.78 54900 22'), ('GIT_EDITOR', ':'), ('XDG_SESSION_TYPE', 'tty'), ('GIT_ASKPASS', '/home/robot/.vscode-server/cli/servers/Stable-e4c7e7b1d6d060162f4aa7f8225271b67ce1df75/server/extensions/git/dist/askpass.sh'), ('SHLVL', '1'), ('LD_LIBRARY_PATH', '/home/robot/robot_ws/install/vision_msgs/lib:/opt/ros/humble/opt/rviz_ogre_vendor/lib:/opt/ros/humble/lib/aarch64-linux-gnu:/opt/ros/humble/lib'), ('COPILOT_AGENT', '1'), ('BROWSER', '/home/robot/.vscode-server/cli/servers/Stable-e4c7e7b1d6d060162f4aa7f8225271b67ce1df75/server/bin/helpers/browser.sh'), ('MOTD_SHOWN', 'pam'), ('HOME', '/home/robot'), ('OLDPWD', '/home/robot/robot_ws'), ('TERM_PROGRAM_VERSION', '1.131.0'), ('VSCODE_IPC_HOOK_CLI', '/run/user/1000/vscode-ipc-c2b19606-0da0-4d80-a718-838dd44b1f0e.sock'), ('ROS_PYTHON_VERSION', '3'), ('VSCODE_GIT_ASKPASS_MAIN', '/home/robot/.vscode-server/cli/servers/Stable-e4c7e7b1d6d060162f4aa7f8225271b67ce1df75/server/extensions/git/dist/askpass-main.js'), ('VSCODE_GIT_ASKPASS_NODE', '/home/robot/.vscode-server/cli/servers/Stable-e4c7e7b1d6d060162f4aa7f8225271b67ce1df75/server/node'), ('VSCODE_PYTHON_AUTOACTIVATE_GUARD', '1'), ('DBUS_SESSION_BUS_ADDRESS', 'unix:path=/run/user/1000/bus'), ('COLORTERM', 'truecolor'), ('COLCON_PREFIX_PATH', '/home/robot/robot_ws/install'), ('ROS_DISTRO', 'humble'), ('LOGNAME', 'robot'), ('_', '/usr/bin/colcon'), ('ROS_VERSION', '2'), ('XDG_SESSION_CLASS', 'user'), ('TERM', 'xterm-256color'), ('XDG_SESSION_ID', '1'), ('ROS_LOCALHOST_ONLY', '1'), ('HISTCONTROL', 'ignorespace'), ('PATH', '/opt/ros/humble/bin:/home/robot/.vscode-server/data/User/globalStorage/github.copilot-chat/debugCommand:/home/robot/.vscode-server/data/User/globalStorage/github.copilot-chat/copilotCli:/home/robot/.vscode-server/cli/servers/Stable-e4c7e7b1d6d060162f4aa7f8225271b67ce1df75/server/bin/remote-cli:/usr/local/sbin:/usr/local/bin:/usr/sbin:/usr/bin:/sbin:/bin:/usr/games:/usr/local/games:/snap/bin'), ('XDG_RUNTIME_DIR', '/run/user/1000'), ('LANG', 'en_US.UTF-8'), ('RMW_IMPLEMENTATION', 'rmw_cyclonedds_cpp'), ('LS_COLORS', 'rs=0:di=01;34:ln=01;36:mh=00:pi=40;33:so=01;35:do=01;35:bd=40;33;01:cd=40;33;01:or=40;31;01:mi=00:su=37;41:sg=30;43:ca=30;41:tw=30;42:ow=34;42:st=37;44:ex=01;32:*.tar=01;31:*.tgz=01;31:*.arc=01;31:*.arj=01;31:*.taz=01;31:*.lha=01;31:*.lz4=01;31:*.lzh=01;31:*.lzma=01;31:*.tlz=01;31:*.txz=01;31:*.tzo=01;31:*.t7z=01;31:*.zip=01;31:*.z=01;31:*.dz=01;31:*.gz=01;31:*.lrz=01;31:*.lz=01;31:*.lzo=01;31:*.xz=01;31:*.zst=01;31:*.tzst=01;31:*.bz2=01;31:*.bz=01;31:*.tbz=01;31:*.tbz2=01;31:*.tz=01;31:*.deb=01;31:*.rpm=01;31:*.jar=01;31:*.war=01;31:*.ear=01;31:*.sar=01;31:*.rar=01;31:*.alz=01;31:*.ace=01;31:*.zoo=01;31:*.cpio=01;31:*.7z=01;31:*.rz=01;31:*.cab=01;31:*.wim=01;31:*.swm=01;31:*.dwm=01;31:*.esd=01;31:*.jpg=01;35:*.jpeg=01;35:*.mjpg=01;35:*.mjpeg=01;35:*.gif=01;35:*.bmp=01;35:*.pbm=01;35:*.pgm=01;35:*.ppm=01;35:*.tga=01;35:*.xbm=01;35:*.xpm=01;35:*.tif=01;35:*.tiff=01;35:*.png=01;35:*.svg=01;35:*.svgz=01;35:*.mng=01;35:*.pcx=01;35:*.mov=01;35:*.mpg=01;35:*.mpeg=01;35:*.m2v=01;35:*.mkv=01;35:*.webm=01;35:*.webp=01;35:*.ogm=01;35:*.mp4=01;35:*.m4v=01;35:*.mp4v=01;35:*.vob=01;35:*.qt=01;35:*.nuv=01;35:*.wmv=01;35:*.asf=01;35:*.rm=01;35:*.rmvb=01;35:*.flc=01;35:*.avi=01;35:*.fli=01;35:*.flv=01;35:*.gl=01;35:*.dl=01;35:*.xcf=01;35:*.xwd=01;35:*.yuv=01;35:*.cgm=01;35:*.emf=01;35:*.ogv=01;35:*.ogx=01;35:*.aac=00;36:*.au=00;36:*.flac=00;36:*.m4a=00;36:*.mid=00;36:*.midi=00;36:*.mka=00;36:*.mp3=00;36:*.mpc=00;36:*.ogg=00;36:*.ra=00;36:*.wav=00;36:*.oga=00;36:*.opus=00;36:*.spx=00;36:*.xspf=00;36:'), ('VSCODE_GIT_IPC_HANDLE', '/run/user/1000/vscode-git-ff69577006.sock'), ('TERM_PROGRAM', 'vscode'), ('ROS_DOMAIN_ID', '0'), ('AMENT_PREFIX_PATH', '/home/robot/robot_ws/install/web_bridge:/home/robot/robot_ws/install/vision_ai_node:/home/robot/robot_ws/install/vision_msgs:/home/robot/robot_ws/install/robot_bringup:/home/robot/robot_ws/install/sllidar_ros2:/home/robot/robot_ws/install/robot_serial:/home/robot/robot_ws/install/robot_description:/home/robot/robot_ws/install/robot_ai:/home/robot/robot_ws/install/camera_node:/opt/ros/humble'), ('DEBIAN_FRONTEND', 'noninteractive'), ('SHELL', '/bin/bash'), ('LESSCLOSE', '/usr/bin/lesspipe %s %s'), ('VSCODE_GIT_ASKPASS_EXTRA_ARGS', ''), ('GIT_PAGER', 'cat'), ('PWD', '/home/robot/robot_ws/build/robot_description'), ('GIT_MERGE_AUTOEDIT', 'no'), ('LC_ALL', 'en_US.UTF-8'), ('COPILOT_DEBUG_NONCE', '01d717960648d8f44b00b727a54c38a1'), ('SSH_CONNECTION', '192.168.61.78 54900 192.168.61.135 22'), ('PYTHONPATH', '/home/robot/robot_ws/build/web_bridge:/home/robot/robot_ws/install/web_bridge/lib/python3.10/site-packages:/home/robot/robot_ws/build/vision_ai_node:/home/robot/robot_ws/install/vision_ai_node/lib/python3.10/site-packages:/home/robot/robot_ws/install/vision_msgs/local/lib/python3.10/dist-packages:/home/robot/robot_ws/build/robot_serial:/home/robot/robot_ws/install/robot_serial/lib/python3.10/site-packages:/home/robot/robot_ws/build/robot_ai:/home/robot/robot_ws/install/robot_ai/lib/python3.10/site-packages:/home/robot/robot_ws/build/camera_node:/home/robot/robot_ws/install/camera_node/lib/python3.10/site-packages:/opt/ros/humble/lib/python3.10/site-packages:/opt/ros/humble/local/lib/python3.10/dist-packages'), ('COLCON', '1'), ('CMAKE_PREFIX_PATH', '/home/robot/robot_ws/install/vision_msgs:/home/robot/robot_ws/install/robot_bringup:/home/robot/robot_ws/install/sllidar_ros2:/home/robot/robot_ws/install/robot_description:/home/robot/robot_ws/install/web_bridge:/home/robot/robot_ws/install/vision_ai_node:/home/robot/robot_ws/install/robot_serial:/home/robot/robot_ws/install/robot_ai:/home/robot/robot_ws/install/camera_node:/opt/ros/humble')]), 'shell': False}
[0.096035] (sllidar_ros2) JobProgress: {'identifier': 'sllidar_ros2', 'progress': 'cmake'}
[0.096494] (-) TimerEvent: {}
[0.099525] (sllidar_ros2) Command: {'cmd': ['/usr/bin/cmake', '/home/robot/robot_ws/src/sllidar_ros2', '-DAMENT_CMAKE_SYMLINK_INSTALL=1', '-DCMAKE_INSTALL_PREFIX=/home/robot/robot_ws/install/sllidar_ros2'], 'cwd': '/home/robot/robot_ws/build/sllidar_ros2', 'env': OrderedDict([('LESSOPEN', '| /usr/bin/lesspipe %s'), ('AI_AGENT', 'github_copilot_vscode_agent'), ('USER', 'robot'), ('SSH_CLIENT', '192.168.61.78 54900 22'), ('GIT_EDITOR', ':'), ('XDG_SESSION_TYPE', 'tty'), ('GIT_ASKPASS', '/home/robot/.vscode-server/cli/servers/Stable-e4c7e7b1d6d060162f4aa7f8225271b67ce1df75/server/extensions/git/dist/askpass.sh'), ('SHLVL', '1'), ('LD_LIBRARY_PATH', '/home/robot/robot_ws/install/vision_msgs/lib:/opt/ros/humble/opt/rviz_ogre_vendor/lib:/opt/ros/humble/lib/aarch64-linux-gnu:/opt/ros/humble/lib'), ('COPILOT_AGENT', '1'), ('BROWSER', '/home/robot/.vscode-server/cli/servers/Stable-e4c7e7b1d6d060162f4aa7f8225271b67ce1df75/server/bin/helpers/browser.sh'), ('MOTD_SHOWN', 'pam'), ('HOME', '/home/robot'), ('OLDPWD', '/home/robot/robot_ws'), ('TERM_PROGRAM_VERSION', '1.131.0'), ('VSCODE_IPC_HOOK_CLI', '/run/user/1000/vscode-ipc-c2b19606-0da0-4d80-a718-838dd44b1f0e.sock'), ('ROS_PYTHON_VERSION', '3'), ('VSCODE_GIT_ASKPASS_MAIN', '/home/robot/.vscode-server/cli/servers/Stable-e4c7e7b1d6d060162f4aa7f8225271b67ce1df75/server/extensions/git/dist/askpass-main.js'), ('VSCODE_GIT_ASKPASS_NODE', '/home/robot/.vscode-server/cli/servers/Stable-e4c7e7b1d6d060162f4aa7f8225271b67ce1df75/server/node'), ('VSCODE_PYTHON_AUTOACTIVATE_GUARD', '1'), ('DBUS_SESSION_BUS_ADDRESS', 'unix:path=/run/user/1000/bus'), ('COLORTERM', 'truecolor'), ('COLCON_PREFIX_PATH', '/home/robot/robot_ws/install'), ('ROS_DISTRO', 'humble'), ('LOGNAME', 'robot'), ('_', '/usr/bin/colcon'), ('ROS_VERSION', '2'), ('XDG_SESSION_CLASS', 'user'), ('TERM', 'xterm-256color'), ('XDG_SESSION_ID', '1'), ('ROS_LOCALHOST_ONLY', '1'), ('HISTCONTROL', 'ignorespace'), ('PATH', '/opt/ros/humble/bin:/home/robot/.vscode-server/data/User/globalStorage/github.copilot-chat/debugCommand:/home/robot/.vscode-server/data/User/globalStorage/github.copilot-chat/copilotCli:/home/robot/.vscode-server/cli/servers/Stable-e4c7e7b1d6d060162f4aa7f8225271b67ce1df75/server/bin/remote-cli:/usr/local/sbin:/usr/local/bin:/usr/sbin:/usr/bin:/sbin:/bin:/usr/games:/usr/local/games:/snap/bin'), ('XDG_RUNTIME_DIR', '/run/user/1000'), ('LANG', 'en_US.UTF-8'), ('RMW_IMPLEMENTATION', 'rmw_cyclonedds_cpp'), ('LS_COLORS', 'rs=0:di=01;34:ln=01;36:mh=00:pi=40;33:so=01;35:do=01;35:bd=40;33;01:cd=40;33;01:or=40;31;01:mi=00:su=37;41:sg=30;43:ca=30;41:tw=30;42:ow=34;42:st=37;44:ex=01;32:*.tar=01;31:*.tgz=01;31:*.arc=01;31:*.arj=01;31:*.taz=01;31:*.lha=01;31:*.lz4=01;31:*.lzh=01;31:*.lzma=01;31:*.tlz=01;31:*.txz=01;31:*.tzo=01;31:*.t7z=01;31:*.zip=01;31:*.z=01;31:*.dz=01;31:*.gz=01;31:*.lrz=01;31:*.lz=01;31:*.lzo=01;31:*.xz=01;31:*.zst=01;31:*.tzst=01;31:*.bz2=01;31:*.bz=01;31:*.tbz=01;31:*.tbz2=01;31:*.tz=01;31:*.deb=01;31:*.rpm=01;31:*.jar=01;31:*.war=01;31:*.ear=01;31:*.sar=01;31:*.rar=01;31:*.alz=01;31:*.ace=01;31:*.zoo=01;31:*.cpio=01;31:*.7z=01;31:*.rz=01;31:*.cab=01;31:*.wim=01;31:*.swm=01;31:*.dwm=01;31:*.esd=01;31:*.jpg=01;35:*.jpeg=01;35:*.mjpg=01;35:*.mjpeg=01;35:*.gif=01;35:*.bmp=01;35:*.pbm=01;35:*.pgm=01;35:*.ppm=01;35:*.tga=01;35:*.xbm=01;35:*.xpm=01;35:*.tif=01;35:*.tiff=01;35:*.png=01;35:*.svg=01;35:*.svgz=01;35:*.mng=01;35:*.pcx=01;35:*.mov=01;35:*.mpg=01;35:*.mpeg=01;35:*.m2v=01;35:*.mkv=01;35:*.webm=01;35:*.webp=01;35:*.ogm=01;35:*.mp4=01;35:*.m4v=01;35:*.mp4v=01;35:*.vob=01;35:*.qt=01;35:*.nuv=01;35:*.wmv=01;35:*.asf=01;35:*.rm=01;35:*.rmvb=01;35:*.flc=01;35:*.avi=01;35:*.fli=01;35:*.flv=01;35:*.gl=01;35:*.dl=01;35:*.xcf=01;35:*.xwd=01;35:*.yuv=01;35:*.cgm=01;35:*.emf=01;35:*.ogv=01;35:*.ogx=01;35:*.aac=00;36:*.au=00;36:*.flac=00;36:*.m4a=00;36:*.mid=00;36:*.midi=00;36:*.mka=00;36:*.mp3=00;36:*.mpc=00;36:*.ogg=00;36:*.ra=00;36:*.wav=00;36:*.oga=00;36:*.opus=00;36:*.spx=00;36:*.xspf=00;36:'), ('VSCODE_GIT_IPC_HANDLE', '/run/user/1000/vscode-git-ff69577006.sock'), ('TERM_PROGRAM', 'vscode'), ('ROS_DOMAIN_ID', '0'), ('AMENT_PREFIX_PATH', '/home/robot/robot_ws/install/web_bridge:/home/robot/robot_ws/install/vision_ai_node:/home/robot/robot_ws/install/vision_msgs:/home/robot/robot_ws/install/robot_bringup:/home/robot/robot_ws/install/sllidar_ros2:/home/robot/robot_ws/install/robot_serial:/home/robot/robot_ws/install/robot_description:/home/robot/robot_ws/install/robot_ai:/home/robot/robot_ws/install/camera_node:/opt/ros/humble'), ('DEBIAN_FRONTEND', 'noninteractive'), ('SHELL', '/bin/bash'), ('LESSCLOSE', '/usr/bin/lesspipe %s %s'), ('VSCODE_GIT_ASKPASS_EXTRA_ARGS', ''), ('GIT_PAGER', 'cat'), ('PWD', '/home/robot/robot_ws/build/sllidar_ros2'), ('GIT_MERGE_AUTOEDIT', 'no'), ('LC_ALL', 'en_US.UTF-8'), ('COPILOT_DEBUG_NONCE', '01d717960648d8f44b00b727a54c38a1'), ('SSH_CONNECTION', '192.168.61.78 54900 192.168.61.135 22'), ('PYTHONPATH', '/home/robot/robot_ws/build/web_bridge:/home/robot/robot_ws/install/web_bridge/lib/python3.10/site-packages:/home/robot/robot_ws/build/vision_ai_node:/home/robot/robot_ws/install/vision_ai_node/lib/python3.10/site-packages:/home/robot/robot_ws/install/vision_msgs/local/lib/python3.10/dist-packages:/home/robot/robot_ws/build/robot_serial:/home/robot/robot_ws/install/robot_serial/lib/python3.10/site-packages:/home/robot/robot_ws/build/robot_ai:/home/robot/robot_ws/install/robot_ai/lib/python3.10/site-packages:/home/robot/robot_ws/build/camera_node:/home/robot/robot_ws/install/camera_node/lib/python3.10/site-packages:/opt/ros/humble/lib/python3.10/site-packages:/opt/ros/humble/local/lib/python3.10/dist-packages'), ('COLCON', '1'), ('CMAKE_PREFIX_PATH', '/home/robot/robot_ws/install/vision_msgs:/home/robot/robot_ws/install/robot_bringup:/home/robot/robot_ws/install/sllidar_ros2:/home/robot/robot_ws/install/robot_description:/home/robot/robot_ws/install/web_bridge:/home/robot/robot_ws/install/vision_ai_node:/home/robot/robot_ws/install/robot_serial:/home/robot/robot_ws/install/robot_ai:/home/robot/robot_ws/install/camera_node:/opt/ros/humble')]), 'shell': False}
[0.196781] (-) TimerEvent: {}
[0.464198] (-) TimerEvent: {}
[0.565460] (-) TimerEvent: {}
[0.666719] (-) TimerEvent: {}
[0.850497] (-) TimerEvent: {}
[0.951643] (-) TimerEvent: {}
[1.052827] (-) TimerEvent: {}
[1.153979] (-) TimerEvent: {}
[1.255037] (-) TimerEvent: {}
[1.356304] (-) TimerEvent: {}
[1.457494] (-) TimerEvent: {}
[1.558664] (-) TimerEvent: {}
[1.732573] (-) TimerEvent: {}
[1.833766] (-) TimerEvent: {}
[1.935045] (-) TimerEvent: {}
[2.036200] (-) TimerEvent: {}
[2.303095] (-) TimerEvent: {}
[2.404320] (-) TimerEvent: {}
[2.505567] (-) TimerEvent: {}
[2.606853] (-) TimerEvent: {}
[2.727573] (-) TimerEvent: {}
[2.828724] (-) TimerEvent: {}
[2.929974] (-) TimerEvent: {}
[3.031200] (-) TimerEvent: {}
[3.132291] (-) TimerEvent: {}
[3.311174] (-) TimerEvent: {}
[3.412428] (-) TimerEvent: {}
[3.594321] (-) TimerEvent: {}
[3.695442] (-) TimerEvent: {}
[3.796413] (-) TimerEvent: {}
[3.897580] (-) TimerEvent: {}
[3.998832] (-) TimerEvent: {}
[4.099998] (-) TimerEvent: {}
[4.201257] (-) TimerEvent: {}
[4.302264] (-) TimerEvent: {}
[4.535199] (-) TimerEvent: {}
[4.636341] (-) TimerEvent: {}
[4.737510] (-) TimerEvent: {}
[4.838495] (-) TimerEvent: {}
[4.939625] (-) TimerEvent: {}
[5.122975] (-) TimerEvent: {}
[5.224373] (-) TimerEvent: {}
[5.325514] (-) TimerEvent: {}
[5.426765] (-) TimerEvent: {}
[5.528027] (-) TimerEvent: {}
[5.629303] (-) TimerEvent: {}
[5.730644] (-) TimerEvent: {}
[5.831895] (-) TimerEvent: {}
[5.933075] (-) TimerEvent: {}
[6.034324] (-) TimerEvent: {}
[6.135539] (-) TimerEvent: {}
[6.253058] (-) TimerEvent: {}
[6.354396] (-) TimerEvent: {}
[6.455520] (-) TimerEvent: {}
[6.673801] (-) TimerEvent: {}
[6.775021] (-) TimerEvent: {}
[6.876178] (-) TimerEvent: {}
[6.977488] (-) TimerEvent: {}
[7.167282] (-) TimerEvent: {}
[7.268240] (-) TimerEvent: {}
[7.452323] (-) TimerEvent: {}
[7.689077] (-) TimerEvent: {}
[7.804820] (-) TimerEvent: {}
[7.906162] (-) TimerEvent: {}
[8.017185] (-) TimerEvent: {}
[8.118364] (-) TimerEvent: {}
[8.665624] (-) TimerEvent: {}
[8.790483] (-) TimerEvent: {}
[8.891775] (-) TimerEvent: {}
[8.997492] (-) TimerEvent: {}
[9.098737] (-) TimerEvent: {}
[9.200042] (-) TimerEvent: {}
[9.301097] (-) TimerEvent: {}
[9.771865] (-) TimerEvent: {}
[9.873094] (-) TimerEvent: {}
[9.974294] (-) TimerEvent: {}
[10.075543] (-) TimerEvent: {}
[10.176770] (-) TimerEvent: {}
[10.277783] (-) TimerEvent: {}
[10.378943] (-) TimerEvent: {}
[10.480335] (-) TimerEvent: {}
[10.581639] (-) TimerEvent: {}
[10.682703] (-) TimerEvent: {}
[10.783794] (-) TimerEvent: {}
[10.884715] (-) TimerEvent: {}
[10.986056] (-) TimerEvent: {}
[11.087300] (-) TimerEvent: {}
[11.188561] (-) TimerEvent: {}
[11.289732] (-) TimerEvent: {}
[11.390979] (-) TimerEvent: {}
[11.492329] (-) TimerEvent: {}
[11.593554] (-) TimerEvent: {}
[11.694799] (-) TimerEvent: {}
[11.796036] (-) TimerEvent: {}
[11.897305] (-) TimerEvent: {}
[11.998583] (-) TimerEvent: {}
[12.099915] (-) TimerEvent: {}
[12.201165] (-) TimerEvent: {}
[12.302509] (-) TimerEvent: {}
[12.403740] (-) TimerEvent: {}
[12.504993] (-) TimerEvent: {}
[12.606318] (-) TimerEvent: {}
[12.707658] (-) TimerEvent: {}
[12.808892] (-) TimerEvent: {}
[12.910186] (-) TimerEvent: {}
[13.011410] (-) TimerEvent: {}
[13.112536] (-) TimerEvent: {}
[13.213728] (-) TimerEvent: {}
[13.314763] (-) TimerEvent: {}
[13.415751] (-) TimerEvent: {}
[13.516892] (-) TimerEvent: {}
[13.618173] (-) TimerEvent: {}
[13.719291] (-) TimerEvent: {}
[13.820558] (-) TimerEvent: {}
[13.921778] (-) TimerEvent: {}
[14.023091] (-) TimerEvent: {}
[14.124232] (-) TimerEvent: {}
[14.225427] (-) TimerEvent: {}
[14.326446] (-) TimerEvent: {}
[14.820010] (-) TimerEvent: {}
[15.160502] (-) TimerEvent: {}
[15.277464] (-) TimerEvent: {}
[15.404874] (-) TimerEvent: {}
[15.506190] (-) TimerEvent: {}
[15.678549] (-) TimerEvent: {}
[15.779832] (-) TimerEvent: {}
[15.951603] (-) TimerEvent: {}
[16.052913] (-) TimerEvent: {}
[16.154297] (-) TimerEvent: {}
[16.255407] (-) TimerEvent: {}
[16.356596] (-) TimerEvent: {}
[16.457847] (-) TimerEvent: {}
[16.559208] (-) TimerEvent: {}
[16.660463] (-) TimerEvent: {}
[16.976614] (-) TimerEvent: {}
[17.080869] (-) TimerEvent: {}
[17.190397] (-) TimerEvent: {}
[17.291748] (-) TimerEvent: {}
[17.441380] (-) TimerEvent: {}
[17.542637] (-) TimerEvent: {}
[17.720569] (-) TimerEvent: {}
[17.821867] (-) TimerEvent: {}
[17.923112] (-) TimerEvent: {}
[18.024339] (-) TimerEvent: {}
[18.125538] (-) TimerEvent: {}
[18.226739] (-) TimerEvent: {}
[18.801957] (-) TimerEvent: {}
[18.903333] (-) TimerEvent: {}
[19.004233] (-) TimerEvent: {}
[19.174182] (-) TimerEvent: {}
[19.275510] (-) TimerEvent: {}
[19.458977] (-) TimerEvent: {}
[19.733518] (-) TimerEvent: {}
[19.834790] (-) TimerEvent: {}
[19.936014] (-) TimerEvent: {}
[20.037255] (-) TimerEvent: {}
[20.138461] (-) TimerEvent: {}
[20.239508] (-) TimerEvent: {}
[20.340749] (-) TimerEvent: {}
[20.442052] (-) TimerEvent: {}
[20.543241] (-) TimerEvent: {}
[20.714063] (-) TimerEvent: {}
[20.815333] (-) TimerEvent: {}
[20.916521] (-) TimerEvent: {}
[21.017734] (-) TimerEvent: {}
[21.118999] (-) TimerEvent: {}
[21.220378] (-) TimerEvent: {}
[21.321536] (-) TimerEvent: {}
[21.422772] (-) TimerEvent: {}
[21.524171] (-) TimerEvent: {}
[21.625546] (-) TimerEvent: {}
[21.726761] (-) TimerEvent: {}
[21.828012] (-) TimerEvent: {}
[22.010915] (-) TimerEvent: {}
[22.111996] (-) TimerEvent: {}
[22.351611] (-) TimerEvent: {}
[22.452688] (-) TimerEvent: {}
[22.553963] (-) TimerEvent: {}
[22.655136] (-) TimerEvent: {}
[22.756293] (-) TimerEvent: {}
[22.857569] (-) TimerEvent: {}
[22.958631] (-) TimerEvent: {}
[23.059518] (-) TimerEvent: {}
[23.160555] (-) TimerEvent: {}
[23.261608] (-) TimerEvent: {}
[23.956133] (-) TimerEvent: {}
[24.057312] (-) TimerEvent: {}
[24.616086] (-) TimerEvent: {}
[24.717221] (-) TimerEvent: {}
[24.818382] (-) TimerEvent: {}
[24.919541] (-) TimerEvent: {}
[25.182336] (-) TimerEvent: {}
[25.283258] (-) TimerEvent: {}
[25.840859] (-) TimerEvent: {}
[26.014016] (-) TimerEvent: {}
[26.351413] (-) TimerEvent: {}
[26.452579] (-) TimerEvent: {}
[26.553543] (-) TimerEvent: {}
[26.654777] (-) TimerEvent: {}
[26.755968] (-) TimerEvent: {}
[26.955295] (sllidar_ros2) StdoutLine: {'line': b'-- The C compiler identification is GNU 11.4.0\n'}
[26.956621] (-) TimerEvent: {}
[26.957248] (robot_description) StdoutLine: {'line': b'-- The C compiler identification is GNU 11.4.0\n'}
[27.056901] (-) TimerEvent: {}
[27.158175] (-) TimerEvent: {}
[27.259067] (-) TimerEvent: {}
[27.360390] (-) TimerEvent: {}
[27.872182] (-) TimerEvent: {}
[28.366870] (-) TimerEvent: {}
[28.467789] (-) TimerEvent: {}
[28.731629] (-) TimerEvent: {}
[28.832862] (-) TimerEvent: {}
[29.054443] (-) TimerEvent: {}
[29.155684] (-) TimerEvent: {}
[29.571958] (-) TimerEvent: {}
[29.673224] (-) TimerEvent: {}
[29.774546] (-) TimerEvent: {}
[29.875876] (-) TimerEvent: {}
[30.088572] (-) TimerEvent: {}
[30.189892] (-) TimerEvent: {}
[30.413938] (-) TimerEvent: {}
[30.515327] (-) TimerEvent: {}
[30.959618] (-) TimerEvent: {}
[31.060853] (-) TimerEvent: {}
[31.325822] (-) TimerEvent: {}
[31.427010] (-) TimerEvent: {}
[31.528167] (-) TimerEvent: {}
[31.629387] (-) TimerEvent: {}
[31.730420] (-) TimerEvent: {}
[31.831513] (-) TimerEvent: {}
[31.932503] (-) TimerEvent: {}
[32.033588] (-) TimerEvent: {}
[32.141608] (-) TimerEvent: {}
[32.244146] (-) TimerEvent: {}
[32.337547] (sllidar_ros2) StdoutLine: {'line': b'-- The CXX compiler identification is GNU 11.4.0\n'}
[32.340718] (robot_description) StdoutLine: {'line': b'-- The CXX compiler identification is GNU 11.4.0\n'}
[32.344263] (-) TimerEvent: {}
[32.445863] (-) TimerEvent: {}
[32.546961] (-) TimerEvent: {}
[33.112529] (-) TimerEvent: {}
[33.213914] (-) TimerEvent: {}
[33.475297] (-) TimerEvent: {}
[33.576420] (-) TimerEvent: {}
[33.837536] (-) TimerEvent: {}
[33.938774] (-) TimerEvent: {}
[34.039873] (-) TimerEvent: {}
[34.140975] (-) TimerEvent: {}
[34.242090] (-) TimerEvent: {}
[34.343287] (-) TimerEvent: {}
[34.783262] (-) TimerEvent: {}
[34.974035] (-) TimerEvent: {}
[35.075270] (-) TimerEvent: {}
[35.176248] (-) TimerEvent: {}
[35.277357] (-) TimerEvent: {}
[35.378437] (-) TimerEvent: {}
[35.479573] (-) TimerEvent: {}
[35.580770] (-) TimerEvent: {}
[35.682093] (-) TimerEvent: {}
[36.113245] (-) TimerEvent: {}
[36.214585] (-) TimerEvent: {}
[36.388139] (robot_description) StdoutLine: {'line': b'-- Detecting C compiler ABI info\n'}
[36.390075] (-) TimerEvent: {}
[36.580368] (sllidar_ros2) StdoutLine: {'line': b'-- Detecting C compiler ABI info\n'}
[36.581699] (-) TimerEvent: {}
[36.682751] (-) TimerEvent: {}
[36.783880] (-) TimerEvent: {}
[37.343808] (-) TimerEvent: {}
[37.623243] (-) TimerEvent: {}
[37.724592] (-) TimerEvent: {}
[38.211923] (-) TimerEvent: {}
[38.312877] (-) TimerEvent: {}
[38.689541] (-) TimerEvent: {}
[38.790759] (-) TimerEvent: {}
[38.891840] (-) TimerEvent: {}
[38.993069] (-) TimerEvent: {}
[39.520276] (-) TimerEvent: {}
[39.669051] (-) TimerEvent: {}
[39.770239] (-) TimerEvent: {}
[39.929567] (robot_description) StdoutLine: {'line': b'-- Detecting C compiler ABI info - done\n'}
[39.930640] (-) TimerEvent: {}
[39.932458] (sllidar_ros2) StdoutLine: {'line': b'-- Detecting C compiler ABI info - done\n'}
[39.960938] (robot_description) StdoutLine: {'line': b'-- Check for working C compiler: /usr/bin/cc - skipped\n'}
[39.961923] (sllidar_ros2) StdoutLine: {'line': b'-- Check for working C compiler: /usr/bin/cc - skipped\n'}
[40.030993] (-) TimerEvent: {}
[40.132140] (-) TimerEvent: {}
[40.233167] (-) TimerEvent: {}
[40.334448] (-) TimerEvent: {}
[40.402633] (robot_description) StdoutLine: {'line': b'-- Detecting C compile features\n'}
[40.404017] (sllidar_ros2) StdoutLine: {'line': b'-- Detecting C compile features\n'}
[40.434668] (-) TimerEvent: {}
[40.535922] (-) TimerEvent: {}
[40.585367] (robot_description) StdoutLine: {'line': b'-- Detecting C compile features - done\n'}
[40.884446] (-) TimerEvent: {}
[40.885653] (sllidar_ros2) StdoutLine: {'line': b'-- Detecting C compile features - done\n'}
[40.984737] (-) TimerEvent: {}
[41.086279] (-) TimerEvent: {}
[41.187437] (-) TimerEvent: {}
[41.288712] (-) TimerEvent: {}
[41.390014] (-) TimerEvent: {}
[41.491234] (-) TimerEvent: {}
[41.592521] (-) TimerEvent: {}
[41.693726] (-) TimerEvent: {}
[41.794946] (-) TimerEvent: {}
[41.896149] (-) TimerEvent: {}
[41.997433] (-) TimerEvent: {}
[42.098658] (-) TimerEvent: {}
[42.199948] (-) TimerEvent: {}
[42.301235] (-) TimerEvent: {}
[42.402509] (-) TimerEvent: {}
[42.503741] (-) TimerEvent: {}
[42.604809] (-) TimerEvent: {}
[42.706104] (-) TimerEvent: {}
[42.807336] (-) TimerEvent: {}
[42.908572] (-) TimerEvent: {}
[43.009778] (-) TimerEvent: {}
[43.110671] (-) TimerEvent: {}
[43.211695] (-) TimerEvent: {}
[43.423597] (robot_description) StdoutLine: {'line': b'-- Detecting CXX compiler ABI info\n'}
[43.539541] (-) TimerEvent: {}
[43.540189] (sllidar_ros2) StdoutLine: {'line': b'-- Detecting CXX compiler ABI info\n'}
[43.639843] (-) TimerEvent: {}
[43.741150] (-) TimerEvent: {}
[44.079945] (-) TimerEvent: {}
[44.181094] (-) TimerEvent: {}
[44.282138] (-) TimerEvent: {}
[44.383100] (-) TimerEvent: {}
[44.484246] (-) TimerEvent: {}
[44.882257] (sllidar_ros2) StdoutLine: {'line': b'-- Detecting CXX compiler ABI info - done\n'}
[44.883265] (-) TimerEvent: {}
[44.915707] (sllidar_ros2) StdoutLine: {'line': b'-- Check for working CXX compiler: /usr/bin/c++ - skipped\n'}
[44.917032] (sllidar_ros2) StdoutLine: {'line': b'-- Detecting CXX compile features\n'}
[44.919247] (sllidar_ros2) StdoutLine: {'line': b'-- Detecting CXX compile features - done\n'}
[44.983478] (-) TimerEvent: {}
[45.000956] (robot_description) StdoutLine: {'line': b'-- Detecting CXX compiler ABI info - done\n'}
[45.032019] (robot_description) StdoutLine: {'line': b'-- Check for working CXX compiler: /usr/bin/c++ - skipped\n'}
[46.048568] (-) TimerEvent: {}
[46.049962] (robot_description) StdoutLine: {'line': b'-- Detecting CXX compile features\n'}
[46.051113] (robot_description) StdoutLine: {'line': b'-- Detecting CXX compile features - done\n'}
[46.148810] (-) TimerEvent: {}
[46.250578] (-) TimerEvent: {}
[46.352568] (-) TimerEvent: {}
[46.453886] (-) TimerEvent: {}
[46.683592] (-) TimerEvent: {}
[46.784717] (-) TimerEvent: {}
[46.885733] (-) TimerEvent: {}
[46.986880] (-) TimerEvent: {}
[47.156479] (-) TimerEvent: {}
[47.257491] (-) TimerEvent: {}
[47.358813] (-) TimerEvent: {}
[47.460064] (-) TimerEvent: {}
[47.595292] (sllidar_ros2) StdoutLine: {'line': b'-- Found ament_cmake: 1.3.14 (/opt/ros/humble/share/ament_cmake/cmake)\n'}
[47.596956] (-) TimerEvent: {}
[47.598186] (robot_description) StdoutLine: {'line': b'-- Found ament_cmake: 1.3.14 (/opt/ros/humble/share/ament_cmake/cmake)\n'}
[47.697290] (-) TimerEvent: {}
[47.798500] (-) TimerEvent: {}
[47.899734] (-) TimerEvent: {}
[48.001007] (-) TimerEvent: {}
[48.102163] (-) TimerEvent: {}
[48.203193] (-) TimerEvent: {}
[48.304392] (-) TimerEvent: {}
[48.405921] (-) TimerEvent: {}
[48.507183] (-) TimerEvent: {}
[48.709277] (-) TimerEvent: {}
[48.810346] (-) TimerEvent: {}
[48.911437] (-) TimerEvent: {}
[49.013948] (-) TimerEvent: {}
[49.115112] (-) TimerEvent: {}
[49.216523] (-) TimerEvent: {}
[49.317569] (-) TimerEvent: {}
[49.418534] (-) TimerEvent: {}
[49.519514] (-) TimerEvent: {}
[49.620399] (-) TimerEvent: {}
[49.721224] (-) TimerEvent: {}
[49.998498] (-) TimerEvent: {}
[50.099712] (-) TimerEvent: {}
[50.200777] (-) TimerEvent: {}
[50.334777] (robot_description) StdoutLine: {'line': b'-- Found Python3: /usr/bin/python3 (found version "3.10.12") found components: Interpreter \n'}
[50.336329] (-) TimerEvent: {}
[50.337199] (sllidar_ros2) StdoutLine: {'line': b'-- Found Python3: /usr/bin/python3 (found version "3.10.12") found components: Interpreter \n'}
[50.436606] (-) TimerEvent: {}
[50.537930] (-) TimerEvent: {}
[50.638917] (-) TimerEvent: {}
[50.740210] (-) TimerEvent: {}
[51.128002] (-) TimerEvent: {}
[51.229159] (-) TimerEvent: {}
[51.446874] (-) TimerEvent: {}
[51.548036] (-) TimerEvent: {}
[51.750110] (-) TimerEvent: {}
[51.851291] (-) TimerEvent: {}
[52.029154] (-) TimerEvent: {}
[52.130541] (-) TimerEvent: {}
[52.343272] (-) TimerEvent: {}
[52.444668] (-) TimerEvent: {}
[52.546042] (-) TimerEvent: {}
[52.753627] (-) TimerEvent: {}
[52.854962] (-) TimerEvent: {}
[53.158184] (-) TimerEvent: {}
[53.259254] (-) TimerEvent: {}
[53.435420] (-) TimerEvent: {}
[53.536710] (-) TimerEvent: {}
[53.687489] (-) TimerEvent: {}
[53.788706] (-) TimerEvent: {}
[53.978980] (-) TimerEvent: {}
[54.080457] (-) TimerEvent: {}
[54.182978] (-) TimerEvent: {}
[54.284066] (-) TimerEvent: {}
[54.385358] (-) TimerEvent: {}
[54.486667] (-) TimerEvent: {}
[54.495746] (robot_description) StdoutLine: {'line': b'-- Override CMake install command with custom implementation using symlinks instead of copying resources\n'}
[54.497233] (sllidar_ros2) StdoutLine: {'line': b'-- Override CMake install command with custom implementation using symlinks instead of copying resources\n'}
[54.586876] (-) TimerEvent: {}
[54.687938] (-) TimerEvent: {}
[54.789128] (-) TimerEvent: {}
[54.988808] (-) TimerEvent: {}
[55.090052] (-) TimerEvent: {}
[55.191081] (-) TimerEvent: {}
[55.292247] (-) TimerEvent: {}
[55.398319] (-) TimerEvent: {}
[55.499580] (-) TimerEvent: {}
[55.658584] (-) TimerEvent: {}
[55.759828] (-) TimerEvent: {}
[55.861025] (-) TimerEvent: {}
[55.962481] (-) TimerEvent: {}
[56.083647] (-) TimerEvent: {}
[56.192485] (-) TimerEvent: {}
[56.293710] (-) TimerEvent: {}
[56.465811] (-) TimerEvent: {}
[56.566776] (-) TimerEvent: {}
[56.667863] (-) TimerEvent: {}
[56.769055] (-) TimerEvent: {}
[56.870233] (-) TimerEvent: {}
[56.913673] (robot_description) StdoutLine: {'line': b'-- Found ament_lint_auto: 0.12.15 (/opt/ros/humble/share/ament_lint_auto/cmake)\n'}
[57.023304] (-) TimerEvent: {}
[57.124693] (-) TimerEvent: {}
[57.137055] (sllidar_ros2) StdoutLine: {'line': b'-- Found rclcpp: 16.0.19 (/opt/ros/humble/share/rclcpp/cmake)\n'}
[57.224956] (-) TimerEvent: {}
[57.326345] (-) TimerEvent: {}
[57.428379] (-) TimerEvent: {}
[57.644031] (-) TimerEvent: {}
[57.745488] (-) TimerEvent: {}
[57.846771] (-) TimerEvent: {}
[57.947935] (-) TimerEvent: {}
[58.049162] (-) TimerEvent: {}
[58.150245] (-) TimerEvent: {}
[58.287857] (-) TimerEvent: {}
[58.402944] (-) TimerEvent: {}
[58.504126] (-) TimerEvent: {}
[58.689635] (-) TimerEvent: {}
[58.922192] (-) TimerEvent: {}
[59.023435] (-) TimerEvent: {}
[59.227118] (-) TimerEvent: {}
[59.328240] (-) TimerEvent: {}
[59.429258] (-) TimerEvent: {}
[59.530520] (-) TimerEvent: {}
[59.631453] (-) TimerEvent: {}
[59.732793] (-) TimerEvent: {}
[60.011621] (-) TimerEvent: {}
[60.112899] (-) TimerEvent: {}
[60.213908] (-) TimerEvent: {}
[60.315087] (-) TimerEvent: {}
[60.496537] (-) TimerEvent: {}
[60.597841] (-) TimerEvent: {}
[60.699091] (-) TimerEvent: {}
[60.800246] (-) TimerEvent: {}
[61.272336] (-) TimerEvent: {}
[61.373472] (-) TimerEvent: {}
[61.474425] (-) TimerEvent: {}
[61.575709] (-) TimerEvent: {}
[61.676749] (-) TimerEvent: {}
[61.778135] (-) TimerEvent: {}
[61.879433] (-) TimerEvent: {}
[61.980728] (-) TimerEvent: {}
[62.081960] (-) TimerEvent: {}
[62.183286] (-) TimerEvent: {}
[62.284566] (-) TimerEvent: {}
[62.530818] (-) TimerEvent: {}
[62.844862] (-) TimerEvent: {}
[62.969606] (-) TimerEvent: {}
[63.273152] (-) TimerEvent: {}
[63.374324] (-) TimerEvent: {}
[63.475268] (-) TimerEvent: {}
[63.576539] (-) TimerEvent: {}
[63.779518] (-) TimerEvent: {}
[63.880742] (-) TimerEvent: {}
[63.981619] (-) TimerEvent: {}
[64.038774] (robot_description) StdoutLine: {'line': b"-- Added test 'copyright' to check source files copyright and LICENSE\n"}
[64.081918] (-) TimerEvent: {}
[64.183036] (-) TimerEvent: {}
[64.284114] (-) TimerEvent: {}
[64.385513] (-) TimerEvent: {}
[64.486773] (-) TimerEvent: {}
[64.558724] (robot_description) StdoutLine: {'line': b"-- Added test 'flake8' to check Python code syntax and style conventions\n"}
[64.586998] (-) TimerEvent: {}
[64.688172] (-) TimerEvent: {}
[64.710215] (robot_description) StdoutLine: {'line': b"-- Added test 'lint_cmake' to check CMake code style\n"}
[64.788494] (-) TimerEvent: {}
[64.889802] (-) TimerEvent: {}
[64.894534] (robot_description) StdoutLine: {'line': b"-- Added test 'pep257' to check Python code against some of the docstring style conventions in PEP 257\n"}
[64.990046] (-) TimerEvent: {}
[65.091220] (-) TimerEvent: {}
[65.198866] (robot_description) StdoutLine: {'line': b"-- Added test 'xmllint' to check XML markup files\n"}
[65.200387] (-) TimerEvent: {}
[65.301956] (-) TimerEvent: {}
[65.403281] (-) TimerEvent: {}
[65.843956] (-) TimerEvent: {}
[65.926604] (robot_description) StdoutLine: {'line': b'-- Configuring done\n'}
[65.944135] (-) TimerEvent: {}
[65.959800] (robot_description) StdoutLine: {'line': b'-- Generating done\n'}
[66.044437] (-) TimerEvent: {}
[66.145710] (-) TimerEvent: {}
[66.371410] (robot_description) StdoutLine: {'line': b'-- Build files have been written to: /home/robot/robot_ws/build/robot_description\n'}
[66.372754] (-) TimerEvent: {}
[66.393474] (robot_description) CommandEnded: {'returncode': 0}
[66.395791] (robot_description) JobProgress: {'identifier': 'robot_description', 'progress': 'build'}
[66.398550] (robot_description) Command: {'cmd': ['/usr/bin/cmake', '--build', '/home/robot/robot_ws/build/robot_description', '--', '-j4', '-l4'], 'cwd': '/home/robot/robot_ws/build/robot_description', 'env': OrderedDict([('LESSOPEN', '| /usr/bin/lesspipe %s'), ('AI_AGENT', 'github_copilot_vscode_agent'), ('USER', 'robot'), ('SSH_CLIENT', '192.168.61.78 54900 22'), ('GIT_EDITOR', ':'), ('XDG_SESSION_TYPE', 'tty'), ('GIT_ASKPASS', '/home/robot/.vscode-server/cli/servers/Stable-e4c7e7b1d6d060162f4aa7f8225271b67ce1df75/server/extensions/git/dist/askpass.sh'), ('SHLVL', '1'), ('LD_LIBRARY_PATH', '/home/robot/robot_ws/install/vision_msgs/lib:/opt/ros/humble/opt/rviz_ogre_vendor/lib:/opt/ros/humble/lib/aarch64-linux-gnu:/opt/ros/humble/lib'), ('COPILOT_AGENT', '1'), ('BROWSER', '/home/robot/.vscode-server/cli/servers/Stable-e4c7e7b1d6d060162f4aa7f8225271b67ce1df75/server/bin/helpers/browser.sh'), ('MOTD_SHOWN', 'pam'), ('HOME', '/home/robot'), ('OLDPWD', '/home/robot/robot_ws'), ('TERM_PROGRAM_VERSION', '1.131.0'), ('VSCODE_IPC_HOOK_CLI', '/run/user/1000/vscode-ipc-c2b19606-0da0-4d80-a718-838dd44b1f0e.sock'), ('ROS_PYTHON_VERSION', '3'), ('VSCODE_GIT_ASKPASS_MAIN', '/home/robot/.vscode-server/cli/servers/Stable-e4c7e7b1d6d060162f4aa7f8225271b67ce1df75/server/extensions/git/dist/askpass-main.js'), ('VSCODE_GIT_ASKPASS_NODE', '/home/robot/.vscode-server/cli/servers/Stable-e4c7e7b1d6d060162f4aa7f8225271b67ce1df75/server/node'), ('VSCODE_PYTHON_AUTOACTIVATE_GUARD', '1'), ('DBUS_SESSION_BUS_ADDRESS', 'unix:path=/run/user/1000/bus'), ('COLORTERM', 'truecolor'), ('COLCON_PREFIX_PATH', '/home/robot/robot_ws/install'), ('ROS_DISTRO', 'humble'), ('LOGNAME', 'robot'), ('_', '/usr/bin/colcon'), ('ROS_VERSION', '2'), ('XDG_SESSION_CLASS', 'user'), ('TERM', 'xterm-256color'), ('XDG_SESSION_ID', '1'), ('ROS_LOCALHOST_ONLY', '1'), ('HISTCONTROL', 'ignorespace'), ('PATH', '/opt/ros/humble/bin:/home/robot/.vscode-server/data/User/globalStorage/github.copilot-chat/debugCommand:/home/robot/.vscode-server/data/User/globalStorage/github.copilot-chat/copilotCli:/home/robot/.vscode-server/cli/servers/Stable-e4c7e7b1d6d060162f4aa7f8225271b67ce1df75/server/bin/remote-cli:/usr/local/sbin:/usr/local/bin:/usr/sbin:/usr/bin:/sbin:/bin:/usr/games:/usr/local/games:/snap/bin'), ('XDG_RUNTIME_DIR', '/run/user/1000'), ('LANG', 'en_US.UTF-8'), ('RMW_IMPLEMENTATION', 'rmw_cyclonedds_cpp'), ('LS_COLORS', 'rs=0:di=01;34:ln=01;36:mh=00:pi=40;33:so=01;35:do=01;35:bd=40;33;01:cd=40;33;01:or=40;31;01:mi=00:su=37;41:sg=30;43:ca=30;41:tw=30;42:ow=34;42:st=37;44:ex=01;32:*.tar=01;31:*.tgz=01;31:*.arc=01;31:*.arj=01;31:*.taz=01;31:*.lha=01;31:*.lz4=01;31:*.lzh=01;31:*.lzma=01;31:*.tlz=01;31:*.txz=01;31:*.tzo=01;31:*.t7z=01;31:*.zip=01;31:*.z=01;31:*.dz=01;31:*.gz=01;31:*.lrz=01;31:*.lz=01;31:*.lzo=01;31:*.xz=01;31:*.zst=01;31:*.tzst=01;31:*.bz2=01;31:*.bz=01;31:*.tbz=01;31:*.tbz2=01;31:*.tz=01;31:*.deb=01;31:*.rpm=01;31:*.jar=01;31:*.war=01;31:*.ear=01;31:*.sar=01;31:*.rar=01;31:*.alz=01;31:*.ace=01;31:*.zoo=01;31:*.cpio=01;31:*.7z=01;31:*.rz=01;31:*.cab=01;31:*.wim=01;31:*.swm=01;31:*.dwm=01;31:*.esd=01;31:*.jpg=01;35:*.jpeg=01;35:*.mjpg=01;35:*.mjpeg=01;35:*.gif=01;35:*.bmp=01;35:*.pbm=01;35:*.pgm=01;35:*.ppm=01;35:*.tga=01;35:*.xbm=01;35:*.xpm=01;35:*.tif=01;35:*.tiff=01;35:*.png=01;35:*.svg=01;35:*.svgz=01;35:*.mng=01;35:*.pcx=01;35:*.mov=01;35:*.mpg=01;35:*.mpeg=01;35:*.m2v=01;35:*.mkv=01;35:*.webm=01;35:*.webp=01;35:*.ogm=01;35:*.mp4=01;35:*.m4v=01;35:*.mp4v=01;35:*.vob=01;35:*.qt=01;35:*.nuv=01;35:*.wmv=01;35:*.asf=01;35:*.rm=01;35:*.rmvb=01;35:*.flc=01;35:*.avi=01;35:*.fli=01;35:*.flv=01;35:*.gl=01;35:*.dl=01;35:*.xcf=01;35:*.xwd=01;35:*.yuv=01;35:*.cgm=01;35:*.emf=01;35:*.ogv=01;35:*.ogx=01;35:*.aac=00;36:*.au=00;36:*.flac=00;36:*.m4a=00;36:*.mid=00;36:*.midi=00;36:*.mka=00;36:*.mp3=00;36:*.mpc=00;36:*.ogg=00;36:*.ra=00;36:*.wav=00;36:*.oga=00;36:*.opus=00;36:*.spx=00;36:*.xspf=00;36:'), ('VSCODE_GIT_IPC_HANDLE', '/run/user/1000/vscode-git-ff69577006.sock'), ('TERM_PROGRAM', 'vscode'), ('ROS_DOMAIN_ID', '0'), ('AMENT_PREFIX_PATH', '/home/robot/robot_ws/install/web_bridge:/home/robot/robot_ws/install/vision_ai_node:/home/robot/robot_ws/install/vision_msgs:/home/robot/robot_ws/install/robot_bringup:/home/robot/robot_ws/install/sllidar_ros2:/home/robot/robot_ws/install/robot_serial:/home/robot/robot_ws/install/robot_description:/home/robot/robot_ws/install/robot_ai:/home/robot/robot_ws/install/camera_node:/opt/ros/humble'), ('DEBIAN_FRONTEND', 'noninteractive'), ('SHELL', '/bin/bash'), ('LESSCLOSE', '/usr/bin/lesspipe %s %s'), ('VSCODE_GIT_ASKPASS_EXTRA_ARGS', ''), ('GIT_PAGER', 'cat'), ('PWD', '/home/robot/robot_ws/build/robot_description'), ('GIT_MERGE_AUTOEDIT', 'no'), ('LC_ALL', 'en_US.UTF-8'), ('COPILOT_DEBUG_NONCE', '01d717960648d8f44b00b727a54c38a1'), ('SSH_CONNECTION', '192.168.61.78 54900 192.168.61.135 22'), ('PYTHONPATH', '/home/robot/robot_ws/build/web_bridge:/home/robot/robot_ws/install/web_bridge/lib/python3.10/site-packages:/home/robot/robot_ws/build/vision_ai_node:/home/robot/robot_ws/install/vision_ai_node/lib/python3.10/site-packages:/home/robot/robot_ws/install/vision_msgs/local/lib/python3.10/dist-packages:/home/robot/robot_ws/build/robot_serial:/home/robot/robot_ws/install/robot_serial/lib/python3.10/site-packages:/home/robot/robot_ws/build/robot_ai:/home/robot/robot_ws/install/robot_ai/lib/python3.10/site-packages:/home/robot/robot_ws/build/camera_node:/home/robot/robot_ws/install/camera_node/lib/python3.10/site-packages:/opt/ros/humble/lib/python3.10/site-packages:/opt/ros/humble/local/lib/python3.10/dist-packages'), ('COLCON', '1'), ('CMAKE_PREFIX_PATH', '/home/robot/robot_ws/install/vision_msgs:/home/robot/robot_ws/install/robot_bringup:/home/robot/robot_ws/install/sllidar_ros2:/home/robot/robot_ws/install/robot_description:/home/robot/robot_ws/install/web_bridge:/home/robot/robot_ws/install/vision_ai_node:/home/robot/robot_ws/install/robot_serial:/home/robot/robot_ws/install/robot_ai:/home/robot/robot_ws/install/camera_node:/opt/ros/humble')]), 'shell': False}
[66.473035] (-) TimerEvent: {}
[66.574062] (-) TimerEvent: {}
[66.583326] (robot_description) CommandEnded: {'returncode': 0}
[66.586481] (robot_description) JobProgress: {'identifier': 'robot_description', 'progress': 'install'}
[66.634507] (robot_description) Command: {'cmd': ['/usr/bin/cmake', '--install', '/home/robot/robot_ws/build/robot_description'], 'cwd': '/home/robot/robot_ws/build/robot_description', 'env': OrderedDict([('LESSOPEN', '| /usr/bin/lesspipe %s'), ('AI_AGENT', 'github_copilot_vscode_agent'), ('USER', 'robot'), ('SSH_CLIENT', '192.168.61.78 54900 22'), ('GIT_EDITOR', ':'), ('XDG_SESSION_TYPE', 'tty'), ('GIT_ASKPASS', '/home/robot/.vscode-server/cli/servers/Stable-e4c7e7b1d6d060162f4aa7f8225271b67ce1df75/server/extensions/git/dist/askpass.sh'), ('SHLVL', '1'), ('LD_LIBRARY_PATH', '/home/robot/robot_ws/install/vision_msgs/lib:/opt/ros/humble/opt/rviz_ogre_vendor/lib:/opt/ros/humble/lib/aarch64-linux-gnu:/opt/ros/humble/lib'), ('COPILOT_AGENT', '1'), ('BROWSER', '/home/robot/.vscode-server/cli/servers/Stable-e4c7e7b1d6d060162f4aa7f8225271b67ce1df75/server/bin/helpers/browser.sh'), ('MOTD_SHOWN', 'pam'), ('HOME', '/home/robot'), ('OLDPWD', '/home/robot/robot_ws'), ('TERM_PROGRAM_VERSION', '1.131.0'), ('VSCODE_IPC_HOOK_CLI', '/run/user/1000/vscode-ipc-c2b19606-0da0-4d80-a718-838dd44b1f0e.sock'), ('ROS_PYTHON_VERSION', '3'), ('VSCODE_GIT_ASKPASS_MAIN', '/home/robot/.vscode-server/cli/servers/Stable-e4c7e7b1d6d060162f4aa7f8225271b67ce1df75/server/extensions/git/dist/askpass-main.js'), ('VSCODE_GIT_ASKPASS_NODE', '/home/robot/.vscode-server/cli/servers/Stable-e4c7e7b1d6d060162f4aa7f8225271b67ce1df75/server/node'), ('VSCODE_PYTHON_AUTOACTIVATE_GUARD', '1'), ('DBUS_SESSION_BUS_ADDRESS', 'unix:path=/run/user/1000/bus'), ('COLORTERM', 'truecolor'), ('COLCON_PREFIX_PATH', '/home/robot/robot_ws/install'), ('ROS_DISTRO', 'humble'), ('LOGNAME', 'robot'), ('_', '/usr/bin/colcon'), ('ROS_VERSION', '2'), ('XDG_SESSION_CLASS', 'user'), ('TERM', 'xterm-256color'), ('XDG_SESSION_ID', '1'), ('ROS_LOCALHOST_ONLY', '1'), ('HISTCONTROL', 'ignorespace'), ('PATH', '/opt/ros/humble/bin:/home/robot/.vscode-server/data/User/globalStorage/github.copilot-chat/debugCommand:/home/robot/.vscode-server/data/User/globalStorage/github.copilot-chat/copilotCli:/home/robot/.vscode-server/cli/servers/Stable-e4c7e7b1d6d060162f4aa7f8225271b67ce1df75/server/bin/remote-cli:/usr/local/sbin:/usr/local/bin:/usr/sbin:/usr/bin:/sbin:/bin:/usr/games:/usr/local/games:/snap/bin'), ('XDG_RUNTIME_DIR', '/run/user/1000'), ('LANG', 'en_US.UTF-8'), ('RMW_IMPLEMENTATION', 'rmw_cyclonedds_cpp'), ('LS_COLORS', 'rs=0:di=01;34:ln=01;36:mh=00:pi=40;33:so=01;35:do=01;35:bd=40;33;01:cd=40;33;01:or=40;31;01:mi=00:su=37;41:sg=30;43:ca=30;41:tw=30;42:ow=34;42:st=37;44:ex=01;32:*.tar=01;31:*.tgz=01;31:*.arc=01;31:*.arj=01;31:*.taz=01;31:*.lha=01;31:*.lz4=01;31:*.lzh=01;31:*.lzma=01;31:*.tlz=01;31:*.txz=01;31:*.tzo=01;31:*.t7z=01;31:*.zip=01;31:*.z=01;31:*.dz=01;31:*.gz=01;31:*.lrz=01;31:*.lz=01;31:*.lzo=01;31:*.xz=01;31:*.zst=01;31:*.tzst=01;31:*.bz2=01;31:*.bz=01;31:*.tbz=01;31:*.tbz2=01;31:*.tz=01;31:*.deb=01;31:*.rpm=01;31:*.jar=01;31:*.war=01;31:*.ear=01;31:*.sar=01;31:*.rar=01;31:*.alz=01;31:*.ace=01;31:*.zoo=01;31:*.cpio=01;31:*.7z=01;31:*.rz=01;31:*.cab=01;31:*.wim=01;31:*.swm=01;31:*.dwm=01;31:*.esd=01;31:*.jpg=01;35:*.jpeg=01;35:*.mjpg=01;35:*.mjpeg=01;35:*.gif=01;35:*.bmp=01;35:*.pbm=01;35:*.pgm=01;35:*.ppm=01;35:*.tga=01;35:*.xbm=01;35:*.xpm=01;35:*.tif=01;35:*.tiff=01;35:*.png=01;35:*.svg=01;35:*.svgz=01;35:*.mng=01;35:*.pcx=01;35:*.mov=01;35:*.mpg=01;35:*.mpeg=01;35:*.m2v=01;35:*.mkv=01;35:*.webm=01;35:*.webp=01;35:*.ogm=01;35:*.mp4=01;35:*.m4v=01;35:*.mp4v=01;35:*.vob=01;35:*.qt=01;35:*.nuv=01;35:*.wmv=01;35:*.asf=01;35:*.rm=01;35:*.rmvb=01;35:*.flc=01;35:*.avi=01;35:*.fli=01;35:*.flv=01;35:*.gl=01;35:*.dl=01;35:*.xcf=01;35:*.xwd=01;35:*.yuv=01;35:*.cgm=01;35:*.emf=01;35:*.ogv=01;35:*.ogx=01;35:*.aac=00;36:*.au=00;36:*.flac=00;36:*.m4a=00;36:*.mid=00;36:*.midi=00;36:*.mka=00;36:*.mp3=00;36:*.mpc=00;36:*.ogg=00;36:*.ra=00;36:*.wav=00;36:*.oga=00;36:*.opus=00;36:*.spx=00;36:*.xspf=00;36:'), ('VSCODE_GIT_IPC_HANDLE', '/run/user/1000/vscode-git-ff69577006.sock'), ('TERM_PROGRAM', 'vscode'), ('ROS_DOMAIN_ID', '0'), ('AMENT_PREFIX_PATH', '/home/robot/robot_ws/install/web_bridge:/home/robot/robot_ws/install/vision_ai_node:/home/robot/robot_ws/install/vision_msgs:/home/robot/robot_ws/install/robot_bringup:/home/robot/robot_ws/install/sllidar_ros2:/home/robot/robot_ws/install/robot_serial:/home/robot/robot_ws/install/robot_description:/home/robot/robot_ws/install/robot_ai:/home/robot/robot_ws/install/camera_node:/opt/ros/humble'), ('DEBIAN_FRONTEND', 'noninteractive'), ('SHELL', '/bin/bash'), ('LESSCLOSE', '/usr/bin/lesspipe %s %s'), ('VSCODE_GIT_ASKPASS_EXTRA_ARGS', ''), ('GIT_PAGER', 'cat'), ('PWD', '/home/robot/robot_ws/build/robot_description'), ('GIT_MERGE_AUTOEDIT', 'no'), ('LC_ALL', 'en_US.UTF-8'), ('COPILOT_DEBUG_NONCE', '01d717960648d8f44b00b727a54c38a1'), ('SSH_CONNECTION', '192.168.61.78 54900 192.168.61.135 22'), ('PYTHONPATH', '/home/robot/robot_ws/build/web_bridge:/home/robot/robot_ws/install/web_bridge/lib/python3.10/site-packages:/home/robot/robot_ws/build/vision_ai_node:/home/robot/robot_ws/install/vision_ai_node/lib/python3.10/site-packages:/home/robot/robot_ws/install/vision_msgs/local/lib/python3.10/dist-packages:/home/robot/robot_ws/build/robot_serial:/home/robot/robot_ws/install/robot_serial/lib/python3.10/site-packages:/home/robot/robot_ws/build/robot_ai:/home/robot/robot_ws/install/robot_ai/lib/python3.10/site-packages:/home/robot/robot_ws/build/camera_node:/home/robot/robot_ws/install/camera_node/lib/python3.10/site-packages:/opt/ros/humble/lib/python3.10/site-packages:/opt/ros/humble/local/lib/python3.10/dist-packages'), ('COLCON', '1'), ('CMAKE_PREFIX_PATH', '/home/robot/robot_ws/install/vision_msgs:/home/robot/robot_ws/install/robot_bringup:/home/robot/robot_ws/install/sllidar_ros2:/home/robot/robot_ws/install/robot_description:/home/robot/robot_ws/install/web_bridge:/home/robot/robot_ws/install/vision_ai_node:/home/robot/robot_ws/install/robot_serial:/home/robot/robot_ws/install/robot_ai:/home/robot/robot_ws/install/camera_node:/opt/ros/humble')]), 'shell': False}
[66.667071] (robot_description) StdoutLine: {'line': b'-- Install configuration: ""\n'}
[66.669100] (robot_description) StdoutLine: {'line': b'-- Execute custom install script\n'}
[66.671848] (robot_description) StdoutLine: {'line': b'-- Symlinking: /home/robot/robot_ws/install/robot_description/share/robot_description//launch/display.launch.py\n'}
[66.674235] (-) TimerEvent: {}
[66.775122] (-) TimerEvent: {}
[66.841487] (robot_description) StdoutLine: {'line': b'-- Symlinking: /home/robot/robot_ws/install/robot_description/share/robot_description//launch/robot_state_publisher.launch.py\n'}
[66.875368] (-) TimerEvent: {}
[66.883136] (robot_description) StdoutLine: {'line': b'-- Symlinking: /home/robot/robot_ws/install/robot_description/share/robot_description//urdf/gazebo.xacro\n'}
[66.921920] (robot_description) StdoutLine: {'line': b'-- Symlinking: /home/robot/robot_ws/install/robot_description/share/robot_description//urdf/macros.xacro\n'}
[66.959684] (robot_description) StdoutLine: {'line': b'-- Symlinking: /home/robot/robot_ws/install/robot_description/share/robot_description//urdf/materials.xacro\n'}
[66.975607] (-) TimerEvent: {}
[66.998290] (robot_description) StdoutLine: {'line': b'-- Symlinking: /home/robot/robot_ws/install/robot_description/share/robot_description//urdf/robot.urdf.xacro\n'}
[67.075939] (-) TimerEvent: {}
[67.303774] (robot_description) StdoutLine: {'line': b'-- Symlinking: /home/robot/robot_ws/install/robot_description/share/robot_description//config/joint_limits.yaml\n'}
[67.304959] (-) TimerEvent: {}
[67.350316] (robot_description) StdoutLine: {'line': b'-- Symlinking: /home/robot/robot_ws/install/robot_description/share/robot_description//rviz/rviz.rviz\n'}
[67.393627] (robot_description) StdoutLine: {'line': b'-- Symlinking: /home/robot/robot_ws/install/robot_description/share/ament_index/resource_index/package_run_dependencies/robot_description\n'}
[67.405196] (-) TimerEvent: {}
[67.434098] (robot_description) StdoutLine: {'line': b'-- Symlinking: /home/robot/robot_ws/install/robot_description/share/ament_index/resource_index/parent_prefix_path/robot_description\n'}
[67.472095] (robot_description) StdoutLine: {'line': b'-- Symlinking: /home/robot/robot_ws/install/robot_description/share/robot_description/environment/ament_prefix_path.sh\n'}
[67.505548] (-) TimerEvent: {}
[67.515373] (robot_description) StdoutLine: {'line': b'-- Symlinking: /home/robot/robot_ws/install/robot_description/share/robot_description/environment/ament_prefix_path.dsv\n'}
[67.559946] (robot_description) StdoutLine: {'line': b'-- Symlinking: /home/robot/robot_ws/install/robot_description/share/robot_description/environment/path.sh\n'}
[67.605829] (-) TimerEvent: {}
[67.610522] (robot_description) StdoutLine: {'line': b'-- Symlinking: /home/robot/robot_ws/install/robot_description/share/robot_description/environment/path.dsv\n'}
[67.645052] (sllidar_ros2) StdoutLine: {'line': b'-- Found rosidl_generator_c: 3.1.9 (/opt/ros/humble/share/rosidl_generator_c/cmake)\n'}
[67.658488] (robot_description) StdoutLine: {'line': b'-- Symlinking: /home/robot/robot_ws/install/robot_description/share/robot_description/local_setup.bash\n'}
[67.701081] (robot_description) StdoutLine: {'line': b'-- Symlinking: /home/robot/robot_ws/install/robot_description/share/robot_description/local_setup.sh\n'}
[67.706012] (-) TimerEvent: {}
[67.740157] (sllidar_ros2) StdoutLine: {'line': b'-- Found rosidl_adapter: 3.1.9 (/opt/ros/humble/share/rosidl_adapter/cmake)\n'}
[67.744075] (robot_description) StdoutLine: {'line': b'-- Symlinking: /home/robot/robot_ws/install/robot_description/share/robot_description/local_setup.zsh\n'}
[67.788629] (robot_description) StdoutLine: {'line': b'-- Symlinking: /home/robot/robot_ws/install/robot_description/share/robot_description/local_setup.dsv\n'}
[67.806241] (-) TimerEvent: {}
[67.831036] (robot_description) StdoutLine: {'line': b'-- Symlinking: /home/robot/robot_ws/install/robot_description/share/robot_description/package.dsv\n'}
[67.876924] (sllidar_ros2) StdoutLine: {'line': b'-- Found rosidl_generator_cpp: 3.1.9 (/opt/ros/humble/share/rosidl_generator_cpp/cmake)\n'}
[67.880191] (robot_description) StdoutLine: {'line': b'-- Symlinking: /home/robot/robot_ws/install/robot_description/share/ament_index/resource_index/packages/robot_description\n'}
[67.906555] (-) TimerEvent: {}
[67.936469] (robot_description) StdoutLine: {'line': b'-- Symlinking: /home/robot/robot_ws/install/robot_description/share/robot_description/cmake/robot_descriptionConfig.cmake\n'}
[67.994525] (robot_description) StdoutLine: {'line': b'-- Symlinking: /home/robot/robot_ws/install/robot_description/share/robot_description/cmake/robot_descriptionConfig-version.cmake\n'}
[68.006924] (-) TimerEvent: {}
[68.064366] (robot_description) StdoutLine: {'line': b'-- Symlinking: /home/robot/robot_ws/install/robot_description/share/robot_description/package.xml\n'}
[68.107148] (-) TimerEvent: {}
[68.112844] (sllidar_ros2) StdoutLine: {'line': b'-- Using all available rosidl_typesupport_c: rosidl_typesupport_fastrtps_c;rosidl_typesupport_introspection_c\n'}
[68.207384] (-) TimerEvent: {}
[68.664765] (-) TimerEvent: {}
[69.117848] (robot_description) CommandEnded: {'returncode': 0}
[69.387043] (-) TimerEvent: {}
[69.492647] (-) TimerEvent: {}
[69.593959] (-) TimerEvent: {}
[69.694917] (-) TimerEvent: {}
[69.796245] (-) TimerEvent: {}
[69.986159] (-) TimerEvent: {}
[70.087308] (-) TimerEvent: {}
[70.188242] (-) TimerEvent: {}
[70.289561] (-) TimerEvent: {}
[70.623981] (-) TimerEvent: {}
[70.725101] (-) TimerEvent: {}
[70.826204] (-) TimerEvent: {}
[70.927411] (-) TimerEvent: {}
[71.154568] (-) TimerEvent: {}
[71.255676] (-) TimerEvent: {}
[71.477587] (-) TimerEvent: {}
[71.567590] (robot_description) JobEnded: {'identifier': 'robot_description', 'rc': 0}
[71.577885] (-) TimerEvent: {}
[71.679226] (-) TimerEvent: {}
[71.780453] (-) TimerEvent: {}
[72.079374] (-) TimerEvent: {}
[72.180523] (-) TimerEvent: {}
[72.281542] (-) TimerEvent: {}
[72.382900] (-) TimerEvent: {}
[72.484116] (-) TimerEvent: {}
[72.585118] (-) TimerEvent: {}
[72.672386] (sllidar_ros2) StdoutLine: {'line': b'-- Using all available rosidl_typesupport_cpp: rosidl_typesupport_fastrtps_cpp;rosidl_typesupport_introspection_cpp\n'}
[72.685358] (-) TimerEvent: {}
[72.786315] (-) TimerEvent: {}
[72.887441] (-) TimerEvent: {}
[72.988369] (-) TimerEvent: {}
[73.089551] (-) TimerEvent: {}
[73.275208] (-) TimerEvent: {}
[73.376244] (-) TimerEvent: {}
[73.477101] (-) TimerEvent: {}
[73.578268] (-) TimerEvent: {}
[73.679411] (-) TimerEvent: {}
[73.780646] (-) TimerEvent: {}
[73.881798] (-) TimerEvent: {}
[73.982673] (-) TimerEvent: {}
[74.083817] (-) TimerEvent: {}
[74.337056] (-) TimerEvent: {}
[74.438312] (-) TimerEvent: {}
[74.539493] (-) TimerEvent: {}
[74.640698] (-) TimerEvent: {}
[74.741952] (-) TimerEvent: {}
[74.843177] (-) TimerEvent: {}
[74.944387] (-) TimerEvent: {}
[75.045532] (-) TimerEvent: {}
[75.146676] (-) TimerEvent: {}
[75.247744] (-) TimerEvent: {}
[75.348971] (-) TimerEvent: {}
[75.450222] (-) TimerEvent: {}
[75.551448] (-) TimerEvent: {}
[75.652625] (-) TimerEvent: {}
[75.754311] (-) TimerEvent: {}
[75.855751] (-) TimerEvent: {}
[75.956975] (-) TimerEvent: {}
[76.058210] (-) TimerEvent: {}
[76.159325] (-) TimerEvent: {}
[76.260236] (-) TimerEvent: {}
[76.361497] (-) TimerEvent: {}
[76.462600] (-) TimerEvent: {}
[76.563840] (-) TimerEvent: {}
[76.664966] (-) TimerEvent: {}
[76.766192] (-) TimerEvent: {}
[76.867396] (-) TimerEvent: {}
[76.968618] (-) TimerEvent: {}
[77.069733] (-) TimerEvent: {}
[77.170972] (-) TimerEvent: {}
[77.271888] (-) TimerEvent: {}
[77.373127] (-) TimerEvent: {}
[77.474378] (-) TimerEvent: {}
[77.575513] (-) TimerEvent: {}
[77.676641] (-) TimerEvent: {}
[77.777816] (-) TimerEvent: {}
[77.879027] (-) TimerEvent: {}
[77.980271] (-) TimerEvent: {}
[78.081540] (-) TimerEvent: {}
[78.182435] (-) TimerEvent: {}
[78.283701] (-) TimerEvent: {}
[78.384821] (-) TimerEvent: {}
[78.486104] (-) TimerEvent: {}
[78.587306] (-) TimerEvent: {}
[78.688523] (-) TimerEvent: {}
[78.789911] (-) TimerEvent: {}
[78.891115] (-) TimerEvent: {}
[78.992343] (-) TimerEvent: {}
[79.093493] (-) TimerEvent: {}
[79.194821] (-) TimerEvent: {}
[79.295769] (-) TimerEvent: {}
[79.396946] (-) TimerEvent: {}
[79.498231] (-) TimerEvent: {}
[79.599409] (-) TimerEvent: {}
[79.700590] (-) TimerEvent: {}
[79.801767] (-) TimerEvent: {}
[79.941216] (-) TimerEvent: {}
[80.042467] (-) TimerEvent: {}
[80.246002] (-) TimerEvent: {}
[80.347143] (-) TimerEvent: {}
[80.463866] (-) TimerEvent: {}
[80.565030] (-) TimerEvent: {}
[80.666047] (-) TimerEvent: {}
[80.767302] (-) TimerEvent: {}
[80.868441] (-) TimerEvent: {}
[80.969654] (-) TimerEvent: {}
[81.070801] (-) TimerEvent: {}
[81.171959] (-) TimerEvent: {}
[81.273024] (-) TimerEvent: {}
[81.374316] (-) TimerEvent: {}
[81.522083] (-) TimerEvent: {}
[81.623240] (-) TimerEvent: {}
[81.724503] (-) TimerEvent: {}
[81.825694] (-) TimerEvent: {}
[81.926835] (-) TimerEvent: {}
[82.028038] (-) TimerEvent: {}
[82.137935] (-) TimerEvent: {}
[82.238947] (-) TimerEvent: {}
[82.639446] (-) TimerEvent: {}
[82.740629] (-) TimerEvent: {}
[82.892434] (-) TimerEvent: {}
[82.993786] (-) TimerEvent: {}
[83.094927] (-) TimerEvent: {}
[83.196122] (-) TimerEvent: {}
[83.297227] (-) TimerEvent: {}
[83.398486] (-) TimerEvent: {}
[83.499763] (-) TimerEvent: {}
[83.600892] (-) TimerEvent: {}
[83.802777] (-) TimerEvent: {}
[83.904037] (-) TimerEvent: {}
[84.027708] (-) TimerEvent: {}
[84.128934] (-) TimerEvent: {}
[84.233918] (-) TimerEvent: {}
[84.388874] (-) TimerEvent: {}
[84.490082] (-) TimerEvent: {}
[84.591282] (-) TimerEvent: {}
[84.692521] (-) TimerEvent: {}
[84.793663] (-) TimerEvent: {}
[84.894684] (-) TimerEvent: {}
[84.995698] (-) TimerEvent: {}
[85.096906] (-) TimerEvent: {}
[85.198178] (-) TimerEvent: {}
[85.299380] (-) TimerEvent: {}
[85.400660] (-) TimerEvent: {}
[85.501852] (-) TimerEvent: {}
[85.602964] (-) TimerEvent: {}
[85.704220] (-) TimerEvent: {}
[85.864396] (-) TimerEvent: {}
[85.965564] (-) TimerEvent: {}
[86.066718] (-) TimerEvent: {}
[86.167907] (-) TimerEvent: {}
[86.268814] (-) TimerEvent: {}
[86.370123] (-) TimerEvent: {}
[86.471365] (-) TimerEvent: {}
[86.572642] (-) TimerEvent: {}
[86.768335] (-) TimerEvent: {}
[86.869538] (-) TimerEvent: {}
[86.970502] (-) TimerEvent: {}
[87.071547] (-) TimerEvent: {}
[87.172801] (-) TimerEvent: {}
[87.273871] (-) TimerEvent: {}
[87.287564] (sllidar_ros2) StdoutLine: {'line': b'-- Found rmw_implementation_cmake: 6.1.2 (/opt/ros/humble/share/rmw_implementation_cmake/cmake)\n'}
[87.374200] (-) TimerEvent: {}
[87.475622] (-) TimerEvent: {}
[87.589012] (-) TimerEvent: {}
[87.690240] (-) TimerEvent: {}
[87.833065] (-) TimerEvent: {}
[87.933970] (-) TimerEvent: {}
[87.961459] (sllidar_ros2) StdoutLine: {'line': b'-- Found rmw_cyclonedds_cpp: 1.3.4 (/opt/ros/humble/share/rmw_cyclonedds_cpp/cmake)\n'}
[88.034235] (-) TimerEvent: {}
[88.135451] (-) TimerEvent: {}
[88.237288] (-) TimerEvent: {}
[88.338505] (-) TimerEvent: {}
[88.439629] (-) TimerEvent: {}
[88.540817] (-) TimerEvent: {}
[88.641989] (-) TimerEvent: {}
[88.743200] (-) TimerEvent: {}
[88.844309] (-) TimerEvent: {}
[88.945523] (-) TimerEvent: {}
[89.046668] (-) TimerEvent: {}
[89.147822] (-) TimerEvent: {}
[89.248951] (-) TimerEvent: {}
[89.350224] (-) TimerEvent: {}
[89.573963] (-) TimerEvent: {}
[89.675100] (-) TimerEvent: {}
[89.776110] (-) TimerEvent: {}
[89.877229] (-) TimerEvent: {}
[90.175029] (-) TimerEvent: {}
[90.275890] (-) TimerEvent: {}
[90.377156] (-) TimerEvent: {}
[90.478261] (-) TimerEvent: {}
[90.579463] (-) TimerEvent: {}
[90.680688] (-) TimerEvent: {}
[90.781937] (-) TimerEvent: {}
[90.883174] (-) TimerEvent: {}
[90.984452] (-) TimerEvent: {}
[91.085688] (-) TimerEvent: {}
[91.186878] (-) TimerEvent: {}
[91.288093] (-) TimerEvent: {}
[91.389287] (-) TimerEvent: {}
[91.490479] (-) TimerEvent: {}
[91.591684] (-) TimerEvent: {}
[91.692823] (-) TimerEvent: {}
[91.793846] (-) TimerEvent: {}
[91.894898] (-) TimerEvent: {}
[91.996100] (-) TimerEvent: {}
[92.097368] (-) TimerEvent: {}
[92.198679] (-) TimerEvent: {}
[92.299887] (-) TimerEvent: {}
[92.400933] (-) TimerEvent: {}
[92.502155] (-) TimerEvent: {}
[92.603383] (-) TimerEvent: {}
[92.704593] (-) TimerEvent: {}
[92.805882] (-) TimerEvent: {}
[92.907098] (-) TimerEvent: {}
[93.008329] (-) TimerEvent: {}
[93.109555] (-) TimerEvent: {}
[93.210636] (-) TimerEvent: {}
[93.403992] (-) TimerEvent: {}
[93.505248] (-) TimerEvent: {}
[93.606526] (-) TimerEvent: {}
[93.707722] (-) TimerEvent: {}
[93.809140] (-) TimerEvent: {}
[93.910520] (-) TimerEvent: {}
[94.011686] (-) TimerEvent: {}
[94.132820] (-) TimerEvent: {}
[94.234035] (-) TimerEvent: {}
[94.335158] (-) TimerEvent: {}
[94.436389] (-) TimerEvent: {}
[94.537575] (-) TimerEvent: {}
[94.563918] (sllidar_ros2) StdoutLine: {'line': b"-- Using RMW implementation 'rmw_cyclonedds_cpp' as default\n"}
[94.637813] (-) TimerEvent: {}
[94.738901] (-) TimerEvent: {}
[94.853220] (-) TimerEvent: {}
[94.954386] (-) TimerEvent: {}
[95.055301] (-) TimerEvent: {}
[95.156441] (-) TimerEvent: {}
[95.257453] (-) TimerEvent: {}
[95.358266] (-) TimerEvent: {}
[95.459169] (-) TimerEvent: {}
[95.560374] (-) TimerEvent: {}
[95.661593] (-) TimerEvent: {}
[95.762694] (-) TimerEvent: {}
[95.863878] (-) TimerEvent: {}
[95.965112] (-) TimerEvent: {}
[96.066358] (-) TimerEvent: {}
[96.167478] (-) TimerEvent: {}
[96.268420] (-) TimerEvent: {}
[96.282118] (sllidar_ros2) StdoutLine: {'line': b'-- Looking for pthread.h\n'}
[96.368884] (-) TimerEvent: {}
[96.496085] (-) TimerEvent: {}
[96.597117] (-) TimerEvent: {}
[96.700878] (-) TimerEvent: {}
[96.802178] (-) TimerEvent: {}
[96.903384] (-) TimerEvent: {}
[97.004593] (-) TimerEvent: {}
[97.105841] (-) TimerEvent: {}
[97.206960] (-) TimerEvent: {}
[97.308225] (-) TimerEvent: {}
[97.409302] (-) TimerEvent: {}
[97.510579] (-) TimerEvent: {}
[97.611835] (-) TimerEvent: {}
[97.712915] (-) TimerEvent: {}
[97.814148] (-) TimerEvent: {}
[97.933248] (-) TimerEvent: {}
[98.034397] (-) TimerEvent: {}
[98.135729] (-) TimerEvent: {}
[98.236926] (-) TimerEvent: {}
[98.338218] (-) TimerEvent: {}
[98.439389] (-) TimerEvent: {}
[98.540555] (-) TimerEvent: {}
[98.641832] (-) TimerEvent: {}
[98.742882] (-) TimerEvent: {}
[98.844066] (-) TimerEvent: {}
[98.945167] (-) TimerEvent: {}
[99.046387] (-) TimerEvent: {}
[99.178040] (-) TimerEvent: {}
[99.279295] (-) TimerEvent: {}
[99.430274] (-) TimerEvent: {}
[99.531485] (-) TimerEvent: {}
[99.632607] (-) TimerEvent: {}
[99.733853] (-) TimerEvent: {}
[99.835090] (-) TimerEvent: {}
[99.936220] (-) TimerEvent: {}
[100.037687] (-) TimerEvent: {}
[100.138866] (-) TimerEvent: {}
[100.240047] (-) TimerEvent: {}
[100.340836] (-) TimerEvent: {}
[100.441850] (-) TimerEvent: {}
[100.542759] (-) TimerEvent: {}
[100.640345] (sllidar_ros2) StdoutLine: {'line': b'-- Looking for pthread.h - found\n'}
[100.641970] (sllidar_ros2) StdoutLine: {'line': b'-- Performing Test CMAKE_HAVE_LIBC_PTHREAD\n'}
[100.642720] (-) TimerEvent: {}
[100.743483] (-) TimerEvent: {}
[100.844363] (-) TimerEvent: {}
[100.945552] (-) TimerEvent: {}
[101.141395] (-) TimerEvent: {}
[101.242408] (-) TimerEvent: {}
[101.343697] (-) TimerEvent: {}
[101.445002] (-) TimerEvent: {}
[101.546204] (-) TimerEvent: {}
[101.647105] (-) TimerEvent: {}
[101.757005] (sllidar_ros2) StdoutLine: {'line': b'-- Performing Test CMAKE_HAVE_LIBC_PTHREAD - Success\n'}
[101.758045] (-) TimerEvent: {}
[101.762658] (sllidar_ros2) StdoutLine: {'line': b'-- Found Threads: TRUE  \n'}
[101.858355] (-) TimerEvent: {}
[102.101743] (-) TimerEvent: {}
[102.202950] (-) TimerEvent: {}
[102.381739] (-) TimerEvent: {}
[102.482939] (-) TimerEvent: {}
[102.584182] (-) TimerEvent: {}
[102.746009] (-) TimerEvent: {}
[102.847227] (-) TimerEvent: {}
[103.198186] (-) TimerEvent: {}
[103.299351] (-) TimerEvent: {}
[103.483656] (-) TimerEvent: {}
[103.584802] (-) TimerEvent: {}
[103.685751] (-) TimerEvent: {}
[103.786962] (-) TimerEvent: {}
[103.888211] (-) TimerEvent: {}
[103.989363] (-) TimerEvent: {}
[104.225200] (-) TimerEvent: {}
[104.326303] (-) TimerEvent: {}
[104.427243] (-) TimerEvent: {}
[104.528296] (-) TimerEvent: {}
[104.629513] (-) TimerEvent: {}
[104.730679] (-) TimerEvent: {}
[104.831823] (-) TimerEvent: {}
[104.932978] (-) TimerEvent: {}
[105.114834] (-) TimerEvent: {}
[105.215988] (-) TimerEvent: {}
[105.317030] (-) TimerEvent: {}
[105.451025] (-) TimerEvent: {}
[105.552298] (-) TimerEvent: {}
[105.685610] (-) TimerEvent: {}
[105.924054] (-) TimerEvent: {}
[106.025076] (-) TimerEvent: {}
[106.126366] (-) TimerEvent: {}
[106.272774] (-) TimerEvent: {}
[106.374056] (-) TimerEvent: {}
[106.589872] (-) TimerEvent: {}
[106.691073] (-) TimerEvent: {}
[106.792033] (-) TimerEvent: {}
[106.893245] (-) TimerEvent: {}
[106.994530] (-) TimerEvent: {}
[107.095690] (-) TimerEvent: {}
[107.196886] (-) TimerEvent: {}
[107.298175] (-) TimerEvent: {}
[107.547769] (-) TimerEvent: {}
[107.648919] (-) TimerEvent: {}
[107.841515] (-) TimerEvent: {}
[107.952134] (-) TimerEvent: {}
[108.053445] (-) TimerEvent: {}
[108.226521] (-) TimerEvent: {}
[108.559756] (-) TimerEvent: {}
[108.660965] (-) TimerEvent: {}
[108.762184] (-) TimerEvent: {}
[108.863279] (-) TimerEvent: {}
[109.049855] (-) TimerEvent: {}
[109.151039] (-) TimerEvent: {}
[109.252125] (-) TimerEvent: {}
[109.370554] (-) TimerEvent: {}
[109.471738] (-) TimerEvent: {}
[109.572831] (-) TimerEvent: {}
[109.673993] (-) TimerEvent: {}
[109.774879] (-) TimerEvent: {}
[109.876044] (-) TimerEvent: {}
[110.046326] (-) TimerEvent: {}
[110.147496] (-) TimerEvent: {}
[110.501158] (-) TimerEvent: {}
[110.602358] (-) TimerEvent: {}
[110.703378] (-) TimerEvent: {}
[110.804596] (-) TimerEvent: {}
[110.905719] (-) TimerEvent: {}
[111.006926] (-) TimerEvent: {}
[111.107990] (-) TimerEvent: {}
[111.209062] (-) TimerEvent: {}
[111.310189] (-) TimerEvent: {}
[111.411378] (-) TimerEvent: {}
[111.512567] (-) TimerEvent: {}
[111.613860] (-) TimerEvent: {}
[111.715067] (-) TimerEvent: {}
[111.816351] (-) TimerEvent: {}
[112.303499] (-) TimerEvent: {}
[112.404710] (-) TimerEvent: {}
[112.666464] (-) TimerEvent: {}
[112.767723] (-) TimerEvent: {}
[112.868779] (-) TimerEvent: {}
[112.969746] (-) TimerEvent: {}
[113.070805] (-) TimerEvent: {}
[113.171730] (-) TimerEvent: {}
[113.272723] (-) TimerEvent: {}
[113.374042] (-) TimerEvent: {}
[113.475214] (-) TimerEvent: {}
[115.360556] (sllidar_ros2) StdoutLine: {'line': b'-- Found sensor_msgs: 4.9.1 (/opt/ros/humble/share/sensor_msgs/cmake)\n'}
[115.362072] (-) TimerEvent: {}
[115.463477] (-) TimerEvent: {}
[115.624729] (-) TimerEvent: {}
[115.726024] (-) TimerEvent: {}
[116.256536] (-) TimerEvent: {}
[116.357766] (-) TimerEvent: {}
[116.458816] (-) TimerEvent: {}
[116.559935] (-) TimerEvent: {}
[116.660940] (-) TimerEvent: {}
[116.762281] (-) TimerEvent: {}
[117.087142] (-) TimerEvent: {}
[117.188296] (-) TimerEvent: {}
[117.397767] (-) TimerEvent: {}
[117.525380] (-) TimerEvent: {}
[117.626585] (-) TimerEvent: {}
[117.801364] (-) TimerEvent: {}
[117.902711] (-) TimerEvent: {}
[118.314250] (-) TimerEvent: {}
[118.415301] (-) TimerEvent: {}
[118.637740] (-) TimerEvent: {}
[118.738940] (-) TimerEvent: {}
[118.840158] (-) TimerEvent: {}
[118.941429] (-) TimerEvent: {}
[119.222580] (-) TimerEvent: {}
[119.297599] (sllidar_ros2) StdoutLine: {'line': b'-- Found std_srvs: 4.9.1 (/opt/ros/humble/share/std_srvs/cmake)\n'}
[119.322840] (-) TimerEvent: {}
[119.423893] (-) TimerEvent: {}
[119.526551] (-) TimerEvent: {}
[119.629403] (-) TimerEvent: {}
[119.730546] (-) TimerEvent: {}
[119.831911] (-) TimerEvent: {}
[119.932875] (-) TimerEvent: {}
[120.012390] (sllidar_ros2) StdoutLine: {'line': b'-- Configuring done\n'}
[120.033111] (-) TimerEvent: {}
[120.134812] (-) TimerEvent: {}
[120.146802] (sllidar_ros2) StdoutLine: {'line': b'-- Generating done\n'}
[120.184004] (sllidar_ros2) StdoutLine: {'line': b'-- Build files have been written to: /home/robot/robot_ws/build/sllidar_ros2\n'}
[120.226190] (sllidar_ros2) CommandEnded: {'returncode': 0}
[120.229371] (sllidar_ros2) JobProgress: {'identifier': 'sllidar_ros2', 'progress': 'build'}
[120.238927] (sllidar_ros2) Command: {'cmd': ['/usr/bin/cmake', '--build', '/home/robot/robot_ws/build/sllidar_ros2', '--', '-j4', '-l4'], 'cwd': '/home/robot/robot_ws/build/sllidar_ros2', 'env': OrderedDict([('LESSOPEN', '| /usr/bin/lesspipe %s'), ('AI_AGENT', 'github_copilot_vscode_agent'), ('USER', 'robot'), ('SSH_CLIENT', '192.168.61.78 54900 22'), ('GIT_EDITOR', ':'), ('XDG_SESSION_TYPE', 'tty'), ('GIT_ASKPASS', '/home/robot/.vscode-server/cli/servers/Stable-e4c7e7b1d6d060162f4aa7f8225271b67ce1df75/server/extensions/git/dist/askpass.sh'), ('SHLVL', '1'), ('LD_LIBRARY_PATH', '/home/robot/robot_ws/install/vision_msgs/lib:/opt/ros/humble/opt/rviz_ogre_vendor/lib:/opt/ros/humble/lib/aarch64-linux-gnu:/opt/ros/humble/lib'), ('COPILOT_AGENT', '1'), ('BROWSER', '/home/robot/.vscode-server/cli/servers/Stable-e4c7e7b1d6d060162f4aa7f8225271b67ce1df75/server/bin/helpers/browser.sh'), ('MOTD_SHOWN', 'pam'), ('HOME', '/home/robot'), ('OLDPWD', '/home/robot/robot_ws'), ('TERM_PROGRAM_VERSION', '1.131.0'), ('VSCODE_IPC_HOOK_CLI', '/run/user/1000/vscode-ipc-c2b19606-0da0-4d80-a718-838dd44b1f0e.sock'), ('ROS_PYTHON_VERSION', '3'), ('VSCODE_GIT_ASKPASS_MAIN', '/home/robot/.vscode-server/cli/servers/Stable-e4c7e7b1d6d060162f4aa7f8225271b67ce1df75/server/extensions/git/dist/askpass-main.js'), ('VSCODE_GIT_ASKPASS_NODE', '/home/robot/.vscode-server/cli/servers/Stable-e4c7e7b1d6d060162f4aa7f8225271b67ce1df75/server/node'), ('VSCODE_PYTHON_AUTOACTIVATE_GUARD', '1'), ('DBUS_SESSION_BUS_ADDRESS', 'unix:path=/run/user/1000/bus'), ('COLORTERM', 'truecolor'), ('COLCON_PREFIX_PATH', '/home/robot/robot_ws/install'), ('ROS_DISTRO', 'humble'), ('LOGNAME', 'robot'), ('_', '/usr/bin/colcon'), ('ROS_VERSION', '2'), ('XDG_SESSION_CLASS', 'user'), ('TERM', 'xterm-256color'), ('XDG_SESSION_ID', '1'), ('ROS_LOCALHOST_ONLY', '1'), ('HISTCONTROL', 'ignorespace'), ('PATH', '/opt/ros/humble/bin:/home/robot/.vscode-server/data/User/globalStorage/github.copilot-chat/debugCommand:/home/robot/.vscode-server/data/User/globalStorage/github.copilot-chat/copilotCli:/home/robot/.vscode-server/cli/servers/Stable-e4c7e7b1d6d060162f4aa7f8225271b67ce1df75/server/bin/remote-cli:/usr/local/sbin:/usr/local/bin:/usr/sbin:/usr/bin:/sbin:/bin:/usr/games:/usr/local/games:/snap/bin'), ('XDG_RUNTIME_DIR', '/run/user/1000'), ('LANG', 'en_US.UTF-8'), ('RMW_IMPLEMENTATION', 'rmw_cyclonedds_cpp'), ('LS_COLORS', 'rs=0:di=01;34:ln=01;36:mh=00:pi=40;33:so=01;35:do=01;35:bd=40;33;01:cd=40;33;01:or=40;31;01:mi=00:su=37;41:sg=30;43:ca=30;41:tw=30;42:ow=34;42:st=37;44:ex=01;32:*.tar=01;31:*.tgz=01;31:*.arc=01;31:*.arj=01;31:*.taz=01;31:*.lha=01;31:*.lz4=01;31:*.lzh=01;31:*.lzma=01;31:*.tlz=01;31:*.txz=01;31:*.tzo=01;31:*.t7z=01;31:*.zip=01;31:*.z=01;31:*.dz=01;31:*.gz=01;31:*.lrz=01;31:*.lz=01;31:*.lzo=01;31:*.xz=01;31:*.zst=01;31:*.tzst=01;31:*.bz2=01;31:*.bz=01;31:*.tbz=01;31:*.tbz2=01;31:*.tz=01;31:*.deb=01;31:*.rpm=01;31:*.jar=01;31:*.war=01;31:*.ear=01;31:*.sar=01;31:*.rar=01;31:*.alz=01;31:*.ace=01;31:*.zoo=01;31:*.cpio=01;31:*.7z=01;31:*.rz=01;31:*.cab=01;31:*.wim=01;31:*.swm=01;31:*.dwm=01;31:*.esd=01;31:*.jpg=01;35:*.jpeg=01;35:*.mjpg=01;35:*.mjpeg=01;35:*.gif=01;35:*.bmp=01;35:*.pbm=01;35:*.pgm=01;35:*.ppm=01;35:*.tga=01;35:*.xbm=01;35:*.xpm=01;35:*.tif=01;35:*.tiff=01;35:*.png=01;35:*.svg=01;35:*.svgz=01;35:*.mng=01;35:*.pcx=01;35:*.mov=01;35:*.mpg=01;35:*.mpeg=01;35:*.m2v=01;35:*.mkv=01;35:*.webm=01;35:*.webp=01;35:*.ogm=01;35:*.mp4=01;35:*.m4v=01;35:*.mp4v=01;35:*.vob=01;35:*.qt=01;35:*.nuv=01;35:*.wmv=01;35:*.asf=01;35:*.rm=01;35:*.rmvb=01;35:*.flc=01;35:*.avi=01;35:*.fli=01;35:*.flv=01;35:*.gl=01;35:*.dl=01;35:*.xcf=01;35:*.xwd=01;35:*.yuv=01;35:*.cgm=01;35:*.emf=01;35:*.ogv=01;35:*.ogx=01;35:*.aac=00;36:*.au=00;36:*.flac=00;36:*.m4a=00;36:*.mid=00;36:*.midi=00;36:*.mka=00;36:*.mp3=00;36:*.mpc=00;36:*.ogg=00;36:*.ra=00;36:*.wav=00;36:*.oga=00;36:*.opus=00;36:*.spx=00;36:*.xspf=00;36:'), ('VSCODE_GIT_IPC_HANDLE', '/run/user/1000/vscode-git-ff69577006.sock'), ('TERM_PROGRAM', 'vscode'), ('ROS_DOMAIN_ID', '0'), ('AMENT_PREFIX_PATH', '/home/robot/robot_ws/install/web_bridge:/home/robot/robot_ws/install/vision_ai_node:/home/robot/robot_ws/install/vision_msgs:/home/robot/robot_ws/install/robot_bringup:/home/robot/robot_ws/install/sllidar_ros2:/home/robot/robot_ws/install/robot_serial:/home/robot/robot_ws/install/robot_description:/home/robot/robot_ws/install/robot_ai:/home/robot/robot_ws/install/camera_node:/opt/ros/humble'), ('DEBIAN_FRONTEND', 'noninteractive'), ('SHELL', '/bin/bash'), ('LESSCLOSE', '/usr/bin/lesspipe %s %s'), ('VSCODE_GIT_ASKPASS_EXTRA_ARGS', ''), ('GIT_PAGER', 'cat'), ('PWD', '/home/robot/robot_ws/build/sllidar_ros2'), ('GIT_MERGE_AUTOEDIT', 'no'), ('LC_ALL', 'en_US.UTF-8'), ('COPILOT_DEBUG_NONCE', '01d717960648d8f44b00b727a54c38a1'), ('SSH_CONNECTION', '192.168.61.78 54900 192.168.61.135 22'), ('PYTHONPATH', '/home/robot/robot_ws/build/web_bridge:/home/robot/robot_ws/install/web_bridge/lib/python3.10/site-packages:/home/robot/robot_ws/build/vision_ai_node:/home/robot/robot_ws/install/vision_ai_node/lib/python3.10/site-packages:/home/robot/robot_ws/install/vision_msgs/local/lib/python3.10/dist-packages:/home/robot/robot_ws/build/robot_serial:/home/robot/robot_ws/install/robot_serial/lib/python3.10/site-packages:/home/robot/robot_ws/build/robot_ai:/home/robot/robot_ws/install/robot_ai/lib/python3.10/site-packages:/home/robot/robot_ws/build/camera_node:/home/robot/robot_ws/install/camera_node/lib/python3.10/site-packages:/opt/ros/humble/lib/python3.10/site-packages:/opt/ros/humble/local/lib/python3.10/dist-packages'), ('COLCON', '1'), ('CMAKE_PREFIX_PATH', '/home/robot/robot_ws/install/vision_msgs:/home/robot/robot_ws/install/robot_bringup:/home/robot/robot_ws/install/sllidar_ros2:/home/robot/robot_ws/install/robot_description:/home/robot/robot_ws/install/web_bridge:/home/robot/robot_ws/install/vision_ai_node:/home/robot/robot_ws/install/robot_serial:/home/robot/robot_ws/install/robot_ai:/home/robot/robot_ws/install/camera_node:/opt/ros/humble')]), 'shell': False}
[120.244795] (-) TimerEvent: {}
[120.345911] (-) TimerEvent: {}
[120.447042] (-) TimerEvent: {}
[120.548033] (-) TimerEvent: {}
[120.597392] (sllidar_ros2) StdoutLine: {'line': b'[  5%] \x1b[32mBuilding CXX object CMakeFiles/sllidar_node.dir/src/sllidar_node.cpp.o\x1b[0m\n'}
[120.648791] (-) TimerEvent: {}
[120.749825] (-) TimerEvent: {}
[121.455115] (-) TimerEvent: {}
[121.596222] (-) TimerEvent: {}
[121.734798] (-) TimerEvent: {}
[121.835780] (-) TimerEvent: {}
[121.940281] (-) TimerEvent: {}
[122.041428] (-) TimerEvent: {}
[122.142416] (-) TimerEvent: {}
[122.243449] (-) TimerEvent: {}
[122.344602] (-) TimerEvent: {}
[122.582660] (-) TimerEvent: {}
[122.724160] (-) TimerEvent: {}
[122.825435] (-) TimerEvent: {}
[123.030039] (-) TimerEvent: {}
[123.131057] (-) TimerEvent: {}
[123.232238] (-) TimerEvent: {}
[123.333263] (-) TimerEvent: {}
[123.722092] (-) TimerEvent: {}
[123.823263] (-) TimerEvent: {}
[124.085829] (-) TimerEvent: {}
[124.186927] (-) TimerEvent: {}
[124.590750] (-) TimerEvent: {}
[124.691832] (-) TimerEvent: {}
[124.793001] (-) TimerEvent: {}
[125.256608] (-) TimerEvent: {}
[125.357804] (-) TimerEvent: {}
[125.458957] (-) TimerEvent: {}
[125.560205] (-) TimerEvent: {}
[125.661520] (-) TimerEvent: {}
[125.762683] (-) TimerEvent: {}
[125.863871] (-) TimerEvent: {}
[125.965078] (-) TimerEvent: {}
[126.066275] (-) TimerEvent: {}
[126.167352] (-) TimerEvent: {}
[126.268244] (-) TimerEvent: {}
[126.369487] (-) TimerEvent: {}
[126.470623] (-) TimerEvent: {}
[126.571717] (-) TimerEvent: {}
[126.672899] (-) TimerEvent: {}
[126.774106] (-) TimerEvent: {}
[126.875305] (-) TimerEvent: {}
[126.976485] (-) TimerEvent: {}
[127.077560] (-) TimerEvent: {}
[127.178691] (-) TimerEvent: {}
[127.279665] (-) TimerEvent: {}
[127.380570] (-) TimerEvent: {}
[127.481754] (-) TimerEvent: {}
[127.582869] (-) TimerEvent: {}
[127.683953] (-) TimerEvent: {}
[127.785047] (-) TimerEvent: {}
[127.886162] (-) TimerEvent: {}
[127.987295] (-) TimerEvent: {}
[128.215249] (-) TimerEvent: {}
[128.316387] (-) TimerEvent: {}
[128.417400] (-) TimerEvent: {}
[128.604803] (-) TimerEvent: {}
[128.706039] (-) TimerEvent: {}
[128.902590] (-) TimerEvent: {}
[129.051862] (-) TimerEvent: {}
[129.153103] (-) TimerEvent: {}
[129.539627] (-) TimerEvent: {}
[129.640863] (-) TimerEvent: {}
[129.880866] (-) TimerEvent: {}
[129.982080] (-) TimerEvent: {}
[130.182622] (-) TimerEvent: {}
[130.391757] (-) TimerEvent: {}
[130.492782] (-) TimerEvent: {}
[130.728677] (-) TimerEvent: {}
[130.942973] (-) TimerEvent: {}
[131.044097] (-) TimerEvent: {}
[131.145224] (-) TimerEvent: {}
[131.246193] (-) TimerEvent: {}
[131.347398] (-) TimerEvent: {}
[131.448533] (-) TimerEvent: {}
[131.549650] (-) TimerEvent: {}
[131.650897] (-) TimerEvent: {}
[131.752046] (-) TimerEvent: {}
[131.853196] (-) TimerEvent: {}
[131.954453] (-) TimerEvent: {}
[132.055639] (-) TimerEvent: {}
[132.156774] (-) TimerEvent: {}
[132.257901] (-) TimerEvent: {}
[132.359181] (-) TimerEvent: {}
[132.460271] (-) TimerEvent: {}
[132.561529] (-) TimerEvent: {}
[132.662724] (-) TimerEvent: {}
[132.763908] (-) TimerEvent: {}
[132.864966] (-) TimerEvent: {}
[132.966093] (-) TimerEvent: {}
[133.067265] (-) TimerEvent: {}
[133.168197] (-) TimerEvent: {}
[133.269205] (-) TimerEvent: {}
[133.370381] (-) TimerEvent: {}
[133.471399] (-) TimerEvent: {}
[133.572564] (-) TimerEvent: {}
[133.673768] (-) TimerEvent: {}
[133.774939] (-) TimerEvent: {}
[133.875952] (-) TimerEvent: {}
[133.977184] (-) TimerEvent: {}
[134.699447] (-) TimerEvent: {}
[134.800533] (-) TimerEvent: {}
[134.901444] (-) TimerEvent: {}
[135.002631] (-) TimerEvent: {}
[135.103735] (-) TimerEvent: {}
[135.204898] (-) TimerEvent: {}
[135.407060] (-) TimerEvent: {}
[135.508151] (-) TimerEvent: {}
[135.609052] (-) TimerEvent: {}
[135.710130] (-) TimerEvent: {}
[135.977596] (-) TimerEvent: {}
[136.078746] (-) TimerEvent: {}
[136.179709] (-) TimerEvent: {}
[136.280838] (-) TimerEvent: {}
[136.381939] (-) TimerEvent: {}
[136.960684] (-) TimerEvent: {}
[137.061839] (-) TimerEvent: {}
[137.344328] (-) TimerEvent: {}
[137.445458] (-) TimerEvent: {}
[137.714231] (-) TimerEvent: {}
[137.815329] (-) TimerEvent: {}
[137.916523] (-) TimerEvent: {}
[138.017703] (-) TimerEvent: {}
[138.118574] (-) TimerEvent: {}
[138.219680] (-) TimerEvent: {}
[138.479469] (-) TimerEvent: {}
[138.580591] (-) TimerEvent: {}
[138.681614] (-) TimerEvent: {}
[138.782788] (-) TimerEvent: {}
[138.883933] (-) TimerEvent: {}
[139.481842] (-) TimerEvent: {}
[139.582967] (-) TimerEvent: {}
[139.801672] (-) TimerEvent: {}
[139.902765] (-) TimerEvent: {}
[140.163794] (-) TimerEvent: {}
[140.264626] (-) TimerEvent: {}
[140.365561] (-) TimerEvent: {}
[140.466724] (-) TimerEvent: {}
[140.567888] (-) TimerEvent: {}
[140.669138] (-) TimerEvent: {}
[140.892472] (-) TimerEvent: {}
[140.993646] (-) TimerEvent: {}
[141.222636] (-) TimerEvent: {}
[141.323799] (-) TimerEvent: {}
[141.424953] (-) TimerEvent: {}
[141.526192] (-) TimerEvent: {}
[141.627367] (-) TimerEvent: {}
[141.728577] (-) TimerEvent: {}
[141.961674] (-) TimerEvent: {}
[142.062884] (-) TimerEvent: {}
[142.163994] (-) TimerEvent: {}
[142.264923] (-) TimerEvent: {}
[142.366170] (-) TimerEvent: {}
[142.467345] (-) TimerEvent: {}
[143.021851] (-) TimerEvent: {}
[143.208606] (-) TimerEvent: {}
[143.399751] (-) TimerEvent: {}
[143.500829] (-) TimerEvent: {}
[143.758071] (-) TimerEvent: {}
[143.859252] (-) TimerEvent: {}
[144.322539] (-) TimerEvent: {}
[144.423628] (-) TimerEvent: {}
[144.524623] (-) TimerEvent: {}
[144.625844] (-) TimerEvent: {}
[144.890992] (-) TimerEvent: {}
[144.992113] (-) TimerEvent: {}
[145.093155] (-) TimerEvent: {}
[145.194260] (-) TimerEvent: {}
[145.641755] (-) TimerEvent: {}
[145.742921] (-) TimerEvent: {}
[146.021889] (-) TimerEvent: {}
[146.211996] (-) TimerEvent: {}
[146.313274] (-) TimerEvent: {}
[146.579298] (-) TimerEvent: {}
[146.680436] (-) TimerEvent: {}
[147.130363] (-) TimerEvent: {}
[147.231554] (-) TimerEvent: {}
[147.495132] (-) TimerEvent: {}
[147.726178] (-) TimerEvent: {}
[147.827327] (-) TimerEvent: {}
[148.108113] (-) TimerEvent: {}
[148.209005] (-) TimerEvent: {}
[148.486473] (-) TimerEvent: {}
[148.587632] (-) TimerEvent: {}
[148.858926] (-) TimerEvent: {}
[149.110670] (-) TimerEvent: {}
[149.211795] (-) TimerEvent: {}
[149.472415] (-) TimerEvent: {}
[149.669826] (-) TimerEvent: {}
[149.770883] (-) TimerEvent: {}
[149.871704] (-) TimerEvent: {}
[149.972817] (-) TimerEvent: {}
[150.238926] (-) TimerEvent: {}
[150.340193] (-) TimerEvent: {}
[150.551422] (-) TimerEvent: {}
[150.652517] (-) TimerEvent: {}
[151.301946] (-) TimerEvent: {}
[151.403008] (-) TimerEvent: {}
[151.504087] (-) TimerEvent: {}
[151.605255] (-) TimerEvent: {}
[151.706381] (-) TimerEvent: {}
[151.807527] (-) TimerEvent: {}
[152.057777] (-) TimerEvent: {}
[152.299975] (-) TimerEvent: {}
[152.401091] (-) TimerEvent: {}
[152.673854] (-) TimerEvent: {}
[152.863566] (-) TimerEvent: {}
[152.964799] (-) TimerEvent: {}
[153.065770] (-) TimerEvent: {}
[153.166702] (-) TimerEvent: {}
[153.267633] (-) TimerEvent: {}
[153.858394] (-) TimerEvent: {}
[153.959574] (-) TimerEvent: {}
[154.241179] (-) TimerEvent: {}
[154.342240] (-) TimerEvent: {}
[154.601585] (-) TimerEvent: {}
[154.702785] (-) TimerEvent: {}
[155.349766] (-) TimerEvent: {}
[155.450923] (-) TimerEvent: {}
[155.552069] (-) TimerEvent: {}
[155.653211] (-) TimerEvent: {}
[155.754164] (-) TimerEvent: {}
[155.855257] (-) TimerEvent: {}
[155.956175] (-) TimerEvent: {}
[156.057369] (-) TimerEvent: {}
[156.309416] (-) TimerEvent: {}
[156.495703] (-) TimerEvent: {}
[156.596885] (-) TimerEvent: {}
[156.698163] (-) TimerEvent: {}
[156.799240] (-) TimerEvent: {}
[156.900109] (-) TimerEvent: {}
[157.498610] (-) TimerEvent: {}
[157.689617] (-) TimerEvent: {}
[157.883325] (-) TimerEvent: {}
[157.984601] (-) TimerEvent: {}
[158.270233] (-) TimerEvent: {}
[158.371425] (-) TimerEvent: {}
[158.842878] (-) TimerEvent: {}
[158.943904] (-) TimerEvent: {}
[159.224743] (-) TimerEvent: {}
[159.325754] (-) TimerEvent: {}
[159.604781] (-) TimerEvent: {}
[159.705834] (-) TimerEvent: {}
[159.981004] (-) TimerEvent: {}
[160.082251] (-) TimerEvent: {}
[160.554871] (-) TimerEvent: {}
[160.656126] (-) TimerEvent: {}
[160.772797] (-) TimerEvent: {}
[160.874058] (-) TimerEvent: {}
[160.975380] (-) TimerEvent: {}
[161.346200] (-) TimerEvent: {}
[161.447412] (-) TimerEvent: {}
[161.548450] (-) TimerEvent: {}
[161.649621] (-) TimerEvent: {}
[161.750557] (-) TimerEvent: {}
[161.851772] (-) TimerEvent: {}
[161.952982] (-) TimerEvent: {}
[162.054269] (-) TimerEvent: {}
[162.155420] (-) TimerEvent: {}
[164.273670] (-) TimerEvent: {}
[164.374532] (-) TimerEvent: {}
[164.592821] (-) TimerEvent: {}
[164.694000] (-) TimerEvent: {}
[164.794841] (-) TimerEvent: {}
[164.895869] (-) TimerEvent: {}
[164.996816] (-) TimerEvent: {}
[165.098031] (-) TimerEvent: {}
[165.199194] (-) TimerEvent: {}
[165.300397] (-) TimerEvent: {}
[165.497908] (-) TimerEvent: {}
[165.599083] (-) TimerEvent: {}
[165.800156] (-) TimerEvent: {}
[165.901430] (-) TimerEvent: {}
[166.175255] (-) TimerEvent: {}
[166.365874] (-) TimerEvent: {}
[166.467084] (-) TimerEvent: {}
[166.568319] (-) TimerEvent: {}
[166.669595] (-) TimerEvent: {}
[166.770785] (-) TimerEvent: {}
[166.871924] (-) TimerEvent: {}
[167.326667] (-) TimerEvent: {}
[167.427881] (-) TimerEvent: {}
[167.658902] (-) TimerEvent: {}
[167.760117] (-) TimerEvent: {}
[167.861286] (-) TimerEvent: {}
[168.106534] (-) TimerEvent: {}
[168.360808] (-) TimerEvent: {}
[168.462019] (-) TimerEvent: {}
[168.738377] (-) TimerEvent: {}
[169.025811] (-) TimerEvent: {}
[169.126953] (-) TimerEvent: {}
[169.550789] (-) TimerEvent: {}
[169.652043] (-) TimerEvent: {}
[169.930379] (-) TimerEvent: {}
[170.031541] (-) TimerEvent: {}
[170.311076] (-) TimerEvent: {}
[170.412235] (-) TimerEvent: {}
[170.670292] (-) TimerEvent: {}
[170.771242] (-) TimerEvent: {}
[170.872289] (-) TimerEvent: {}
[170.973486] (-) TimerEvent: {}
[171.074603] (-) TimerEvent: {}
[171.302479] (-) TimerEvent: {}
[171.403695] (-) TimerEvent: {}
[171.504901] (-) TimerEvent: {}
[171.754596] (-) TimerEvent: {}
[171.953185] (-) TimerEvent: {}
[172.054345] (-) TimerEvent: {}
[172.325743] (-) TimerEvent: {}
[172.426934] (-) TimerEvent: {}
[172.528137] (-) TimerEvent: {}
[172.629396] (-) TimerEvent: {}
[172.730500] (-) TimerEvent: {}
[172.831731] (-) TimerEvent: {}
[173.477385] (-) TimerEvent: {}
[173.664864] (-) TimerEvent: {}
[173.854932] (-) TimerEvent: {}
[173.956221] (-) TimerEvent: {}
[174.174340] (-) TimerEvent: {}
[174.361553] (-) TimerEvent: {}
[174.462657] (-) TimerEvent: {}
[174.735414] (-) TimerEvent: {}
[174.836529] (-) TimerEvent: {}
[175.109246] (-) TimerEvent: {}
[175.210463] (-) TimerEvent: {}
[175.434917] (-) TimerEvent: {}
[175.536034] (-) TimerEvent: {}
[175.637232] (-) TimerEvent: {}
[175.861159] (-) TimerEvent: {}
[175.962303] (-) TimerEvent: {}
[176.240408] (-) TimerEvent: {}
[176.341607] (-) TimerEvent: {}
[177.701956] (-) TimerEvent: {}
[177.803166] (-) TimerEvent: {}
[178.175968] (-) TimerEvent: {}
[178.277017] (-) TimerEvent: {}
[178.378419] (-) TimerEvent: {}
[179.068960] (-) TimerEvent: {}
[179.170147] (-) TimerEvent: {}
[179.271043] (-) TimerEvent: {}
[180.157919] (-) TimerEvent: {}
[180.258951] (-) TimerEvent: {}
[180.360099] (-) TimerEvent: {}
[180.460987] (-) TimerEvent: {}
[180.562197] (-) TimerEvent: {}
[180.887863] (-) TimerEvent: {}
[180.988825] (-) TimerEvent: {}
[181.253126] (-) TimerEvent: {}
[181.440938] (-) TimerEvent: {}
[181.542083] (-) TimerEvent: {}
[181.643022] (-) TimerEvent: {}
[181.744233] (-) TimerEvent: {}
[181.845475] (-) TimerEvent: {}
[181.946546] (-) TimerEvent: {}
[182.047751] (-) TimerEvent: {}
[183.532880] (-) TimerEvent: {}
[183.634009] (-) TimerEvent: {}
[183.735172] (-) TimerEvent: {}
[184.215070] (-) TimerEvent: {}
[184.316146] (-) TimerEvent: {}
[184.417312] (-) TimerEvent: {}
[184.896393] (-) TimerEvent: {}
[184.997545] (-) TimerEvent: {}
[185.098719] (-) TimerEvent: {}
[185.467789] (-) TimerEvent: {}
[185.568983] (-) TimerEvent: {}
[185.670110] (-) TimerEvent: {}
[185.771290] (-) TimerEvent: {}
[185.872417] (-) TimerEvent: {}
[186.448389] (-) TimerEvent: {}
[186.549492] (-) TimerEvent: {}
[186.650655] (-) TimerEvent: {}
[186.751871] (-) TimerEvent: {}
[186.853000] (-) TimerEvent: {}
[186.954178] (-) TimerEvent: {}
[187.055331] (-) TimerEvent: {}
[187.156468] (-) TimerEvent: {}
[187.257567] (-) TimerEvent: {}
[189.004091] (-) TimerEvent: {}
[189.105209] (-) TimerEvent: {}
[189.371693] (-) TimerEvent: {}
[189.472923] (-) TimerEvent: {}
[189.574133] (-) TimerEvent: {}
[189.675329] (-) TimerEvent: {}
[189.776608] (-) TimerEvent: {}
[189.877817] (-) TimerEvent: {}
[189.978973] (-) TimerEvent: {}
[190.080187] (-) TimerEvent: {}
[190.181376] (-) TimerEvent: {}
[192.408977] (-) TimerEvent: {}
[192.510040] (-) TimerEvent: {}
[192.957528] (-) TimerEvent: {}
[193.058630] (-) TimerEvent: {}
[193.159605] (-) TimerEvent: {}
[193.985462] (-) TimerEvent: {}
[194.086559] (-) TimerEvent: {}
[194.187569] (-) TimerEvent: {}
[194.288710] (-) TimerEvent: {}
[194.389814] (-) TimerEvent: {}
[195.681132] (-) TimerEvent: {}
[195.782284] (-) TimerEvent: {}
[195.883471] (-) TimerEvent: {}
[195.984654] (-) TimerEvent: {}
[196.085946] (-) TimerEvent: {}
[196.187132] (-) TimerEvent: {}
[196.288306] (-) TimerEvent: {}
[196.389565] (-) TimerEvent: {}
[196.490721] (-) TimerEvent: {}
[196.591921] (-) TimerEvent: {}
[196.693077] (-) TimerEvent: {}
[196.794358] (-) TimerEvent: {}
[196.895536] (-) TimerEvent: {}
[196.996724] (-) TimerEvent: {}
[197.097955] (-) TimerEvent: {}
[197.199125] (-) TimerEvent: {}
[197.300082] (-) TimerEvent: {}
[197.401262] (-) TimerEvent: {}
[197.502502] (-) TimerEvent: {}
[197.603697] (-) TimerEvent: {}
[197.704896] (-) TimerEvent: {}
[197.806147] (-) TimerEvent: {}
[197.907421] (-) TimerEvent: {}
[198.008596] (-) TimerEvent: {}
[198.109706] (-) TimerEvent: {}
[198.210613] (-) TimerEvent: {}
[198.311798] (-) TimerEvent: {}
[198.413022] (-) TimerEvent: {}
[198.514251] (-) TimerEvent: {}
[198.615423] (-) TimerEvent: {}
[198.716634] (-) TimerEvent: {}
[199.350834] (-) TimerEvent: {}
[199.504134] (-) TimerEvent: {}
[199.605367] (-) TimerEvent: {}
[199.765278] (-) TimerEvent: {}
[199.866521] (-) TimerEvent: {}
[200.048198] (-) TimerEvent: {}
[200.149409] (-) TimerEvent: {}
[200.826594] (-) TimerEvent: {}
[200.983550] (-) TimerEvent: {}
[201.141865] (-) TimerEvent: {}
[201.242833] (-) TimerEvent: {}
[201.441686] (-) TimerEvent: {}
[201.542893] (-) TimerEvent: {}
[201.644062] (-) TimerEvent: {}
[202.170841] (-) TimerEvent: {}
[202.351958] (-) TimerEvent: {}
[202.539728] (-) TimerEvent: {}
[202.640948] (-) TimerEvent: {}
[202.864728] (-) TimerEvent: {}
[202.965897] (-) TimerEvent: {}
[203.066917] (-) TimerEvent: {}
[203.676574] (-) TimerEvent: {}
[203.777837] (-) TimerEvent: {}
[204.051711] (-) TimerEvent: {}
[204.239335] (-) TimerEvent: {}
[204.340289] (-) TimerEvent: {}
[204.712107] (-) TimerEvent: {}
[204.813469] (-) TimerEvent: {}
[204.914642] (-) TimerEvent: {}
[205.534435] (-) TimerEvent: {}
[205.635595] (-) TimerEvent: {}
[205.736539] (-) TimerEvent: {}
[205.837737] (-) TimerEvent: {}
[206.096561] (-) TimerEvent: {}
[206.197827] (-) TimerEvent: {}
[206.452778] (-) TimerEvent: {}
[206.553956] (-) TimerEvent: {}
[206.654979] (-) TimerEvent: {}
[207.190004] (-) TimerEvent: {}
[207.291237] (-) TimerEvent: {}
[207.392395] (-) TimerEvent: {}
[207.493616] (-) TimerEvent: {}
[207.594759] (-) TimerEvent: {}
[207.695660] (-) TimerEvent: {}
[207.796696] (-) TimerEvent: {}
[207.897787] (-) TimerEvent: {}
[207.999002] (-) TimerEvent: {}
[208.100070] (-) TimerEvent: {}
[208.200969] (-) TimerEvent: {}
[208.302050] (-) TimerEvent: {}
[208.403122] (-) TimerEvent: {}
[208.504329] (-) TimerEvent: {}
[208.605613] (-) TimerEvent: {}
[208.706741] (-) TimerEvent: {}
[208.807730] (-) TimerEvent: {}
[208.908920] (-) TimerEvent: {}
[209.010204] (-) TimerEvent: {}
[209.111325] (-) TimerEvent: {}
[209.212501] (-) TimerEvent: {}
[209.313554] (-) TimerEvent: {}
[209.414721] (-) TimerEvent: {}
[209.515923] (-) TimerEvent: {}
[209.616937] (-) TimerEvent: {}
[209.718226] (-) TimerEvent: {}
[209.825485] (-) TimerEvent: {}
[209.926647] (-) TimerEvent: {}
[210.043650] (-) TimerEvent: {}
[210.144661] (-) TimerEvent: {}
[210.245626] (-) TimerEvent: {}
[210.362111] (-) TimerEvent: {}
[210.463233] (-) TimerEvent: {}
[210.564200] (-) TimerEvent: {}
[210.665422] (-) TimerEvent: {}
[210.766496] (-) TimerEvent: {}
[210.867590] (-) TimerEvent: {}
[210.968711] (-) TimerEvent: {}
[211.069734] (-) TimerEvent: {}
[211.170823] (-) TimerEvent: {}
[211.271686] (-) TimerEvent: {}
[211.372810] (-) TimerEvent: {}
[211.473988] (-) TimerEvent: {}
[211.575056] (-) TimerEvent: {}
[211.676190] (-) TimerEvent: {}
[211.787443] (-) TimerEvent: {}
[211.888723] (-) TimerEvent: {}
[211.990016] (-) TimerEvent: {}
[212.121264] (-) TimerEvent: {}
[212.222416] (-) TimerEvent: {}
[212.323553] (-) TimerEvent: {}
[212.424545] (-) TimerEvent: {}
[212.525737] (-) TimerEvent: {}
[212.626856] (-) TimerEvent: {}
[212.728072] (-) TimerEvent: {}
[212.829428] (-) TimerEvent: {}
[212.958853] (-) TimerEvent: {}
[213.059988] (-) TimerEvent: {}
[213.178855] (-) TimerEvent: {}
[213.280505] (-) TimerEvent: {}
[213.381731] (-) TimerEvent: {}
[213.482701] (-) TimerEvent: {}
[213.583828] (-) TimerEvent: {}
[213.684966] (-) TimerEvent: {}
[213.786205] (-) TimerEvent: {}
[213.887335] (-) TimerEvent: {}
[213.988228] (-) TimerEvent: {}
[214.089313] (-) TimerEvent: {}
[214.229851] (-) TimerEvent: {}
[214.330780] (-) TimerEvent: {}
[214.467747] (-) TimerEvent: {}
[214.568911] (-) TimerEvent: {}
[214.670174] (-) TimerEvent: {}
[214.771138] (-) TimerEvent: {}
[214.872303] (-) TimerEvent: {}
[214.973842] (-) TimerEvent: {}
[215.076311] (-) TimerEvent: {}
[215.177805] (-) TimerEvent: {}
[215.278903] (-) TimerEvent: {}
[215.380765] (-) TimerEvent: {}
[215.483472] (-) TimerEvent: {}
[215.585516] (-) TimerEvent: {}
[215.688074] (-) TimerEvent: {}
[215.790773] (-) TimerEvent: {}
[215.894797] (-) TimerEvent: {}
[215.996940] (-) TimerEvent: {}
[216.099139] (-) TimerEvent: {}
[216.200287] (-) TimerEvent: {}
[216.302620] (-) TimerEvent: {}
[216.404887] (-) TimerEvent: {}
[216.507128] (-) TimerEvent: {}
[216.609701] (-) TimerEvent: {}
[216.712430] (-) TimerEvent: {}
[216.814237] (-) TimerEvent: {}
[216.915325] (-) TimerEvent: {}
[217.016525] (-) TimerEvent: {}
[217.117700] (-) TimerEvent: {}
[217.219189] (-) TimerEvent: {}
[217.320396] (-) TimerEvent: {}
[217.421287] (-) TimerEvent: {}
[217.522193] (-) TimerEvent: {}
[217.623304] (-) TimerEvent: {}
[217.724473] (-) TimerEvent: {}
[217.825437] (-) TimerEvent: {}
[217.926560] (-) TimerEvent: {}
[218.027840] (-) TimerEvent: {}
[218.128926] (-) TimerEvent: {}
[218.230542] (-) TimerEvent: {}
[218.331520] (-) TimerEvent: {}
[218.432668] (-) TimerEvent: {}
[218.533762] (-) TimerEvent: {}
[218.634653] (-) TimerEvent: {}
[218.735579] (-) TimerEvent: {}
[218.836512] (-) TimerEvent: {}
[218.937485] (-) TimerEvent: {}
[219.038478] (-) TimerEvent: {}
[219.139544] (-) TimerEvent: {}
[219.240880] (-) TimerEvent: {}
[219.341893] (-) TimerEvent: {}
[219.442854] (-) TimerEvent: {}
[219.543855] (-) TimerEvent: {}
[219.644759] (-) TimerEvent: {}
[219.759395] (-) TimerEvent: {}
[219.860696] (-) TimerEvent: {}
[219.961650] (-) TimerEvent: {}
[220.062631] (-) TimerEvent: {}
[220.163563] (-) TimerEvent: {}
[220.264455] (-) TimerEvent: {}
[220.365398] (-) TimerEvent: {}
[222.784950] (-) TimerEvent: {}
[222.885923] (-) TimerEvent: {}
[222.986792] (-) TimerEvent: {}
[223.087745] (-) TimerEvent: {}
[223.188736] (-) TimerEvent: {}
[223.291026] (-) TimerEvent: {}
[223.397573] (-) TimerEvent: {}
[223.504805] (-) TimerEvent: {}
[223.609622] (-) TimerEvent: {}
[223.712992] (-) TimerEvent: {}
[223.818202] (-) TimerEvent: {}
[223.921035] (-) TimerEvent: {}
[224.023637] (-) TimerEvent: {}
[224.125664] (-) TimerEvent: {}
[224.227560] (-) TimerEvent: {}
[224.329577] (-) TimerEvent: {}
[224.432735] (-) TimerEvent: {}
[224.535274] (-) TimerEvent: {}
[224.638257] (-) TimerEvent: {}
[224.741142] (-) TimerEvent: {}
[224.877013] (-) TimerEvent: {}
[224.978177] (-) TimerEvent: {}
[225.079206] (-) TimerEvent: {}
[225.180174] (-) TimerEvent: {}
[225.281140] (-) TimerEvent: {}
[225.492919] (-) TimerEvent: {}
[225.593843] (-) TimerEvent: {}
[225.694732] (-) TimerEvent: {}
[225.795652] (-) TimerEvent: {}
[225.896540] (-) TimerEvent: {}
[225.997540] (-) TimerEvent: {}
[226.098541] (-) TimerEvent: {}
[226.199735] (-) TimerEvent: {}
[226.301060] (-) TimerEvent: {}
[226.403378] (-) TimerEvent: {}
[226.504565] (-) TimerEvent: {}
[226.605522] (-) TimerEvent: {}
[226.706449] (-) TimerEvent: {}
[226.807393] (-) TimerEvent: {}
[226.908510] (-) TimerEvent: {}
[227.009432] (-) TimerEvent: {}
[227.121628] (-) TimerEvent: {}
[227.222720] (-) TimerEvent: {}
[227.323599] (-) TimerEvent: {}
[227.414790] (sllidar_ros2) StderrLine: {'line': b'In file included from \x1b[01m\x1b[K/home/robot/robot_ws/src/sllidar_ros2/./sdk/include/sl_lidar_cmd.h:41\x1b[m\x1b[K,\n'}
[227.416400] (sllidar_ros2) StderrLine: {'line': b'                 from \x1b[01m\x1b[K/home/robot/robot_ws/src/sllidar_ros2/./sdk/include/sl_lidar_driver.h:54\x1b[m\x1b[K,\n'}
[227.417848] (sllidar_ros2) StderrLine: {'line': b'                 from \x1b[01m\x1b[K/home/robot/robot_ws/src/sllidar_ros2/./sdk/include/sl_lidar.h:36\x1b[m\x1b[K,\n'}
[227.419053] (sllidar_ros2) StderrLine: {'line': b'                 from \x1b[01m\x1b[K/home/robot/robot_ws/src/sllidar_ros2/src/sllidar_node.cpp:38\x1b[m\x1b[K:\n'}
[227.420830] (sllidar_ros2) StderrLine: {'line': b'\x1b[01m\x1b[K/home/robot/robot_ws/src/sllidar_ros2/./sdk/include/sl_lidar_protocol.h:66:16:\x1b[m\x1b[K \x1b[01;35m\x1b[Kwarning: \x1b[m\x1b[KISO C++ forbids zero-size array \xe2\x80\x98\x1b[01m\x1b[Kdata\x1b[m\x1b[K\xe2\x80\x99 [\x1b[01;35m\x1b[K\x1b]8;;https://gcc.gnu.org/onlinedocs/gcc/Warning-Options.html#index-Wpedantic\x07-Wpedantic\x1b]8;;\x07\x1b[m\x1b[K]\n'}
[227.422196] (sllidar_ros2) StderrLine: {'line': b'   66 |     sl_u8 data[\x1b[01;35m\x1b[K0\x1b[m\x1b[K];\n'}
[227.423273] (sllidar_ros2) StderrLine: {'line': b'      |                \x1b[01;35m\x1b[K^\x1b[m\x1b[K\n'}
[227.424254] (-) TimerEvent: {}
[227.425130] (sllidar_ros2) StderrLine: {'line': b'In file included from \x1b[01m\x1b[K/home/robot/robot_ws/src/sllidar_ros2/./sdk/include/sl_lidar_driver.h:54\x1b[m\x1b[K,\n'}
[227.426431] (sllidar_ros2) StderrLine: {'line': b'                 from \x1b[01m\x1b[K/home/robot/robot_ws/src/sllidar_ros2/./sdk/include/sl_lidar.h:36\x1b[m\x1b[K,\n'}
[227.427557] (sllidar_ros2) StderrLine: {'line': b'                 from \x1b[01m\x1b[K/home/robot/robot_ws/src/sllidar_ros2/src/sllidar_node.cpp:38\x1b[m\x1b[K:\n'}
[227.428608] (sllidar_ros2) StderrLine: {'line': b'\x1b[01m\x1b[K/home/robot/robot_ws/src/sllidar_ros2/./sdk/include/sl_lidar_cmd.h:324:20:\x1b[m\x1b[K \x1b[01;35m\x1b[Kwarning: \x1b[m\x1b[KISO C++ forbids zero-size array \xe2\x80\x98\x1b[01m\x1b[Kpayload\x1b[m\x1b[K\xe2\x80\x99 [\x1b[01;35m\x1b[K\x1b]8;;https://gcc.gnu.org/onlinedocs/gcc/Warning-Options.html#index-Wpedantic\x07-Wpedantic\x1b]8;;\x07\x1b[m\x1b[K]\n'}
[227.429762] (sllidar_ros2) StderrLine: {'line': b'  324 |     sl_u8  payload[\x1b[01;35m\x1b[K0\x1b[m\x1b[K];\n'}
[227.430696] (sllidar_ros2) StderrLine: {'line': b'      |                    \x1b[01;35m\x1b[K^\x1b[m\x1b[K\n'}
[227.524541] (-) TimerEvent: {}
[227.625498] (-) TimerEvent: {}
[227.726381] (-) TimerEvent: {}
[227.827294] (-) TimerEvent: {}
[227.928227] (-) TimerEvent: {}
[228.029140] (-) TimerEvent: {}
[228.130092] (-) TimerEvent: {}
[228.231121] (-) TimerEvent: {}
[228.332022] (-) TimerEvent: {}
[228.432918] (-) TimerEvent: {}
[228.533887] (-) TimerEvent: {}
[228.634783] (-) TimerEvent: {}
[228.735842] (-) TimerEvent: {}
[228.836775] (-) TimerEvent: {}
[228.937726] (-) TimerEvent: {}
[229.038620] (-) TimerEvent: {}
[229.139639] (-) TimerEvent: {}
[229.240792] (-) TimerEvent: {}
[229.342675] (-) TimerEvent: {}
[229.443658] (-) TimerEvent: {}
[229.544921] (-) TimerEvent: {}
[229.646302] (-) TimerEvent: {}
[229.747194] (-) TimerEvent: {}
[229.911752] (-) TimerEvent: {}
[230.012677] (-) TimerEvent: {}
[230.113627] (-) TimerEvent: {}
[230.214563] (-) TimerEvent: {}
[230.315526] (-) TimerEvent: {}
[230.416629] (-) TimerEvent: {}
[230.517851] (-) TimerEvent: {}
[230.618890] (-) TimerEvent: {}
[230.719893] (-) TimerEvent: {}
[230.821138] (-) TimerEvent: {}
[230.922186] (-) TimerEvent: {}
[231.023218] (-) TimerEvent: {}
[231.124278] (-) TimerEvent: {}
[231.225480] (-) TimerEvent: {}
[231.326561] (-) TimerEvent: {}
[231.427595] (-) TimerEvent: {}
[231.528623] (-) TimerEvent: {}
[231.630133] (-) TimerEvent: {}
[231.731292] (-) TimerEvent: {}
[231.833071] (-) TimerEvent: {}
[231.934123] (-) TimerEvent: {}
[232.035257] (-) TimerEvent: {}
[232.136820] (-) TimerEvent: {}
[232.238289] (-) TimerEvent: {}
[232.341108] (-) TimerEvent: {}
[232.442754] (-) TimerEvent: {}
[232.544223] (-) TimerEvent: {}
[232.645163] (-) TimerEvent: {}
[232.746099] (-) TimerEvent: {}
[232.847065] (-) TimerEvent: {}
[232.948103] (-) TimerEvent: {}
[233.049398] (-) TimerEvent: {}
[233.150540] (-) TimerEvent: {}
[233.253856] (-) TimerEvent: {}
[233.354976] (-) TimerEvent: {}
[233.456046] (-) TimerEvent: {}
[233.557116] (-) TimerEvent: {}
[233.658453] (-) TimerEvent: {}
[233.759409] (-) TimerEvent: {}
[233.860462] (-) TimerEvent: {}
[233.961513] (-) TimerEvent: {}
[234.062393] (-) TimerEvent: {}
[234.163248] (-) TimerEvent: {}
[234.264143] (-) TimerEvent: {}
[234.365576] (-) TimerEvent: {}
[234.466578] (-) TimerEvent: {}
[234.567756] (-) TimerEvent: {}
[234.668883] (-) TimerEvent: {}
[234.769923] (-) TimerEvent: {}
[234.870987] (-) TimerEvent: {}
[234.971942] (-) TimerEvent: {}
[235.072879] (-) TimerEvent: {}
[235.173790] (-) TimerEvent: {}
[235.275056] (-) TimerEvent: {}
[235.376426] (-) TimerEvent: {}
[235.477437] (-) TimerEvent: {}
[235.578586] (-) TimerEvent: {}
[235.679480] (-) TimerEvent: {}
[235.780454] (-) TimerEvent: {}
[235.881975] (-) TimerEvent: {}
[235.983876] (-) TimerEvent: {}
[236.085038] (-) TimerEvent: {}
[236.186259] (-) TimerEvent: {}
[236.287127] (-) TimerEvent: {}
[236.388043] (-) TimerEvent: {}
[236.488909] (-) TimerEvent: {}
[236.589787] (-) TimerEvent: {}
[236.690635] (-) TimerEvent: {}
[236.791526] (-) TimerEvent: {}
[236.892612] (-) TimerEvent: {}
[236.993725] (-) TimerEvent: {}
[237.094789] (-) TimerEvent: {}
[237.195935] (-) TimerEvent: {}
[237.296837] (-) TimerEvent: {}
[237.397822] (-) TimerEvent: {}
[237.498697] (-) TimerEvent: {}
[237.599647] (-) TimerEvent: {}
[237.700698] (-) TimerEvent: {}
[237.801905] (-) TimerEvent: {}
[237.902797] (-) TimerEvent: {}
[238.003685] (-) TimerEvent: {}
[238.104711] (-) TimerEvent: {}
[238.205744] (-) TimerEvent: {}
[238.307144] (-) TimerEvent: {}
[238.408594] (-) TimerEvent: {}
[238.509843] (-) TimerEvent: {}
[238.610991] (-) TimerEvent: {}
[238.712557] (-) TimerEvent: {}
[238.813565] (-) TimerEvent: {}
[238.914793] (-) TimerEvent: {}
[239.016931] (-) TimerEvent: {}
[239.118962] (-) TimerEvent: {}
[239.220658] (-) TimerEvent: {}
[239.323304] (-) TimerEvent: {}
[239.424239] (-) TimerEvent: {}
[239.525174] (-) TimerEvent: {}
[239.626057] (-) TimerEvent: {}
[239.826303] (-) TimerEvent: {}
[239.927247] (-) TimerEvent: {}
[240.229487] (-) TimerEvent: {}
[240.330401] (-) TimerEvent: {}
[240.431323] (-) TimerEvent: {}
[240.532649] (-) TimerEvent: {}
[240.633682] (-) TimerEvent: {}
[240.734671] (-) TimerEvent: {}
[240.835904] (-) TimerEvent: {}
[240.937044] (-) TimerEvent: {}
[241.038197] (-) TimerEvent: {}
[241.139243] (-) TimerEvent: {}
[241.240358] (-) TimerEvent: {}
[241.341588] (-) TimerEvent: {}
[241.442674] (-) TimerEvent: {}
[241.543855] (-) TimerEvent: {}
[241.644941] (-) TimerEvent: {}
[241.746129] (-) TimerEvent: {}
[241.847228] (-) TimerEvent: {}
[241.948342] (-) TimerEvent: {}
[242.049436] (-) TimerEvent: {}
[242.150528] (-) TimerEvent: {}
[242.251514] (-) TimerEvent: {}
[242.352701] (-) TimerEvent: {}
[242.453815] (-) TimerEvent: {}
[242.555006] (-) TimerEvent: {}
[242.656206] (-) TimerEvent: {}
[242.757405] (-) TimerEvent: {}
[242.858538] (-) TimerEvent: {}
[242.959641] (-) TimerEvent: {}
[243.060766] (-) TimerEvent: {}
[243.161977] (-) TimerEvent: {}
[243.262863] (-) TimerEvent: {}
[243.364019] (-) TimerEvent: {}
[243.465161] (-) TimerEvent: {}
[243.566353] (-) TimerEvent: {}
[243.667488] (-) TimerEvent: {}
[243.768670] (-) TimerEvent: {}
[243.869784] (-) TimerEvent: {}
[243.970867] (-) TimerEvent: {}
[244.072019] (-) TimerEvent: {}
[244.173160] (-) TimerEvent: {}
[244.273984] (-) TimerEvent: {}
[244.374924] (-) TimerEvent: {}
[244.476058] (-) TimerEvent: {}
[244.577151] (-) TimerEvent: {}
[244.678240] (-) TimerEvent: {}
[244.779302] (-) TimerEvent: {}
[244.880295] (-) TimerEvent: {}
[244.981525] (-) TimerEvent: {}
[250.614025] (-) TimerEvent: {}
[250.715110] (-) TimerEvent: {}
[250.816174] (-) TimerEvent: {}
[250.917007] (-) TimerEvent: {}
[251.017916] (-) TimerEvent: {}
[251.118817] (-) TimerEvent: {}
[251.219830] (-) TimerEvent: {}
[251.320934] (-) TimerEvent: {}
[251.422818] (-) TimerEvent: {}
[251.524399] (-) TimerEvent: {}
[251.625554] (-) TimerEvent: {}
[251.727925] (-) TimerEvent: {}
[251.828956] (-) TimerEvent: {}
[251.931271] (-) TimerEvent: {}
[252.037307] (-) TimerEvent: {}
[252.138553] (-) TimerEvent: {}
[252.240099] (-) TimerEvent: {}
[252.352131] (-) TimerEvent: {}
[252.455302] (-) TimerEvent: {}
[252.477608] (sllidar_ros2) StdoutLine: {'line': b'[ 10%] \x1b[32mBuilding CXX object CMakeFiles/sllidar_node.dir/sdk/src/arch/linux/net_socket.cpp.o\x1b[0m\n'}
[252.555584] (-) TimerEvent: {}
[252.657636] (-) TimerEvent: {}
[252.758970] (-) TimerEvent: {}
[252.861285] (-) TimerEvent: {}
[252.962844] (-) TimerEvent: {}
[253.064273] (-) TimerEvent: {}
[253.277496] (-) TimerEvent: {}
[253.378328] (-) TimerEvent: {}
[253.479366] (-) TimerEvent: {}
[253.580189] (-) TimerEvent: {}
[253.681162] (-) TimerEvent: {}
[253.782445] (-) TimerEvent: {}
[253.883667] (-) TimerEvent: {}
[253.984800] (-) TimerEvent: {}
[254.085747] (-) TimerEvent: {}
[254.186663] (-) TimerEvent: {}
[254.288172] (-) TimerEvent: {}
[254.493065] (-) TimerEvent: {}
[254.594032] (-) TimerEvent: {}
[254.695023] (-) TimerEvent: {}
[254.795949] (-) TimerEvent: {}
[254.896878] (-) TimerEvent: {}
[254.997809] (-) TimerEvent: {}
[255.144542] (-) TimerEvent: {}
[255.245854] (-) TimerEvent: {}
[255.346848] (-) TimerEvent: {}
[255.352144] (sllidar_ros2) StderrLine: {'line': b'In file included from \x1b[01m\x1b[K/home/robot/robot_ws/src/sllidar_ros2/./sdk/include/rplidar_protocol.h:36\x1b[m\x1b[K,\n'}
[255.353221] (sllidar_ros2) StderrLine: {'line': b'                 from \x1b[01m\x1b[K/home/robot/robot_ws/src/sllidar_ros2/./sdk/include/rplidar.h:39\x1b[m\x1b[K,\n'}
[255.354757] (sllidar_ros2) StderrLine: {'line': b'                 from \x1b[01m\x1b[K/home/robot/robot_ws/src/sllidar_ros2/./sdk/src/sdkcommon.h:49\x1b[m\x1b[K,\n'}
[255.356167] (sllidar_ros2) StderrLine: {'line': b'                 from \x1b[01m\x1b[K/home/robot/robot_ws/src/sllidar_ros2/sdk/src/arch/linux/net_socket.cpp:10\x1b[m\x1b[K:\n'}
[255.357061] (sllidar_ros2) StderrLine: {'line': b'\x1b[01m\x1b[K/home/robot/robot_ws/src/sllidar_ros2/./sdk/include/sl_lidar_protocol.h:66:16:\x1b[m\x1b[K \x1b[01;35m\x1b[Kwarning: \x1b[m\x1b[KISO C++ forbids zero-size array \xe2\x80\x98\x1b[01m\x1b[Kdata\x1b[m\x1b[K\xe2\x80\x99 [\x1b[01;35m\x1b[K\x1b]8;;https://gcc.gnu.org/onlinedocs/gcc/Warning-Options.html#index-Wpedantic\x07-Wpedantic\x1b]8;;\x07\x1b[m\x1b[K]\n'}
[255.358157] (sllidar_ros2) StderrLine: {'line': b'   66 |     sl_u8 data[\x1b[01;35m\x1b[K0\x1b[m\x1b[K];\n'}
[255.359261] (sllidar_ros2) StderrLine: {'line': b'      |                \x1b[01;35m\x1b[K^\x1b[m\x1b[K\n'}
[255.360123] (sllidar_ros2) StderrLine: {'line': b'In file included from \x1b[01m\x1b[K/home/robot/robot_ws/src/sllidar_ros2/./sdk/include/rplidar_cmd.h:36\x1b[m\x1b[K,\n'}
[255.360970] (sllidar_ros2) StderrLine: {'line': b'                 from \x1b[01m\x1b[K/home/robot/robot_ws/src/sllidar_ros2/./sdk/include/rplidar.h:40\x1b[m\x1b[K,\n'}
[255.361938] (sllidar_ros2) StderrLine: {'line': b'                 from \x1b[01m\x1b[K/home/robot/robot_ws/src/sllidar_ros2/./sdk/src/sdkcommon.h:49\x1b[m\x1b[K,\n'}
[255.362599] (sllidar_ros2) StderrLine: {'line': b'                 from \x1b[01m\x1b[K/home/robot/robot_ws/src/sllidar_ros2/sdk/src/arch/linux/net_socket.cpp:10\x1b[m\x1b[K:\n'}
[255.363129] (sllidar_ros2) StderrLine: {'line': b'\x1b[01m\x1b[K/home/robot/robot_ws/src/sllidar_ros2/./sdk/include/sl_lidar_cmd.h:324:20:\x1b[m\x1b[K \x1b[01;35m\x1b[Kwarning: \x1b[m\x1b[KISO C++ forbids zero-size array \xe2\x80\x98\x1b[01m\x1b[Kpayload\x1b[m\x1b[K\xe2\x80\x99 [\x1b[01;35m\x1b[K\x1b]8;;https://gcc.gnu.org/onlinedocs/gcc/Warning-Options.html#index-Wpedantic\x07-Wpedantic\x1b]8;;\x07\x1b[m\x1b[K]\n'}
[255.363665] (sllidar_ros2) StderrLine: {'line': b'  324 |     sl_u8  payload[\x1b[01;35m\x1b[K0\x1b[m\x1b[K];\n'}
[255.364148] (sllidar_ros2) StderrLine: {'line': b'      |                    \x1b[01;35m\x1b[K^\x1b[m\x1b[K\n'}
[255.447484] (-) TimerEvent: {}
[255.551758] (-) TimerEvent: {}
[255.638477] (sllidar_ros2) StderrLine: {'line': b'In file included from \x1b[01m\x1b[K/home/robot/robot_ws/src/sllidar_ros2/./sdk/src/arch/linux/arch_linux.h:42\x1b[m\x1b[K,\n'}
[255.639957] (sllidar_ros2) StderrLine: {'line': b'                 from \x1b[01m\x1b[K/home/robot/robot_ws/src/sllidar_ros2/./sdk/src/sdkcommon.h:41\x1b[m\x1b[K,\n'}
[255.641044] (sllidar_ros2) StderrLine: {'line': b'                 from \x1b[01m\x1b[K/home/robot/robot_ws/src/sllidar_ros2/sdk/src/arch/linux/net_socket.cpp:10\x1b[m\x1b[K:\n'}
[255.642287] (sllidar_ros2) StderrLine: {'line': b'\x1b[01m\x1b[K/home/robot/robot_ws/src/sllidar_ros2/sdk/src/arch/linux/net_socket.cpp:\x1b[m\x1b[K In member function \xe2\x80\x98\x1b[01m\x1b[Kvirtual u_result rp::arch::net::DGramSocketImpl::sendTo(const rp::net::SocketAddress*, const void*, size_t)\x1b[m\x1b[K\xe2\x80\x99:\n'}
[255.643356] (sllidar_ros2) StderrLine: {'line': b'\x1b[01m\x1b[K/home/robot/robot_ws/src/sllidar_ros2/sdk/src/arch/linux/net_socket.cpp:733:24:\x1b[m\x1b[K \x1b[01;35m\x1b[Kwarning: \x1b[m\x1b[Kcomparison of integer expressions of different signedness: \xe2\x80\x98\x1b[01m\x1b[Kint\x1b[m\x1b[K\xe2\x80\x99 and \xe2\x80\x98\x1b[01m\x1b[Ksize_t\x1b[m\x1b[K\xe2\x80\x99 {aka \xe2\x80\x98\x1b[01m\x1b[Klong unsigned int\x1b[m\x1b[K\xe2\x80\x99} [\x1b[01;35m\x1b[K\x1b]8;;https://gcc.gnu.org/onlinedocs/gcc/Warning-Options.html#index-Wsign-compare\x07-Wsign-compare\x1b]8;;\x07\x1b[m\x1b[K]\n'}
[255.644199] (sllidar_ros2) StderrLine: {'line': b'  733 |             assert(\x1b[01;35m\x1b[Kans == len\x1b[m\x1b[K);\n'}
[255.644827] (sllidar_ros2) StderrLine: {'line': b'      |                    \x1b[01;35m\x1b[K~~~~^~~~~~\x1b[m\x1b[K\n'}
[255.651882] (-) TimerEvent: {}
[255.753095] (-) TimerEvent: {}
[255.854266] (-) TimerEvent: {}
[255.955320] (-) TimerEvent: {}
[256.056825] (-) TimerEvent: {}
[256.158016] (-) TimerEvent: {}
[256.260563] (-) TimerEvent: {}
[256.362506] (-) TimerEvent: {}
[256.463628] (-) TimerEvent: {}
[256.564710] (-) TimerEvent: {}
[256.665790] (-) TimerEvent: {}
[256.766853] (-) TimerEvent: {}
[256.867857] (-) TimerEvent: {}
[256.969007] (-) TimerEvent: {}
[257.070139] (-) TimerEvent: {}
[257.171254] (-) TimerEvent: {}
[257.272134] (-) TimerEvent: {}
[257.373210] (-) TimerEvent: {}
[257.474400] (-) TimerEvent: {}
[257.575480] (-) TimerEvent: {}
[257.676621] (-) TimerEvent: {}
[257.777715] (-) TimerEvent: {}
[257.878768] (-) TimerEvent: {}
[257.979824] (-) TimerEvent: {}
[258.081082] (-) TimerEvent: {}
[258.182034] (-) TimerEvent: {}
[258.283062] (-) TimerEvent: {}
[258.384241] (-) TimerEvent: {}
[258.485463] (-) TimerEvent: {}
[258.586614] (-) TimerEvent: {}
[258.687759] (-) TimerEvent: {}
[258.788848] (-) TimerEvent: {}
[258.889991] (-) TimerEvent: {}
[258.991077] (-) TimerEvent: {}
[259.092257] (-) TimerEvent: {}
[259.193503] (-) TimerEvent: {}
[259.294701] (-) TimerEvent: {}
[259.315502] (sllidar_ros2) StdoutLine: {'line': b'[ 15%] \x1b[32mBuilding CXX object CMakeFiles/sllidar_node.dir/sdk/src/arch/linux/timer.cpp.o\x1b[0m\n'}
[259.394976] (-) TimerEvent: {}
[259.667399] (-) TimerEvent: {}
[259.785951] (-) TimerEvent: {}
[259.886768] (-) TimerEvent: {}
[259.987569] (-) TimerEvent: {}
[260.088449] (-) TimerEvent: {}
[260.189286] (-) TimerEvent: {}
[260.384858] (-) TimerEvent: {}
[260.486193] (-) TimerEvent: {}
[260.588133] (-) TimerEvent: {}
[260.688932] (-) TimerEvent: {}
[260.878294] (-) TimerEvent: {}
[260.979177] (-) TimerEvent: {}
[261.080034] (-) TimerEvent: {}
[261.180920] (-) TimerEvent: {}
[261.281811] (-) TimerEvent: {}
[261.382724] (-) TimerEvent: {}
[261.483706] (-) TimerEvent: {}
[261.584839] (-) TimerEvent: {}
[261.686248] (-) TimerEvent: {}
[261.787625] (-) TimerEvent: {}
[261.888653] (-) TimerEvent: {}
[261.989825] (-) TimerEvent: {}
[262.090829] (-) TimerEvent: {}
[262.193078] (-) TimerEvent: {}
[262.296173] (-) TimerEvent: {}
[262.345655] (sllidar_ros2) StdoutLine: {'line': b'[ 20%] \x1b[32mBuilding CXX object CMakeFiles/sllidar_node.dir/sdk/src/dataunpacker/dataunpacker.cpp.o\x1b[0m\n'}
[262.396449] (-) TimerEvent: {}
[262.497562] (-) TimerEvent: {}
[262.598790] (-) TimerEvent: {}
[262.700099] (-) TimerEvent: {}
[262.801549] (-) TimerEvent: {}
[262.902861] (-) TimerEvent: {}
[263.004120] (-) TimerEvent: {}
[263.105493] (-) TimerEvent: {}
[263.541232] (-) TimerEvent: {}
[263.642442] (-) TimerEvent: {}
[263.817594] (-) TimerEvent: {}
[263.918761] (-) TimerEvent: {}
[264.019964] (-) TimerEvent: {}
[264.121296] (-) TimerEvent: {}
[264.222675] (-) TimerEvent: {}
[264.323694] (-) TimerEvent: {}
[264.424568] (-) TimerEvent: {}
[264.525869] (-) TimerEvent: {}
[264.627048] (-) TimerEvent: {}
[264.981987] (-) TimerEvent: {}
[265.123761] (-) TimerEvent: {}
[265.224828] (-) TimerEvent: {}
[265.325840] (-) TimerEvent: {}
[265.426765] (-) TimerEvent: {}
[265.527669] (-) TimerEvent: {}
[265.628742] (-) TimerEvent: {}
[265.729937] (-) TimerEvent: {}
[265.831124] (-) TimerEvent: {}
[265.932220] (-) TimerEvent: {}
[266.033179] (-) TimerEvent: {}
[266.164706] (-) TimerEvent: {}
[266.244911] (sllidar_ros2) StderrLine: {'line': b'In file included from \x1b[01m\x1b[K/home/robot/robot_ws/src/sllidar_ros2/./sdk/include/rplidar_protocol.h:36\x1b[m\x1b[K,\n'}
[266.245755] (sllidar_ros2) StderrLine: {'line': b'                 from \x1b[01m\x1b[K/home/robot/robot_ws/src/sllidar_ros2/./sdk/include/rplidar.h:39\x1b[m\x1b[K,\n'}
[266.246312] (sllidar_ros2) StderrLine: {'line': b'                 from \x1b[01m\x1b[K/home/robot/robot_ws/src/sllidar_ros2/./sdk/src/sdkcommon.h:49\x1b[m\x1b[K,\n'}
[266.246925] (sllidar_ros2) StderrLine: {'line': b'                 from \x1b[01m\x1b[K/home/robot/robot_ws/src/sllidar_ros2/sdk/src/dataunpacker/dataunnpacker_commondef.h:41\x1b[m\x1b[K,\n'}
[266.247779] (sllidar_ros2) StderrLine: {'line': b'                 from \x1b[01m\x1b[K/home/robot/robot_ws/src/sllidar_ros2/sdk/src/dataunpacker/dataunpacker.cpp:39\x1b[m\x1b[K:\n'}
[266.248337] (sllidar_ros2) StderrLine: {'line': b'\x1b[01m\x1b[K/home/robot/robot_ws/src/sllidar_ros2/./sdk/include/sl_lidar_protocol.h:66:16:\x1b[m\x1b[K \x1b[01;35m\x1b[Kwarning: \x1b[m\x1b[KISO C++ forbids zero-size array \xe2\x80\x98\x1b[01m\x1b[Kdata\x1b[m\x1b[K\xe2\x80\x99 [\x1b[01;35m\x1b[K\x1b]8;;https://gcc.gnu.org/onlinedocs/gcc/Warning-Options.html#index-Wpedantic\x07-Wpedantic\x1b]8;;\x07\x1b[m\x1b[K]\n'}
[266.248928] (sllidar_ros2) StderrLine: {'line': b'   66 |     sl_u8 data[\x1b[01;35m\x1b[K0\x1b[m\x1b[K];\n'}
[266.249518] (sllidar_ros2) StderrLine: {'line': b'      |                \x1b[01;35m\x1b[K^\x1b[m\x1b[K\n'}
[266.250308] (sllidar_ros2) StderrLine: {'line': b'In file included from \x1b[01m\x1b[K/home/robot/robot_ws/src/sllidar_ros2/./sdk/include/rplidar_cmd.h:36\x1b[m\x1b[K,\n'}
[266.250977] (sllidar_ros2) StderrLine: {'line': b'                 from \x1b[01m\x1b[K/home/robot/robot_ws/src/sllidar_ros2/./sdk/include/rplidar.h:40\x1b[m\x1b[K,\n'}
[266.251486] (sllidar_ros2) StderrLine: {'line': b'                 from \x1b[01m\x1b[K/home/robot/robot_ws/src/sllidar_ros2/./sdk/src/sdkcommon.h:49\x1b[m\x1b[K,\n'}
[266.252008] (sllidar_ros2) StderrLine: {'line': b'                 from \x1b[01m\x1b[K/home/robot/robot_ws/src/sllidar_ros2/sdk/src/dataunpacker/dataunnpacker_commondef.h:41\x1b[m\x1b[K,\n'}
[266.252502] (sllidar_ros2) StderrLine: {'line': b'                 from \x1b[01m\x1b[K/home/robot/robot_ws/src/sllidar_ros2/sdk/src/dataunpacker/dataunpacker.cpp:39\x1b[m\x1b[K:\n'}
[266.252987] (sllidar_ros2) StderrLine: {'line': b'\x1b[01m\x1b[K/home/robot/robot_ws/src/sllidar_ros2/./sdk/include/sl_lidar_cmd.h:324:20:\x1b[m\x1b[K \x1b[01;35m\x1b[Kwarning: \x1b[m\x1b[KISO C++ forbids zero-size array \xe2\x80\x98\x1b[01m\x1b[Kpayload\x1b[m\x1b[K\xe2\x80\x99 [\x1b[01;35m\x1b[K\x1b]8;;https://gcc.gnu.org/onlinedocs/gcc/Warning-Options.html#index-Wpedantic\x07-Wpedantic\x1b]8;;\x07\x1b[m\x1b[K]\n'}
[266.253679] (sllidar_ros2) StderrLine: {'line': b'  324 |     sl_u8  payload[\x1b[01;35m\x1b[K0\x1b[m\x1b[K];\n'}
[266.254211] (sllidar_ros2) StderrLine: {'line': b'      |                    \x1b[01;35m\x1b[K^\x1b[m\x1b[K\n'}
[266.264900] (-) TimerEvent: {}
[266.365840] (-) TimerEvent: {}
[266.496047] (-) TimerEvent: {}
[266.597134] (-) TimerEvent: {}
[266.698150] (-) TimerEvent: {}
[266.799120] (-) TimerEvent: {}
[266.900277] (-) TimerEvent: {}
[267.001267] (-) TimerEvent: {}
[267.102693] (-) TimerEvent: {}
[267.176672] (sllidar_ros2) StderrLine: {'line': b'In file included from \x1b[01m\x1b[K/home/robot/robot_ws/src/sllidar_ros2/sdk/src/dataunpacker/dataunpacker.cpp:40\x1b[m\x1b[K:\n'}
[267.178826] (sllidar_ros2) StderrLine: {'line': b'\x1b[01m\x1b[K/home/robot/robot_ws/src/sllidar_ros2/sdk/src/dataunpacker/dataunpacker.h:\x1b[m\x1b[K In member function \xe2\x80\x98\x1b[01m\x1b[Kvirtual void sl::internal::LIDARSampleDataListener::onCustomSampleDataDecoded(_u8, _u32, const void*, size_t)\x1b[m\x1b[K\xe2\x80\x99:\n'}
[267.179463] (sllidar_ros2) StderrLine: {'line': b'\x1b[01m\x1b[K/home/robot/robot_ws/src/sllidar_ros2/sdk/src/dataunpacker/dataunpacker.h:54:52:\x1b[m\x1b[K \x1b[01;35m\x1b[Kwarning: \x1b[m\x1b[Kunused parameter \xe2\x80\x98\x1b[01m\x1b[KansType\x1b[m\x1b[K\xe2\x80\x99 [\x1b[01;35m\x1b[K\x1b]8;;https://gcc.gnu.org/onlinedocs/gcc/Warning-Options.html#index-Wunused-parameter\x07-Wunused-parameter\x1b]8;;\x07\x1b[m\x1b[K]\n'}
[267.180256] (sllidar_ros2) StderrLine: {'line': b'   54 |         virtual void onCustomSampleDataDecoded(\x1b[01;35m\x1b[K_u8 ansType\x1b[m\x1b[K, _u32 customCode, const void* data, size_t size) {}\n'}
[267.180966] (sllidar_ros2) StderrLine: {'line': b'      |                                                \x1b[01;35m\x1b[K~~~~^~~~~~~\x1b[m\x1b[K\n'}
[267.181570] (sllidar_ros2) StderrLine: {'line': b'\x1b[01m\x1b[K/home/robot/robot_ws/src/sllidar_ros2/sdk/src/dataunpacker/dataunpacker.h:54:66:\x1b[m\x1b[K \x1b[01;35m\x1b[Kwarning: \x1b[m\x1b[Kunused parameter \xe2\x80\x98\x1b[01m\x1b[KcustomCode\x1b[m\x1b[K\xe2\x80\x99 [\x1b[01;35m\x1b[K\x1b]8;;https://gcc.gnu.org/onlinedocs/gcc/Warning-Options.html#index-Wunused-parameter\x07-Wunused-parameter\x1b]8;;\x07\x1b[m\x1b[K]\n'}
[267.182120] (sllidar_ros2) StderrLine: {'line': b'   54 |    virtual void onCustomSampleDataDecoded(_u8 ansType, \x1b[01;35m\x1b[K_u32 customCode\x1b[m\x1b[K, const void* data, size_t size) {}\n'}
[267.182623] (sllidar_ros2) StderrLine: {'line': b'      |                                                        \x1b[01;35m\x1b[K~~~~~^~~~~~~~~~\x1b[m\x1b[K\n'}
[267.183136] (sllidar_ros2) StderrLine: {'line': b'\n'}
[267.183667] (sllidar_ros2) StderrLine: {'line': b'\x1b[01m\x1b[K/home/robot/robot_ws/src/sllidar_ros2/sdk/src/dataunpacker/dataunpacker.h:54:90:\x1b[m\x1b[K \x1b[01;35m\x1b[Kwarning: \x1b[m\x1b[Kunused parameter \xe2\x80\x98\x1b[01m\x1b[Kdata\x1b[m\x1b[K\xe2\x80\x99 [\x1b[01;35m\x1b[K\x1b]8;;https://gcc.gnu.org/onlinedocs/gcc/Warning-Options.html#index-Wunused-parameter\x07-Wunused-parameter\x1b]8;;\x07\x1b[m\x1b[K]\n'}
[267.184300] (sllidar_ros2) StderrLine: {'line': b'   54 | SampleDataDecoded(_u8 ansType, _u32 customCode, \x1b[01;35m\x1b[Kconst void* data\x1b[m\x1b[K, size_t size) {}\n'}
[267.184851] (sllidar_ros2) StderrLine: {'line': b'      |                                                 \x1b[01;35m\x1b[K~~~~~~~~~~~~^~~~\x1b[m\x1b[K\n'}
[267.185380] (sllidar_ros2) StderrLine: {'line': b'\n'}
[267.185939] (sllidar_ros2) StderrLine: {'line': b'\x1b[01m\x1b[K/home/robot/robot_ws/src/sllidar_ros2/sdk/src/dataunpacker/dataunpacker.h:54:103:\x1b[m\x1b[K \x1b[01;35m\x1b[Kwarning: \x1b[m\x1b[Kunused parameter \xe2\x80\x98\x1b[01m\x1b[Ksize\x1b[m\x1b[K\xe2\x80\x99 [\x1b[01;35m\x1b[K\x1b]8;;https://gcc.gnu.org/onlinedocs/gcc/Warning-Options.html#index-Wunused-parameter\x07-Wunused-parameter\x1b]8;;\x07\x1b[m\x1b[K]\n'}
[267.186510] (sllidar_ros2) StderrLine: {'line': b'   54 | Decoded(_u8 ansType, _u32 customCode, const void* data, \x1b[01;35m\x1b[Ksize_t size\x1b[m\x1b[K) {}\n'}
[267.187004] (sllidar_ros2) StderrLine: {'line': b'      |                                                         \x1b[01;35m\x1b[K~~~~~~~^~~~\x1b[m\x1b[K\n'}
[267.187485] (sllidar_ros2) StderrLine: {'line': b'\n'}
[267.187916] (sllidar_ros2) StderrLine: {'line': b'\x1b[01m\x1b[K/home/robot/robot_ws/src/sllidar_ros2/sdk/src/dataunpacker/dataunpacker.h:\x1b[m\x1b[K In member function \xe2\x80\x98\x1b[01m\x1b[Kvirtual void sl::internal::LIDARSampleDataListener::onDecodingError(int, _u8, const void*, size_t)\x1b[m\x1b[K\xe2\x80\x99:\n'}
[267.188427] (sllidar_ros2) StderrLine: {'line': b'\x1b[01m\x1b[K/home/robot/robot_ws/src/sllidar_ros2/sdk/src/dataunpacker/dataunpacker.h:56:42:\x1b[m\x1b[K \x1b[01;35m\x1b[Kwarning: \x1b[m\x1b[Kunused parameter \xe2\x80\x98\x1b[01m\x1b[KerrMsg\x1b[m\x1b[K\xe2\x80\x99 [\x1b[01;35m\x1b[K\x1b]8;;https://gcc.gnu.org/onlinedocs/gcc/Warning-Options.html#index-Wunused-parameter\x07-Wunused-parameter\x1b]8;;\x07\x1b[m\x1b[K]\n'}
[267.188925] (sllidar_ros2) StderrLine: {'line': b'   56 |         virtual void onDecodingError(\x1b[01;35m\x1b[Kint errMsg\x1b[m\x1b[K, _u8 ansType, const void* payload, size_t size) {}\n'}
[267.189601] (sllidar_ros2) StderrLine: {'line': b'      |                                      \x1b[01;35m\x1b[K~~~~^~~~~~\x1b[m\x1b[K\n'}
[267.190446] (sllidar_ros2) StderrLine: {'line': b'\x1b[01m\x1b[K/home/robot/robot_ws/src/sllidar_ros2/sdk/src/dataunpacker/dataunpacker.h:56:54:\x1b[m\x1b[K \x1b[01;35m\x1b[Kwarning: \x1b[m\x1b[Kunused parameter \xe2\x80\x98\x1b[01m\x1b[KansType\x1b[m\x1b[K\xe2\x80\x99 [\x1b[01;35m\x1b[K\x1b]8;;https://gcc.gnu.org/onlinedocs/gcc/Warning-Options.html#index-Wunused-parameter\x07-Wunused-parameter\x1b]8;;\x07\x1b[m\x1b[K]\n'}
[267.191294] (sllidar_ros2) StderrLine: {'line': b'   56 |         virtual void onDecodingError(int errMsg, \x1b[01;35m\x1b[K_u8 ansType\x1b[m\x1b[K, const void* payload, size_t size) {}\n'}
[267.192046] (sllidar_ros2) StderrLine: {'line': b'      |                                                  \x1b[01;35m\x1b[K~~~~^~~~~~~\x1b[m\x1b[K\n'}
[267.192825] (sllidar_ros2) StderrLine: {'line': b'\x1b[01m\x1b[K/home/robot/robot_ws/src/sllidar_ros2/sdk/src/dataunpacker/dataunpacker.h:56:75:\x1b[m\x1b[K \x1b[01;35m\x1b[Kwarning: \x1b[m\x1b[Kunused parameter \xe2\x80\x98\x1b[01m\x1b[Kpayload\x1b[m\x1b[K\xe2\x80\x99 [\x1b[01;35m\x1b[K\x1b]8;;https://gcc.gnu.org/onlinedocs/gcc/Warning-Options.html#index-Wunused-parameter\x07-Wunused-parameter\x1b]8;;\x07\x1b[m\x1b[K]\n'}
[267.193878] (sllidar_ros2) StderrLine: {'line': b'   56 | l void onDecodingError(int errMsg, _u8 ansType, \x1b[01;35m\x1b[Kconst void* payload\x1b[m\x1b[K, size_t size) {}\n'}
[267.194792] (sllidar_ros2) StderrLine: {'line': b'      |                                                 \x1b[01;35m\x1b[K~~~~~~~~~~~~^~~~~~~\x1b[m\x1b[K\n'}
[267.195692] (sllidar_ros2) StderrLine: {'line': b'\n'}
[267.196496] (sllidar_ros2) StderrLine: {'line': b'\x1b[01m\x1b[K/home/robot/robot_ws/src/sllidar_ros2/sdk/src/dataunpacker/dataunpacker.h:56:91:\x1b[m\x1b[K \x1b[01;35m\x1b[Kwarning: \x1b[m\x1b[Kunused parameter \xe2\x80\x98\x1b[01m\x1b[Ksize\x1b[m\x1b[K\xe2\x80\x99 [\x1b[01;35m\x1b[K\x1b]8;;https://gcc.gnu.org/onlinedocs/gcc/Warning-Options.html#index-Wunused-parameter\x07-Wunused-parameter\x1b]8;;\x07\x1b[m\x1b[K]\n'}
[267.197277] (sllidar_ros2) StderrLine: {'line': b'   56 | dingError(int errMsg, _u8 ansType, const void* payload, \x1b[01;35m\x1b[Ksize_t size\x1b[m\x1b[K) {}\n'}
[267.198177] (sllidar_ros2) StderrLine: {'line': b'      |                                                         \x1b[01;35m\x1b[K~~~~~~~^~~~\x1b[m\x1b[K\n'}
[267.198953] (sllidar_ros2) StderrLine: {'line': b'\n'}
[267.202924] (-) TimerEvent: {}
[267.303908] (-) TimerEvent: {}
[267.405139] (-) TimerEvent: {}
[267.523940] (-) TimerEvent: {}
[267.624905] (-) TimerEvent: {}
[267.726043] (-) TimerEvent: {}
[267.827040] (-) TimerEvent: {}
[267.928126] (-) TimerEvent: {}
[268.029200] (-) TimerEvent: {}
[268.130388] (-) TimerEvent: {}
[268.231744] (-) TimerEvent: {}
[268.332623] (-) TimerEvent: {}
[268.433607] (-) TimerEvent: {}
[268.534788] (-) TimerEvent: {}
[268.635983] (-) TimerEvent: {}
[268.737111] (-) TimerEvent: {}
[268.797865] (sllidar_ros2) StdoutLine: {'line': b'[ 25%] \x1b[32mBuilding CXX object CMakeFiles/sllidar_node.dir/sdk/src/dataunpacker/unpacker/handler_capsules.cpp.o\x1b[0m\n'}
[268.837479] (-) TimerEvent: {}
[268.938451] (-) TimerEvent: {}
[269.039220] (-) TimerEvent: {}
[269.140064] (-) TimerEvent: {}
[269.240971] (-) TimerEvent: {}
[269.341930] (-) TimerEvent: {}
[269.624153] (-) TimerEvent: {}
[269.724932] (-) TimerEvent: {}
[269.825786] (-) TimerEvent: {}
[269.926553] (-) TimerEvent: {}
[270.027349] (-) TimerEvent: {}
[270.128233] (-) TimerEvent: {}
[270.290275] (-) TimerEvent: {}
[270.391174] (-) TimerEvent: {}
[270.492120] (-) TimerEvent: {}
[270.593123] (-) TimerEvent: {}
[270.694344] (-) TimerEvent: {}
[270.795372] (-) TimerEvent: {}
[270.899495] (-) TimerEvent: {}
[271.001767] (-) TimerEvent: {}
[271.103127] (-) TimerEvent: {}
[271.204403] (-) TimerEvent: {}
[271.305522] (-) TimerEvent: {}
[271.362959] (sllidar_ros2) StderrLine: {'line': b'In file included from \x1b[01m\x1b[K/home/robot/robot_ws/src/sllidar_ros2/./sdk/include/rplidar_protocol.h:36\x1b[m\x1b[K,\n'}
[271.363894] (sllidar_ros2) StderrLine: {'line': b'                 from \x1b[01m\x1b[K/home/robot/robot_ws/src/sllidar_ros2/./sdk/include/rplidar.h:39\x1b[m\x1b[K,\n'}
[271.364639] (sllidar_ros2) StderrLine: {'line': b'                 from \x1b[01m\x1b[K/home/robot/robot_ws/src/sllidar_ros2/./sdk/src/sdkcommon.h:49\x1b[m\x1b[K,\n'}
[271.366013] (sllidar_ros2) StderrLine: {'line': b'                 from \x1b[01m\x1b[K/home/robot/robot_ws/src/sllidar_ros2/sdk/src/dataunpacker/unpacker/../dataunnpacker_commondef.h:41\x1b[m\x1b[K,\n'}
[271.367289] (sllidar_ros2) StderrLine: {'line': b'                 from \x1b[01m\x1b[K/home/robot/robot_ws/src/sllidar_ros2/sdk/src/dataunpacker/unpacker/handler_capsules.cpp:39\x1b[m\x1b[K:\n'}
[271.368531] (sllidar_ros2) StderrLine: {'line': b'\x1b[01m\x1b[K/home/robot/robot_ws/src/sllidar_ros2/./sdk/include/sl_lidar_protocol.h:66:16:\x1b[m\x1b[K \x1b[01;35m\x1b[Kwarning: \x1b[m\x1b[KISO C++ forbids zero-size array \xe2\x80\x98\x1b[01m\x1b[Kdata\x1b[m\x1b[K\xe2\x80\x99 [\x1b[01;35m\x1b[K\x1b]8;;https://gcc.gnu.org/onlinedocs/gcc/Warning-Options.html#index-Wpedantic\x07-Wpedantic\x1b]8;;\x07\x1b[m\x1b[K]\n'}
[271.369974] (sllidar_ros2) StderrLine: {'line': b'   66 |     sl_u8 data[\x1b[01;35m\x1b[K0\x1b[m\x1b[K];\n'}
[271.370971] (sllidar_ros2) StderrLine: {'line': b'      |                \x1b[01;35m\x1b[K^\x1b[m\x1b[K\n'}
[271.372017] (sllidar_ros2) StderrLine: {'line': b'In file included from \x1b[01m\x1b[K/home/robot/robot_ws/src/sllidar_ros2/./sdk/include/rplidar_cmd.h:36\x1b[m\x1b[K,\n'}
[271.373127] (sllidar_ros2) StderrLine: {'line': b'                 from \x1b[01m\x1b[K/home/robot/robot_ws/src/sllidar_ros2/./sdk/include/rplidar.h:40\x1b[m\x1b[K,\n'}
[271.373837] (sllidar_ros2) StderrLine: {'line': b'                 from \x1b[01m\x1b[K/home/robot/robot_ws/src/sllidar_ros2/./sdk/src/sdkcommon.h:49\x1b[m\x1b[K,\n'}
[271.374397] (sllidar_ros2) StderrLine: {'line': b'                 from \x1b[01m\x1b[K/home/robot/robot_ws/src/sllidar_ros2/sdk/src/dataunpacker/unpacker/../dataunnpacker_commondef.h:41\x1b[m\x1b[K,\n'}
[271.374922] (sllidar_ros2) StderrLine: {'line': b'                 from \x1b[01m\x1b[K/home/robot/robot_ws/src/sllidar_ros2/sdk/src/dataunpacker/unpacker/handler_capsules.cpp:39\x1b[m\x1b[K:\n'}
[271.375938] (sllidar_ros2) StderrLine: {'line': b'\x1b[01m\x1b[K/home/robot/robot_ws/src/sllidar_ros2/./sdk/include/sl_lidar_cmd.h:324:20:\x1b[m\x1b[K \x1b[01;35m\x1b[Kwarning: \x1b[m\x1b[KISO C++ forbids zero-size array \xe2\x80\x98\x1b[01m\x1b[Kpayload\x1b[m\x1b[K\xe2\x80\x99 [\x1b[01;35m\x1b[K\x1b]8;;https://gcc.gnu.org/onlinedocs/gcc/Warning-Options.html#index-Wpedantic\x07-Wpedantic\x1b]8;;\x07\x1b[m\x1b[K]\n'}
[271.377437] (sllidar_ros2) StderrLine: {'line': b'  324 |     sl_u8  payload[\x1b[01;35m\x1b[K0\x1b[m\x1b[K];\n'}
[271.378601] (sllidar_ros2) StderrLine: {'line': b'      |                    \x1b[01;35m\x1b[K^\x1b[m\x1b[K\n'}
[271.405718] (-) TimerEvent: {}
[271.506707] (-) TimerEvent: {}
[271.607707] (-) TimerEvent: {}
[271.708885] (-) TimerEvent: {}
[271.809969] (-) TimerEvent: {}
[271.911115] (-) TimerEvent: {}
[272.012031] (-) TimerEvent: {}
[272.112988] (-) TimerEvent: {}
[272.214036] (-) TimerEvent: {}
[272.306953] (sllidar_ros2) StderrLine: {'line': b'In file included from \x1b[01m\x1b[K/home/robot/robot_ws/src/sllidar_ros2/sdk/src/dataunpacker/unpacker/handler_capsules.cpp:40\x1b[m\x1b[K:\n'}
[272.308231] (sllidar_ros2) StderrLine: {'line': b'\x1b[01m\x1b[K/home/robot/robot_ws/src/sllidar_ros2/sdk/src/dataunpacker/unpacker/../dataunpacker.h:\x1b[m\x1b[K In member function \xe2\x80\x98\x1b[01m\x1b[Kvirtual void sl::internal::LIDARSampleDataListener::onCustomSampleDataDecoded(_u8, _u32, const void*, size_t)\x1b[m\x1b[K\xe2\x80\x99:\n'}
[272.309186] (sllidar_ros2) StderrLine: {'line': b'\x1b[01m\x1b[K/home/robot/robot_ws/src/sllidar_ros2/sdk/src/dataunpacker/unpacker/../dataunpacker.h:54:52:\x1b[m\x1b[K \x1b[01;35m\x1b[Kwarning: \x1b[m\x1b[Kunused parameter \xe2\x80\x98\x1b[01m\x1b[KansType\x1b[m\x1b[K\xe2\x80\x99 [\x1b[01;35m\x1b[K\x1b]8;;https://gcc.gnu.org/onlinedocs/gcc/Warning-Options.html#index-Wunused-parameter\x07-Wunused-parameter\x1b]8;;\x07\x1b[m\x1b[K]\n'}
[272.310048] (sllidar_ros2) StderrLine: {'line': b'   54 |         virtual void onCustomSampleDataDecoded(\x1b[01;35m\x1b[K_u8 ansType\x1b[m\x1b[K, _u32 customCode, const void* data, size_t size) {}\n'}
[272.310694] (sllidar_ros2) StderrLine: {'line': b'      |                                                \x1b[01;35m\x1b[K~~~~^~~~~~~\x1b[m\x1b[K\n'}
[272.311385] (sllidar_ros2) StderrLine: {'line': b'\x1b[01m\x1b[K/home/robot/robot_ws/src/sllidar_ros2/sdk/src/dataunpacker/unpacker/../dataunpacker.h:54:66:\x1b[m\x1b[K \x1b[01;35m\x1b[Kwarning: \x1b[m\x1b[Kunused parameter \xe2\x80\x98\x1b[01m\x1b[KcustomCode\x1b[m\x1b[K\xe2\x80\x99 [\x1b[01;35m\x1b[K\x1b]8;;https://gcc.gnu.org/onlinedocs/gcc/Warning-Options.html#index-Wunused-parameter\x07-Wunused-parameter\x1b]8;;\x07\x1b[m\x1b[K]\n'}
[272.312048] (sllidar_ros2) StderrLine: {'line': b'   54 |    virtual void onCustomSampleDataDecoded(_u8 ansType, \x1b[01;35m\x1b[K_u32 customCode\x1b[m\x1b[K, const void* data, size_t size) {}\n'}
[272.313510] (sllidar_ros2) StderrLine: {'line': b'      |                                                        \x1b[01;35m\x1b[K~~~~~^~~~~~~~~~\x1b[m\x1b[K\n'}
[272.314280] (-) TimerEvent: {}
[272.314835] (sllidar_ros2) StderrLine: {'line': b'\n'}
[272.315638] (sllidar_ros2) StderrLine: {'line': b'\x1b[01m\x1b[K/home/robot/robot_ws/src/sllidar_ros2/sdk/src/dataunpacker/unpacker/../dataunpacker.h:54:90:\x1b[m\x1b[K \x1b[01;35m\x1b[Kwarning: \x1b[m\x1b[Kunused parameter \xe2\x80\x98\x1b[01m\x1b[Kdata\x1b[m\x1b[K\xe2\x80\x99 [\x1b[01;35m\x1b[K\x1b]8;;https://gcc.gnu.org/onlinedocs/gcc/Warning-Options.html#index-Wunused-parameter\x07-Wunused-parameter\x1b]8;;\x07\x1b[m\x1b[K]\n'}
[272.316435] (sllidar_ros2) StderrLine: {'line': b'   54 | SampleDataDecoded(_u8 ansType, _u32 customCode, \x1b[01;35m\x1b[Kconst void* data\x1b[m\x1b[K, size_t size) {}\n'}
[272.317103] (sllidar_ros2) StderrLine: {'line': b'      |                                                 \x1b[01;35m\x1b[K~~~~~~~~~~~~^~~~\x1b[m\x1b[K\n'}
[272.317771] (sllidar_ros2) StderrLine: {'line': b'\n'}
[272.318276] (sllidar_ros2) StderrLine: {'line': b'\x1b[01m\x1b[K/home/robot/robot_ws/src/sllidar_ros2/sdk/src/dataunpacker/unpacker/../dataunpacker.h:54:103:\x1b[m\x1b[K \x1b[01;35m\x1b[Kwarning: \x1b[m\x1b[Kunused parameter \xe2\x80\x98\x1b[01m\x1b[Ksize\x1b[m\x1b[K\xe2\x80\x99 [\x1b[01;35m\x1b[K\x1b]8;;https://gcc.gnu.org/onlinedocs/gcc/Warning-Options.html#index-Wunused-parameter\x07-Wunused-parameter\x1b]8;;\x07\x1b[m\x1b[K]\n'}
[272.319110] (sllidar_ros2) StderrLine: {'line': b'   54 | Decoded(_u8 ansType, _u32 customCode, const void* data, \x1b[01;35m\x1b[Ksize_t size\x1b[m\x1b[K) {}\n'}
[272.320772] (sllidar_ros2) StderrLine: {'line': b'      |                                                         \x1b[01;35m\x1b[K~~~~~~~^~~~\x1b[m\x1b[K\n'}
[272.321840] (sllidar_ros2) StderrLine: {'line': b'\n'}
[272.322729] (sllidar_ros2) StderrLine: {'line': b'\x1b[01m\x1b[K/home/robot/robot_ws/src/sllidar_ros2/sdk/src/dataunpacker/unpacker/../dataunpacker.h:\x1b[m\x1b[K In member function \xe2\x80\x98\x1b[01m\x1b[Kvirtual void sl::internal::LIDARSampleDataListener::onDecodingError(int, _u8, const void*, size_t)\x1b[m\x1b[K\xe2\x80\x99:\n'}
[272.323727] (sllidar_ros2) StderrLine: {'line': b'\x1b[01m\x1b[K/home/robot/robot_ws/src/sllidar_ros2/sdk/src/dataunpacker/unpacker/../dataunpacker.h:56:42:\x1b[m\x1b[K \x1b[01;35m\x1b[Kwarning: \x1b[m\x1b[Kunused parameter \xe2\x80\x98\x1b[01m\x1b[KerrMsg\x1b[m\x1b[K\xe2\x80\x99 [\x1b[01;35m\x1b[K\x1b]8;;https://gcc.gnu.org/onlinedocs/gcc/Warning-Options.html#index-Wunused-parameter\x07-Wunused-parameter\x1b]8;;\x07\x1b[m\x1b[K]\n'}
[272.324394] (sllidar_ros2) StderrLine: {'line': b'   56 |         virtual void onDecodingError(\x1b[01;35m\x1b[Kint errMsg\x1b[m\x1b[K, _u8 ansType, const void* payload, size_t size) {}\n'}
[272.324940] (sllidar_ros2) StderrLine: {'line': b'      |                                      \x1b[01;35m\x1b[K~~~~^~~~~~\x1b[m\x1b[K\n'}
[272.325573] (sllidar_ros2) StderrLine: {'line': b'\x1b[01m\x1b[K/home/robot/robot_ws/src/sllidar_ros2/sdk/src/dataunpacker/unpacker/../dataunpacker.h:56:54:\x1b[m\x1b[K \x1b[01;35m\x1b[Kwarning: \x1b[m\x1b[Kunused parameter \xe2\x80\x98\x1b[01m\x1b[KansType\x1b[m\x1b[K\xe2\x80\x99 [\x1b[01;35m\x1b[K\x1b]8;;https://gcc.gnu.org/onlinedocs/gcc/Warning-Options.html#index-Wunused-parameter\x07-Wunused-parameter\x1b]8;;\x07\x1b[m\x1b[K]\n'}
[272.326215] (sllidar_ros2) StderrLine: {'line': b'   56 |         virtual void onDecodingError(int errMsg, \x1b[01;35m\x1b[K_u8 ansType\x1b[m\x1b[K, const void* payload, size_t size) {}\n'}
[272.326784] (sllidar_ros2) StderrLine: {'line': b'      |                                                  \x1b[01;35m\x1b[K~~~~^~~~~~~\x1b[m\x1b[K\n'}
[272.327318] (sllidar_ros2) StderrLine: {'line': b'\x1b[01m\x1b[K/home/robot/robot_ws/src/sllidar_ros2/sdk/src/dataunpacker/unpacker/../dataunpacker.h:56:75:\x1b[m\x1b[K \x1b[01;35m\x1b[Kwarning: \x1b[m\x1b[Kunused parameter \xe2\x80\x98\x1b[01m\x1b[Kpayload\x1b[m\x1b[K\xe2\x80\x99 [\x1b[01;35m\x1b[K\x1b]8;;https://gcc.gnu.org/onlinedocs/gcc/Warning-Options.html#index-Wunused-parameter\x07-Wunused-parameter\x1b]8;;\x07\x1b[m\x1b[K]\n'}
[272.327931] (sllidar_ros2) StderrLine: {'line': b'   56 | l void onDecodingError(int errMsg, _u8 ansType, \x1b[01;35m\x1b[Kconst void* payload\x1b[m\x1b[K, size_t size) {}\n'}
[272.328439] (sllidar_ros2) StderrLine: {'line': b'      |                                                 \x1b[01;35m\x1b[K~~~~~~~~~~~~^~~~~~~\x1b[m\x1b[K\n'}
[272.328959] (sllidar_ros2) StderrLine: {'line': b'\n'}
[272.329653] (sllidar_ros2) StderrLine: {'line': b'\x1b[01m\x1b[K/home/robot/robot_ws/src/sllidar_ros2/sdk/src/dataunpacker/unpacker/../dataunpacker.h:56:91:\x1b[m\x1b[K \x1b[01;35m\x1b[Kwarning: \x1b[m\x1b[Kunused parameter \xe2\x80\x98\x1b[01m\x1b[Ksize\x1b[m\x1b[K\xe2\x80\x99 [\x1b[01;35m\x1b[K\x1b]8;;https://gcc.gnu.org/onlinedocs/gcc/Warning-Options.html#index-Wunused-parameter\x07-Wunused-parameter\x1b]8;;\x07\x1b[m\x1b[K]\n'}
[272.330217] (sllidar_ros2) StderrLine: {'line': b'   56 | dingError(int errMsg, _u8 ansType, const void* payload, \x1b[01;35m\x1b[Ksize_t size\x1b[m\x1b[K) {}\n'}
[272.330749] (sllidar_ros2) StderrLine: {'line': b'      |                                                         \x1b[01;35m\x1b[K~~~~~~~^~~~\x1b[m\x1b[K\n'}
[272.331326] (sllidar_ros2) StderrLine: {'line': b'\n'}
[272.357858] (sllidar_ros2) StderrLine: {'line': b'\x1b[01m\x1b[K/home/robot/robot_ws/src/sllidar_ros2/sdk/src/dataunpacker/unpacker/handler_capsules.cpp:\x1b[m\x1b[K In member function \xe2\x80\x98\x1b[01m\x1b[Kvoid sl::internal::unpacker::UnpackerHandler_DenseCapsuleNode::_onScanNodeDenseCapsuleData(rplidar_response_dense_capsule_measurement_nodes_t&, sl::internal::LIDARSampleDataUnpackerInner*)\x1b[m\x1b[K\xe2\x80\x99:\n'}
[272.358651] (sllidar_ros2) StderrLine: {'line': b'\x1b[01m\x1b[K/home/robot/robot_ws/src/sllidar_ros2/sdk/src/dataunpacker/unpacker/handler_capsules.cpp:763:30:\x1b[m\x1b[K \x1b[01;35m\x1b[Kwarning: \x1b[m\x1b[Ktype qualifiers ignored on cast result type [\x1b[01;35m\x1b[K\x1b]8;;https://gcc.gnu.org/onlinedocs/gcc/Warning-Options.html#index-Wignored-qualifiers\x07-Wignored-qualifiers\x1b]8;;\x07\x1b[m\x1b[K]\n'}
[272.359200] (sllidar_ros2) StderrLine: {'line': b'  763 |             const int dist = \x1b[01;35m\x1b[Kstatic_cast<const int>(_cached_previous_dense_capsuledata.cabins[pos].distance)\x1b[m\x1b[K;\n'}
[272.359749] (sllidar_ros2) StderrLine: {'line': b'      |                              \x1b[01;35m\x1b[K^~~~~~~~~~~~~~~~~~~~~~~~~~~~~~~~~~~~~~~~~~~~~~~~~~~~~~~~~~~~~~~~~~~~~~~~~~~~~~~\x1b[m\x1b[K\n'}
[272.414509] (-) TimerEvent: {}
[272.515423] (-) TimerEvent: {}
[272.616290] (-) TimerEvent: {}
[272.717270] (-) TimerEvent: {}
[272.818589] (-) TimerEvent: {}
[272.921497] (-) TimerEvent: {}
[273.024870] (-) TimerEvent: {}
[273.127234] (-) TimerEvent: {}
[273.229171] (-) TimerEvent: {}
[273.262930] (sllidar_ros2) StdoutLine: {'line': b'[ 30%] \x1b[32mBuilding CXX object CMakeFiles/sllidar_node.dir/sdk/src/dataunpacker/unpacker/handler_hqnode.cpp.o\x1b[0m\n'}
[273.329509] (-) TimerEvent: {}
[273.430420] (-) TimerEvent: {}
[273.531681] (-) TimerEvent: {}
[273.916361] (-) TimerEvent: {}
[274.017144] (-) TimerEvent: {}
[274.172602] (-) TimerEvent: {}
[274.273464] (-) TimerEvent: {}
[274.374276] (-) TimerEvent: {}
[274.475113] (-) TimerEvent: {}
[274.625021] (-) TimerEvent: {}
[274.726181] (-) TimerEvent: {}
[274.827374] (-) TimerEvent: {}
[274.928298] (-) TimerEvent: {}
[275.029786] (-) TimerEvent: {}
[275.138410] (-) TimerEvent: {}
[275.239471] (-) TimerEvent: {}
[275.340469] (-) TimerEvent: {}
[275.441718] (-) TimerEvent: {}
[275.542714] (-) TimerEvent: {}
[275.643661] (-) TimerEvent: {}
[275.734168] (sllidar_ros2) StderrLine: {'line': b'In file included from \x1b[01m\x1b[K/home/robot/robot_ws/src/sllidar_ros2/./sdk/include/rplidar_protocol.h:36\x1b[m\x1b[K,\n'}
[275.735204] (sllidar_ros2) StderrLine: {'line': b'                 from \x1b[01m\x1b[K/home/robot/robot_ws/src/sllidar_ros2/./sdk/include/rplidar.h:39\x1b[m\x1b[K,\n'}
[275.735828] (sllidar_ros2) StderrLine: {'line': b'                 from \x1b[01m\x1b[K/home/robot/robot_ws/src/sllidar_ros2/./sdk/src/sdkcommon.h:49\x1b[m\x1b[K,\n'}
[275.736901] (sllidar_ros2) StderrLine: {'line': b'                 from \x1b[01m\x1b[K/home/robot/robot_ws/src/sllidar_ros2/sdk/src/dataunpacker/unpacker/../dataunnpacker_commondef.h:41\x1b[m\x1b[K,\n'}
[275.737906] (sllidar_ros2) StderrLine: {'line': b'                 from \x1b[01m\x1b[K/home/robot/robot_ws/src/sllidar_ros2/sdk/src/dataunpacker/unpacker/handler_hqnode.cpp:39\x1b[m\x1b[K:\n'}
[275.738560] (sllidar_ros2) StderrLine: {'line': b'\x1b[01m\x1b[K/home/robot/robot_ws/src/sllidar_ros2/./sdk/include/sl_lidar_protocol.h:66:16:\x1b[m\x1b[K \x1b[01;35m\x1b[Kwarning: \x1b[m\x1b[KISO C++ forbids zero-size array \xe2\x80\x98\x1b[01m\x1b[Kdata\x1b[m\x1b[K\xe2\x80\x99 [\x1b[01;35m\x1b[K\x1b]8;;https://gcc.gnu.org/onlinedocs/gcc/Warning-Options.html#index-Wpedantic\x07-Wpedantic\x1b]8;;\x07\x1b[m\x1b[K]\n'}
[275.739196] (sllidar_ros2) StderrLine: {'line': b'   66 |     sl_u8 data[\x1b[01;35m\x1b[K0\x1b[m\x1b[K];\n'}
[275.739973] (sllidar_ros2) StderrLine: {'line': b'      |                \x1b[01;35m\x1b[K^\x1b[m\x1b[K\n'}
[275.740558] (sllidar_ros2) StderrLine: {'line': b'In file included from \x1b[01m\x1b[K/home/robot/robot_ws/src/sllidar_ros2/./sdk/include/rplidar_cmd.h:36\x1b[m\x1b[K,\n'}
[275.741200] (sllidar_ros2) StderrLine: {'line': b'                 from \x1b[01m\x1b[K/home/robot/robot_ws/src/sllidar_ros2/./sdk/include/rplidar.h:40\x1b[m\x1b[K,\n'}
[275.741866] (sllidar_ros2) StderrLine: {'line': b'                 from \x1b[01m\x1b[K/home/robot/robot_ws/src/sllidar_ros2/./sdk/src/sdkcommon.h:49\x1b[m\x1b[K,\n'}
[275.742383] (sllidar_ros2) StderrLine: {'line': b'                 from \x1b[01m\x1b[K/home/robot/robot_ws/src/sllidar_ros2/sdk/src/dataunpacker/unpacker/../dataunnpacker_commondef.h:41\x1b[m\x1b[K,\n'}
[275.742883] (sllidar_ros2) StderrLine: {'line': b'                 from \x1b[01m\x1b[K/home/robot/robot_ws/src/sllidar_ros2/sdk/src/dataunpacker/unpacker/handler_hqnode.cpp:39\x1b[m\x1b[K:\n'}
[275.743383] (sllidar_ros2) StderrLine: {'line': b'\x1b[01m\x1b[K/home/robot/robot_ws/src/sllidar_ros2/./sdk/include/sl_lidar_cmd.h:324:20:\x1b[m\x1b[K \x1b[01;35m\x1b[Kwarning: \x1b[m\x1b[KISO C++ forbids zero-size array \xe2\x80\x98\x1b[01m\x1b[Kpayload\x1b[m\x1b[K\xe2\x80\x99 [\x1b[01;35m\x1b[K\x1b]8;;https://gcc.gnu.org/onlinedocs/gcc/Warning-Options.html#index-Wpedantic\x07-Wpedantic\x1b]8;;\x07\x1b[m\x1b[K]\n'}
[275.743865] (-) TimerEvent: {}
[275.744359] (sllidar_ros2) StderrLine: {'line': b'  324 |     sl_u8  payload[\x1b[01;35m\x1b[K0\x1b[m\x1b[K];\n'}
[275.745138] (sllidar_ros2) StderrLine: {'line': b'      |                    \x1b[01;35m\x1b[K^\x1b[m\x1b[K\n'}
[275.844200] (-) TimerEvent: {}
[275.945089] (-) TimerEvent: {}
[276.045991] (-) TimerEvent: {}
[276.146910] (-) TimerEvent: {}
[276.248035] (-) TimerEvent: {}
[276.348926] (-) TimerEvent: {}
[276.449903] (-) TimerEvent: {}
[276.550872] (-) TimerEvent: {}
[276.564657] (sllidar_ros2) StderrLine: {'line': b'In file included from \x1b[01m\x1b[K/home/robot/robot_ws/src/sllidar_ros2/sdk/src/dataunpacker/unpacker/handler_hqnode.cpp:40\x1b[m\x1b[K:\n'}
[276.566068] (sllidar_ros2) StderrLine: {'line': b'\x1b[01m\x1b[K/home/robot/robot_ws/src/sllidar_ros2/sdk/src/dataunpacker/unpacker/../dataunpacker.h:\x1b[m\x1b[K In member function \xe2\x80\x98\x1b[01m\x1b[Kvirtual void sl::internal::LIDARSampleDataListener::onCustomSampleDataDecoded(_u8, _u32, const void*, size_t)\x1b[m\x1b[K\xe2\x80\x99:\n'}
[276.566697] (sllidar_ros2) StderrLine: {'line': b'\x1b[01m\x1b[K/home/robot/robot_ws/src/sllidar_ros2/sdk/src/dataunpacker/unpacker/../dataunpacker.h:54:52:\x1b[m\x1b[K \x1b[01;35m\x1b[Kwarning: \x1b[m\x1b[Kunused parameter \xe2\x80\x98\x1b[01m\x1b[KansType\x1b[m\x1b[K\xe2\x80\x99 [\x1b[01;35m\x1b[K\x1b]8;;https://gcc.gnu.org/onlinedocs/gcc/Warning-Options.html#index-Wunused-parameter\x07-Wunused-parameter\x1b]8;;\x07\x1b[m\x1b[K]\n'}
[276.567324] (sllidar_ros2) StderrLine: {'line': b'   54 |         virtual void onCustomSampleDataDecoded(\x1b[01;35m\x1b[K_u8 ansType\x1b[m\x1b[K, _u32 customCode, const void* data, size_t size) {}\n'}
[276.567874] (sllidar_ros2) StderrLine: {'line': b'      |                                                \x1b[01;35m\x1b[K~~~~^~~~~~~\x1b[m\x1b[K\n'}
[276.568446] (sllidar_ros2) StderrLine: {'line': b'\x1b[01m\x1b[K/home/robot/robot_ws/src/sllidar_ros2/sdk/src/dataunpacker/unpacker/../dataunpacker.h:54:66:\x1b[m\x1b[K \x1b[01;35m\x1b[Kwarning: \x1b[m\x1b[Kunused parameter \xe2\x80\x98\x1b[01m\x1b[KcustomCode\x1b[m\x1b[K\xe2\x80\x99 [\x1b[01;35m\x1b[K\x1b]8;;https://gcc.gnu.org/onlinedocs/gcc/Warning-Options.html#index-Wunused-parameter\x07-Wunused-parameter\x1b]8;;\x07\x1b[m\x1b[K]\n'}
[276.569047] (sllidar_ros2) StderrLine: {'line': b'   54 |    virtual void onCustomSampleDataDecoded(_u8 ansType, \x1b[01;35m\x1b[K_u32 customCode\x1b[m\x1b[K, const void* data, size_t size) {}\n'}
[276.569636] (sllidar_ros2) StderrLine: {'line': b'      |                                                        \x1b[01;35m\x1b[K~~~~~^~~~~~~~~~\x1b[m\x1b[K\n'}
[276.570189] (sllidar_ros2) StderrLine: {'line': b'\n'}
[276.570703] (sllidar_ros2) StderrLine: {'line': b'\x1b[01m\x1b[K/home/robot/robot_ws/src/sllidar_ros2/sdk/src/dataunpacker/unpacker/../dataunpacker.h:54:90:\x1b[m\x1b[K \x1b[01;35m\x1b[Kwarning: \x1b[m\x1b[Kunused parameter \xe2\x80\x98\x1b[01m\x1b[Kdata\x1b[m\x1b[K\xe2\x80\x99 [\x1b[01;35m\x1b[K\x1b]8;;https://gcc.gnu.org/onlinedocs/gcc/Warning-Options.html#index-Wunused-parameter\x07-Wunused-parameter\x1b]8;;\x07\x1b[m\x1b[K]\n'}
[276.571232] (sllidar_ros2) StderrLine: {'line': b'   54 | SampleDataDecoded(_u8 ansType, _u32 customCode, \x1b[01;35m\x1b[Kconst void* data\x1b[m\x1b[K, size_t size) {}\n'}
[276.571732] (sllidar_ros2) StderrLine: {'line': b'      |                                                 \x1b[01;35m\x1b[K~~~~~~~~~~~~^~~~\x1b[m\x1b[K\n'}
[276.572282] (sllidar_ros2) StderrLine: {'line': b'\n'}
[276.572791] (sllidar_ros2) StderrLine: {'line': b'\x1b[01m\x1b[K/home/robot/robot_ws/src/sllidar_ros2/sdk/src/dataunpacker/unpacker/../dataunpacker.h:54:103:\x1b[m\x1b[K \x1b[01;35m\x1b[Kwarning: \x1b[m\x1b[Kunused parameter \xe2\x80\x98\x1b[01m\x1b[Ksize\x1b[m\x1b[K\xe2\x80\x99 [\x1b[01;35m\x1b[K\x1b]8;;https://gcc.gnu.org/onlinedocs/gcc/Warning-Options.html#index-Wunused-parameter\x07-Wunused-parameter\x1b]8;;\x07\x1b[m\x1b[K]\n'}
[276.573413] (sllidar_ros2) StderrLine: {'line': b'   54 | Decoded(_u8 ansType, _u32 customCode, const void* data, \x1b[01;35m\x1b[Ksize_t size\x1b[m\x1b[K) {}\n'}
[276.573957] (sllidar_ros2) StderrLine: {'line': b'      |                                                         \x1b[01;35m\x1b[K~~~~~~~^~~~\x1b[m\x1b[K\n'}
[276.574510] (sllidar_ros2) StderrLine: {'line': b'\n'}
[276.574997] (sllidar_ros2) StderrLine: {'line': b'\x1b[01m\x1b[K/home/robot/robot_ws/src/sllidar_ros2/sdk/src/dataunpacker/unpacker/../dataunpacker.h:\x1b[m\x1b[K In member function \xe2\x80\x98\x1b[01m\x1b[Kvirtual void sl::internal::LIDARSampleDataListener::onDecodingError(int, _u8, const void*, size_t)\x1b[m\x1b[K\xe2\x80\x99:\n'}
[276.575454] (sllidar_ros2) StderrLine: {'line': b'\x1b[01m\x1b[K/home/robot/robot_ws/src/sllidar_ros2/sdk/src/dataunpacker/unpacker/../dataunpacker.h:56:42:\x1b[m\x1b[K \x1b[01;35m\x1b[Kwarning: \x1b[m\x1b[Kunused parameter \xe2\x80\x98\x1b[01m\x1b[KerrMsg\x1b[m\x1b[K\xe2\x80\x99 [\x1b[01;35m\x1b[K\x1b]8;;https://gcc.gnu.org/onlinedocs/gcc/Warning-Options.html#index-Wunused-parameter\x07-Wunused-parameter\x1b]8;;\x07\x1b[m\x1b[K]\n'}
[276.575962] (sllidar_ros2) StderrLine: {'line': b'   56 |         virtual void onDecodingError(\x1b[01;35m\x1b[Kint errMsg\x1b[m\x1b[K, _u8 ansType, const void* payload, size_t size) {}\n'}
[276.576666] (sllidar_ros2) StderrLine: {'line': b'      |                                      \x1b[01;35m\x1b[K~~~~^~~~~~\x1b[m\x1b[K\n'}
[276.577450] (sllidar_ros2) StderrLine: {'line': b'\x1b[01m\x1b[K/home/robot/robot_ws/src/sllidar_ros2/sdk/src/dataunpacker/unpacker/../dataunpacker.h:56:54:\x1b[m\x1b[K \x1b[01;35m\x1b[Kwarning: \x1b[m\x1b[Kunused parameter \xe2\x80\x98\x1b[01m\x1b[KansType\x1b[m\x1b[K\xe2\x80\x99 [\x1b[01;35m\x1b[K\x1b]8;;https://gcc.gnu.org/onlinedocs/gcc/Warning-Options.html#index-Wunused-parameter\x07-Wunused-parameter\x1b]8;;\x07\x1b[m\x1b[K]\n'}
[276.578104] (sllidar_ros2) StderrLine: {'line': b'   56 |         virtual void onDecodingError(int errMsg, \x1b[01;35m\x1b[K_u8 ansType\x1b[m\x1b[K, const void* payload, size_t size) {}\n'}
[276.578818] (sllidar_ros2) StderrLine: {'line': b'      |                                                  \x1b[01;35m\x1b[K~~~~^~~~~~~\x1b[m\x1b[K\n'}
[276.579559] (sllidar_ros2) StderrLine: {'line': b'\x1b[01m\x1b[K/home/robot/robot_ws/src/sllidar_ros2/sdk/src/dataunpacker/unpacker/../dataunpacker.h:56:75:\x1b[m\x1b[K \x1b[01;35m\x1b[Kwarning: \x1b[m\x1b[Kunused parameter \xe2\x80\x98\x1b[01m\x1b[Kpayload\x1b[m\x1b[K\xe2\x80\x99 [\x1b[01;35m\x1b[K\x1b]8;;https://gcc.gnu.org/onlinedocs/gcc/Warning-Options.html#index-Wunused-parameter\x07-Wunused-parameter\x1b]8;;\x07\x1b[m\x1b[K]\n'}
[276.580126] (sllidar_ros2) StderrLine: {'line': b'   56 | l void onDecodingError(int errMsg, _u8 ansType, \x1b[01;35m\x1b[Kconst void* payload\x1b[m\x1b[K, size_t size) {}\n'}
[276.580670] (sllidar_ros2) StderrLine: {'line': b'      |                                                 \x1b[01;35m\x1b[K~~~~~~~~~~~~^~~~~~~\x1b[m\x1b[K\n'}
[276.581200] (sllidar_ros2) StderrLine: {'line': b'\n'}
[276.581779] (sllidar_ros2) StderrLine: {'line': b'\x1b[01m\x1b[K/home/robot/robot_ws/src/sllidar_ros2/sdk/src/dataunpacker/unpacker/../dataunpacker.h:56:91:\x1b[m\x1b[K \x1b[01;35m\x1b[Kwarning: \x1b[m\x1b[Kunused parameter \xe2\x80\x98\x1b[01m\x1b[Ksize\x1b[m\x1b[K\xe2\x80\x99 [\x1b[01;35m\x1b[K\x1b]8;;https://gcc.gnu.org/onlinedocs/gcc/Warning-Options.html#index-Wunused-parameter\x07-Wunused-parameter\x1b]8;;\x07\x1b[m\x1b[K]\n'}
[276.582316] (sllidar_ros2) StderrLine: {'line': b'   56 | dingError(int errMsg, _u8 ansType, const void* payload, \x1b[01;35m\x1b[Ksize_t size\x1b[m\x1b[K) {}\n'}
[276.582935] (sllidar_ros2) StderrLine: {'line': b'      |                                                         \x1b[01;35m\x1b[K~~~~~~~^~~~\x1b[m\x1b[K\n'}
[276.583529] (sllidar_ros2) StderrLine: {'line': b'\n'}
[276.651099] (-) TimerEvent: {}
[276.752075] (-) TimerEvent: {}
[276.852951] (-) TimerEvent: {}
[276.953854] (-) TimerEvent: {}
[277.054701] (-) TimerEvent: {}
[277.155675] (-) TimerEvent: {}
[277.250840] (sllidar_ros2) StdoutLine: {'line': b'[ 35%] \x1b[32mBuilding CXX object CMakeFiles/sllidar_node.dir/sdk/src/dataunpacker/unpacker/handler_normalnode.cpp.o\x1b[0m\n'}
[277.255858] (-) TimerEvent: {}
[277.356614] (-) TimerEvent: {}
[277.457476] (-) TimerEvent: {}
[277.558302] (-) TimerEvent: {}
[277.659180] (-) TimerEvent: {}
[277.760083] (-) TimerEvent: {}
[277.860863] (-) TimerEvent: {}
[277.961668] (-) TimerEvent: {}
[278.062596] (-) TimerEvent: {}
[278.214899] (-) TimerEvent: {}
[278.316423] (-) TimerEvent: {}
[278.419088] (-) TimerEvent: {}
[278.520918] (-) TimerEvent: {}
[278.623339] (-) TimerEvent: {}
[278.725525] (-) TimerEvent: {}
[278.826614] (-) TimerEvent: {}
[278.927617] (-) TimerEvent: {}
[279.028484] (-) TimerEvent: {}
[279.129459] (-) TimerEvent: {}
[279.230989] (-) TimerEvent: {}
[279.310060] (sllidar_ros2) StdoutLine: {'line': b'[ 40%] \x1b[32mBuilding CXX object CMakeFiles/sllidar_node.dir/sdk/src/hal/thread.cpp.o\x1b[0m\n'}
[279.331235] (-) TimerEvent: {}
[279.432378] (-) TimerEvent: {}
[279.533526] (-) TimerEvent: {}
[279.706366] (-) TimerEvent: {}
[279.807313] (-) TimerEvent: {}
[279.842211] (sllidar_ros2) StderrLine: {'line': b'In file included from \x1b[01m\x1b[K/home/robot/robot_ws/src/sllidar_ros2/./sdk/include/rplidar_protocol.h:36\x1b[m\x1b[K,\n'}
[279.843198] (sllidar_ros2) StderrLine: {'line': b'                 from \x1b[01m\x1b[K/home/robot/robot_ws/src/sllidar_ros2/./sdk/include/rplidar.h:39\x1b[m\x1b[K,\n'}
[279.843961] (sllidar_ros2) StderrLine: {'line': b'                 from \x1b[01m\x1b[K/home/robot/robot_ws/src/sllidar_ros2/./sdk/src/sdkcommon.h:49\x1b[m\x1b[K,\n'}
[279.845198] (sllidar_ros2) StderrLine: {'line': b'                 from \x1b[01m\x1b[K/home/robot/robot_ws/src/sllidar_ros2/sdk/src/dataunpacker/unpacker/../dataunnpacker_commondef.h:41\x1b[m\x1b[K,\n'}
[279.846138] (sllidar_ros2) StderrLine: {'line': b'                 from \x1b[01m\x1b[K/home/robot/robot_ws/src/sllidar_ros2/sdk/src/dataunpacker/unpacker/handler_normalnode.cpp:39\x1b[m\x1b[K:\n'}
[279.846992] (sllidar_ros2) StderrLine: {'line': b'\x1b[01m\x1b[K/home/robot/robot_ws/src/sllidar_ros2/./sdk/include/sl_lidar_protocol.h:66:16:\x1b[m\x1b[K \x1b[01;35m\x1b[Kwarning: \x1b[m\x1b[KISO C++ forbids zero-size array \xe2\x80\x98\x1b[01m\x1b[Kdata\x1b[m\x1b[K\xe2\x80\x99 [\x1b[01;35m\x1b[K\x1b]8;;https://gcc.gnu.org/onlinedocs/gcc/Warning-Options.html#index-Wpedantic\x07-Wpedantic\x1b]8;;\x07\x1b[m\x1b[K]\n'}
[279.848192] (sllidar_ros2) StderrLine: {'line': b'   66 |     sl_u8 data[\x1b[01;35m\x1b[K0\x1b[m\x1b[K];\n'}
[279.849068] (sllidar_ros2) StderrLine: {'line': b'      |                \x1b[01;35m\x1b[K^\x1b[m\x1b[K\n'}
[279.849943] (sllidar_ros2) StderrLine: {'line': b'In file included from \x1b[01m\x1b[K/home/robot/robot_ws/src/sllidar_ros2/./sdk/include/rplidar_cmd.h:36\x1b[m\x1b[K,\n'}
[279.850727] (sllidar_ros2) StderrLine: {'line': b'                 from \x1b[01m\x1b[K/home/robot/robot_ws/src/sllidar_ros2/./sdk/include/rplidar.h:40\x1b[m\x1b[K,\n'}
[279.851706] (sllidar_ros2) StderrLine: {'line': b'                 from \x1b[01m\x1b[K/home/robot/robot_ws/src/sllidar_ros2/./sdk/src/sdkcommon.h:49\x1b[m\x1b[K,\n'}
[279.852684] (sllidar_ros2) StderrLine: {'line': b'                 from \x1b[01m\x1b[K/home/robot/robot_ws/src/sllidar_ros2/sdk/src/dataunpacker/unpacker/../dataunnpacker_commondef.h:41\x1b[m\x1b[K,\n'}
[279.853944] (sllidar_ros2) StderrLine: {'line': b'                 from \x1b[01m\x1b[K/home/robot/robot_ws/src/sllidar_ros2/sdk/src/dataunpacker/unpacker/handler_normalnode.cpp:39\x1b[m\x1b[K:\n'}
[279.855080] (sllidar_ros2) StderrLine: {'line': b'\x1b[01m\x1b[K/home/robot/robot_ws/src/sllidar_ros2/./sdk/include/sl_lidar_cmd.h:324:20:\x1b[m\x1b[K \x1b[01;35m\x1b[Kwarning: \x1b[m\x1b[KISO C++ forbids zero-size array \xe2\x80\x98\x1b[01m\x1b[Kpayload\x1b[m\x1b[K\xe2\x80\x99 [\x1b[01;35m\x1b[K\x1b]8;;https://gcc.gnu.org/onlinedocs/gcc/Warning-Options.html#index-Wpedantic\x07-Wpedantic\x1b]8;;\x07\x1b[m\x1b[K]\n'}
[279.856185] (sllidar_ros2) StderrLine: {'line': b'  324 |     sl_u8  payload[\x1b[01;35m\x1b[K0\x1b[m\x1b[K];\n'}
[279.857149] (sllidar_ros2) StderrLine: {'line': b'      |                    \x1b[01;35m\x1b[K^\x1b[m\x1b[K\n'}
[279.907534] (-) TimerEvent: {}
[280.008576] (-) TimerEvent: {}
[280.109871] (-) TimerEvent: {}
[280.210867] (-) TimerEvent: {}
[280.311822] (-) TimerEvent: {}
[280.412830] (-) TimerEvent: {}
[280.513752] (-) TimerEvent: {}
[280.686025] (-) TimerEvent: {}
[280.753658] (sllidar_ros2) StderrLine: {'line': b'In file included from \x1b[01m\x1b[K/home/robot/robot_ws/src/sllidar_ros2/sdk/src/dataunpacker/unpacker/handler_normalnode.cpp:40\x1b[m\x1b[K:\n'}
[280.754989] (sllidar_ros2) StderrLine: {'line': b'\x1b[01m\x1b[K/home/robot/robot_ws/src/sllidar_ros2/sdk/src/dataunpacker/unpacker/../dataunpacker.h:\x1b[m\x1b[K In member function \xe2\x80\x98\x1b[01m\x1b[Kvirtual void sl::internal::LIDARSampleDataListener::onCustomSampleDataDecoded(_u8, _u32, const void*, size_t)\x1b[m\x1b[K\xe2\x80\x99:\n'}
[280.755619] (sllidar_ros2) StderrLine: {'line': b'\x1b[01m\x1b[K/home/robot/robot_ws/src/sllidar_ros2/sdk/src/dataunpacker/unpacker/../dataunpacker.h:54:52:\x1b[m\x1b[K \x1b[01;35m\x1b[Kwarning: \x1b[m\x1b[Kunused parameter \xe2\x80\x98\x1b[01m\x1b[KansType\x1b[m\x1b[K\xe2\x80\x99 [\x1b[01;35m\x1b[K\x1b]8;;https://gcc.gnu.org/onlinedocs/gcc/Warning-Options.html#index-Wunused-parameter\x07-Wunused-parameter\x1b]8;;\x07\x1b[m\x1b[K]\n'}
[280.756192] (sllidar_ros2) StderrLine: {'line': b'   54 |         virtual void onCustomSampleDataDecoded(\x1b[01;35m\x1b[K_u8 ansType\x1b[m\x1b[K, _u32 customCode, const void* data, size_t size) {}\n'}
[280.756734] (sllidar_ros2) StderrLine: {'line': b'      |                                                \x1b[01;35m\x1b[K~~~~^~~~~~~\x1b[m\x1b[K\n'}
[280.757298] (sllidar_ros2) StderrLine: {'line': b'\x1b[01m\x1b[K/home/robot/robot_ws/src/sllidar_ros2/sdk/src/dataunpacker/unpacker/../dataunpacker.h:54:66:\x1b[m\x1b[K \x1b[01;35m\x1b[Kwarning: \x1b[m\x1b[Kunused parameter \xe2\x80\x98\x1b[01m\x1b[KcustomCode\x1b[m\x1b[K\xe2\x80\x99 [\x1b[01;35m\x1b[K\x1b]8;;https://gcc.gnu.org/onlinedocs/gcc/Warning-Options.html#index-Wunused-parameter\x07-Wunused-parameter\x1b]8;;\x07\x1b[m\x1b[K]\n'}
[280.757973] (sllidar_ros2) StderrLine: {'line': b'   54 |    virtual void onCustomSampleDataDecoded(_u8 ansType, \x1b[01;35m\x1b[K_u32 customCode\x1b[m\x1b[K, const void* data, size_t size) {}\n'}
[280.758565] (sllidar_ros2) StderrLine: {'line': b'      |                                                        \x1b[01;35m\x1b[K~~~~~^~~~~~~~~~\x1b[m\x1b[K\n'}
[280.759083] (sllidar_ros2) StderrLine: {'line': b'\n'}
[280.759591] (sllidar_ros2) StderrLine: {'line': b'\x1b[01m\x1b[K/home/robot/robot_ws/src/sllidar_ros2/sdk/src/dataunpacker/unpacker/../dataunpacker.h:54:90:\x1b[m\x1b[K \x1b[01;35m\x1b[Kwarning: \x1b[m\x1b[Kunused parameter \xe2\x80\x98\x1b[01m\x1b[Kdata\x1b[m\x1b[K\xe2\x80\x99 [\x1b[01;35m\x1b[K\x1b]8;;https://gcc.gnu.org/onlinedocs/gcc/Warning-Options.html#index-Wunused-parameter\x07-Wunused-parameter\x1b]8;;\x07\x1b[m\x1b[K]\n'}
[280.760110] (sllidar_ros2) StderrLine: {'line': b'   54 | SampleDataDecoded(_u8 ansType, _u32 customCode, \x1b[01;35m\x1b[Kconst void* data\x1b[m\x1b[K, size_t size) {}\n'}
[280.760621] (sllidar_ros2) StderrLine: {'line': b'      |                                                 \x1b[01;35m\x1b[K~~~~~~~~~~~~^~~~\x1b[m\x1b[K\n'}
[280.761092] (sllidar_ros2) StderrLine: {'line': b'\n'}
[280.761687] (sllidar_ros2) StderrLine: {'line': b'\x1b[01m\x1b[K/home/robot/robot_ws/src/sllidar_ros2/sdk/src/dataunpacker/unpacker/../dataunpacker.h:54:103:\x1b[m\x1b[K \x1b[01;35m\x1b[Kwarning: \x1b[m\x1b[Kunused parameter \xe2\x80\x98\x1b[01m\x1b[Ksize\x1b[m\x1b[K\xe2\x80\x99 [\x1b[01;35m\x1b[K\x1b]8;;https://gcc.gnu.org/onlinedocs/gcc/Warning-Options.html#index-Wunused-parameter\x07-Wunused-parameter\x1b]8;;\x07\x1b[m\x1b[K]\n'}
[280.762923] (sllidar_ros2) StderrLine: {'line': b'   54 | Decoded(_u8 ansType, _u32 customCode, const void* data, \x1b[01;35m\x1b[Ksize_t size\x1b[m\x1b[K) {}\n'}
[280.763487] (sllidar_ros2) StderrLine: {'line': b'      |                                                         \x1b[01;35m\x1b[K~~~~~~~^~~~\x1b[m\x1b[K\n'}
[280.763974] (sllidar_ros2) StderrLine: {'line': b'\n'}
[280.764437] (sllidar_ros2) StderrLine: {'line': b'\x1b[01m\x1b[K/home/robot/robot_ws/src/sllidar_ros2/sdk/src/dataunpacker/unpacker/../dataunpacker.h:\x1b[m\x1b[K In member function \xe2\x80\x98\x1b[01m\x1b[Kvirtual void sl::internal::LIDARSampleDataListener::onDecodingError(int, _u8, const void*, size_t)\x1b[m\x1b[K\xe2\x80\x99:\n'}
[280.764977] (sllidar_ros2) StderrLine: {'line': b'\x1b[01m\x1b[K/home/robot/robot_ws/src/sllidar_ros2/sdk/src/dataunpacker/unpacker/../dataunpacker.h:56:42:\x1b[m\x1b[K \x1b[01;35m\x1b[Kwarning: \x1b[m\x1b[Kunused parameter \xe2\x80\x98\x1b[01m\x1b[KerrMsg\x1b[m\x1b[K\xe2\x80\x99 [\x1b[01;35m\x1b[K\x1b]8;;https://gcc.gnu.org/onlinedocs/gcc/Warning-Options.html#index-Wunused-parameter\x07-Wunused-parameter\x1b]8;;\x07\x1b[m\x1b[K]\n'}
[280.766265] (sllidar_ros2) StderrLine: {'line': b'   56 |         virtual void onDecodingError(\x1b[01;35m\x1b[Kint errMsg\x1b[m\x1b[K, _u8 ansType, const void* payload, size_t size) {}\n'}
[280.766930] (sllidar_ros2) StderrLine: {'line': b'      |                                      \x1b[01;35m\x1b[K~~~~^~~~~~\x1b[m\x1b[K\n'}
[280.767567] (sllidar_ros2) StderrLine: {'line': b'\x1b[01m\x1b[K/home/robot/robot_ws/src/sllidar_ros2/sdk/src/dataunpacker/unpacker/../dataunpacker.h:56:54:\x1b[m\x1b[K \x1b[01;35m\x1b[Kwarning: \x1b[m\x1b[Kunused parameter \xe2\x80\x98\x1b[01m\x1b[KansType\x1b[m\x1b[K\xe2\x80\x99 [\x1b[01;35m\x1b[K\x1b]8;;https://gcc.gnu.org/onlinedocs/gcc/Warning-Options.html#index-Wunused-parameter\x07-Wunused-parameter\x1b]8;;\x07\x1b[m\x1b[K]\n'}
[280.768232] (sllidar_ros2) StderrLine: {'line': b'   56 |         virtual void onDecodingError(int errMsg, \x1b[01;35m\x1b[K_u8 ansType\x1b[m\x1b[K, const void* payload, size_t size) {}\n'}
[280.768771] (sllidar_ros2) StderrLine: {'line': b'      |                                                  \x1b[01;35m\x1b[K~~~~^~~~~~~\x1b[m\x1b[K\n'}
[280.769372] (sllidar_ros2) StderrLine: {'line': b'\x1b[01m\x1b[K/home/robot/robot_ws/src/sllidar_ros2/sdk/src/dataunpacker/unpacker/../dataunpacker.h:56:75:\x1b[m\x1b[K \x1b[01;35m\x1b[Kwarning: \x1b[m\x1b[Kunused parameter \xe2\x80\x98\x1b[01m\x1b[Kpayload\x1b[m\x1b[K\xe2\x80\x99 [\x1b[01;35m\x1b[K\x1b]8;;https://gcc.gnu.org/onlinedocs/gcc/Warning-Options.html#index-Wunused-parameter\x07-Wunused-parameter\x1b]8;;\x07\x1b[m\x1b[K]\n'}
[280.770119] (sllidar_ros2) StderrLine: {'line': b'   56 | l void onDecodingError(int errMsg, _u8 ansType, \x1b[01;35m\x1b[Kconst void* payload\x1b[m\x1b[K, size_t size) {}\n'}
[280.770765] (sllidar_ros2) StderrLine: {'line': b'      |                                                 \x1b[01;35m\x1b[K~~~~~~~~~~~~^~~~~~~\x1b[m\x1b[K\n'}
[280.771393] (sllidar_ros2) StderrLine: {'line': b'\n'}
[280.772077] (sllidar_ros2) StderrLine: {'line': b'\x1b[01m\x1b[K/home/robot/robot_ws/src/sllidar_ros2/sdk/src/dataunpacker/unpacker/../dataunpacker.h:56:91:\x1b[m\x1b[K \x1b[01;35m\x1b[Kwarning: \x1b[m\x1b[Kunused parameter \xe2\x80\x98\x1b[01m\x1b[Ksize\x1b[m\x1b[K\xe2\x80\x99 [\x1b[01;35m\x1b[K\x1b]8;;https://gcc.gnu.org/onlinedocs/gcc/Warning-Options.html#index-Wunused-parameter\x07-Wunused-parameter\x1b]8;;\x07\x1b[m\x1b[K]\n'}
[280.772735] (sllidar_ros2) StderrLine: {'line': b'   56 | dingError(int errMsg, _u8 ansType, const void* payload, \x1b[01;35m\x1b[Ksize_t size\x1b[m\x1b[K) {}\n'}
[280.773520] (sllidar_ros2) StderrLine: {'line': b'      |                                                         \x1b[01;35m\x1b[K~~~~~~~^~~~\x1b[m\x1b[K\n'}
[280.782117] (sllidar_ros2) StderrLine: {'line': b'\n'}
[280.786216] (-) TimerEvent: {}
[280.887543] (-) TimerEvent: {}
[280.988420] (-) TimerEvent: {}
[281.089372] (-) TimerEvent: {}
[281.252445] (-) TimerEvent: {}
[281.328905] (sllidar_ros2) StdoutLine: {'line': b'[ 45%] \x1b[32mBuilding CXX object CMakeFiles/sllidar_node.dir/sdk/src/arch/linux/net_serial.cpp.o\x1b[0m\n'}
[281.352684] (-) TimerEvent: {}
[281.454345] (-) TimerEvent: {}
[281.556178] (-) TimerEvent: {}
[282.023448] (-) TimerEvent: {}
[284.122975] (sllidar_ros2) StderrLine: {'line': b'In file included from \x1b[01m\x1b[K/home/robot/robot_ws/src/sllidar_ros2/./sdk/include/rplidar_protocol.h:36\x1b[m\x1b[K,\n'}
[284.125245] (-) TimerEvent: {}
[284.126275] (sllidar_ros2) StderrLine: {'line': b'                 from \x1b[01m\x1b[K/home/robot/robot_ws/src/sllidar_ros2/./sdk/include/rplidar.h:39\x1b[m\x1b[K,\n'}
[284.127688] (sllidar_ros2) StderrLine: {'line': b'                 from \x1b[01m\x1b[K/home/robot/robot_ws/src/sllidar_ros2/./sdk/src/sdkcommon.h:49\x1b[m\x1b[K,\n'}
[284.129061] (sllidar_ros2) StderrLine: {'line': b'                 from \x1b[01m\x1b[K/home/robot/robot_ws/src/sllidar_ros2/sdk/src/hal/thread.cpp:35\x1b[m\x1b[K:\n'}
[284.130374] (sllidar_ros2) StderrLine: {'line': b'\x1b[01m\x1b[K/home/robot/robot_ws/src/sllidar_ros2/./sdk/include/sl_lidar_protocol.h:66:16:\x1b[m\x1b[K \x1b[01;35m\x1b[Kwarning: \x1b[m\x1b[KISO C++ forbids zero-size array \xe2\x80\x98\x1b[01m\x1b[Kdata\x1b[m\x1b[K\xe2\x80\x99 [\x1b[01;35m\x1b[K\x1b]8;;https://gcc.gnu.org/onlinedocs/gcc/Warning-Options.html#index-Wpedantic\x07-Wpedantic\x1b]8;;\x07\x1b[m\x1b[K]\n'}
[284.131108] (sllidar_ros2) StderrLine: {'line': b'   66 |     sl_u8 data[\x1b[01;35m\x1b[K0\x1b[m\x1b[K];\n'}
[284.131928] (sllidar_ros2) StderrLine: {'line': b'      |                \x1b[01;35m\x1b[K^\x1b[m\x1b[K\n'}
[284.132964] (sllidar_ros2) StderrLine: {'line': b'In file included from \x1b[01m\x1b[K/home/robot/robot_ws/src/sllidar_ros2/./sdk/include/rplidar_cmd.h:36\x1b[m\x1b[K,\n'}
[284.134033] (sllidar_ros2) StderrLine: {'line': b'                 from \x1b[01m\x1b[K/home/robot/robot_ws/src/sllidar_ros2/./sdk/include/rplidar.h:40\x1b[m\x1b[K,\n'}
[284.134759] (sllidar_ros2) StderrLine: {'line': b'                 from \x1b[01m\x1b[K/home/robot/robot_ws/src/sllidar_ros2/./sdk/src/sdkcommon.h:49\x1b[m\x1b[K,\n'}
[284.135415] (sllidar_ros2) StderrLine: {'line': b'                 from \x1b[01m\x1b[K/home/robot/robot_ws/src/sllidar_ros2/sdk/src/hal/thread.cpp:35\x1b[m\x1b[K:\n'}
[284.136073] (sllidar_ros2) StderrLine: {'line': b'\x1b[01m\x1b[K/home/robot/robot_ws/src/sllidar_ros2/./sdk/include/sl_lidar_cmd.h:324:20:\x1b[m\x1b[K \x1b[01;35m\x1b[Kwarning: \x1b[m\x1b[KISO C++ forbids zero-size array \xe2\x80\x98\x1b[01m\x1b[Kpayload\x1b[m\x1b[K\xe2\x80\x99 [\x1b[01;35m\x1b[K\x1b]8;;https://gcc.gnu.org/onlinedocs/gcc/Warning-Options.html#index-Wpedantic\x07-Wpedantic\x1b]8;;\x07\x1b[m\x1b[K]\n'}
[284.138740] (sllidar_ros2) StderrLine: {'line': b'  324 |     sl_u8  payload[\x1b[01;35m\x1b[K0\x1b[m\x1b[K];\n'}
[284.139667] (sllidar_ros2) StderrLine: {'line': b'      |                    \x1b[01;35m\x1b[K^\x1b[m\x1b[K\n'}
[284.140604] (sllidar_ros2) StderrLine: {'line': b'In file included from \x1b[01m\x1b[K/home/robot/robot_ws/src/sllidar_ros2/sdk/src/hal/thread.cpp:43\x1b[m\x1b[K:\n'}
[284.141413] (sllidar_ros2) StderrLine: {'line': b'\x1b[01m\x1b[K/home/robot/robot_ws/src/sllidar_ros2/./sdk/src/arch/linux/thread.hpp:\x1b[m\x1b[K In static member function \xe2\x80\x98\x1b[01m\x1b[Kstatic rp::hal::Thread rp::hal::Thread::create(thread_proc_t, void*)\x1b[m\x1b[K\xe2\x80\x99:\n'}
[284.142124] (sllidar_ros2) StderrLine: {'line': b'\x1b[01m\x1b[K/home/robot/robot_ws/src/sllidar_ros2/./sdk/src/arch/linux/thread.hpp:52:57:\x1b[m\x1b[K \x1b[01;35m\x1b[Kwarning: \x1b[m\x1b[Kcast between incompatible function types from \xe2\x80\x98\x1b[01m\x1b[Kthread_proc_t\x1b[m\x1b[K\xe2\x80\x99 {aka \xe2\x80\x98\x1b[01m\x1b[Klong unsigned int (*)(void*)\x1b[m\x1b[K\xe2\x80\x99} to \xe2\x80\x98\x1b[01m\x1b[Kvoid* (*)(void*)\x1b[m\x1b[K\xe2\x80\x99 [\x1b[01;35m\x1b[K\x1b]8;;https://gcc.gnu.org/onlinedocs/gcc/Warning-Options.html#index-Wcast-function-type\x07-Wcast-function-type\x1b]8;;\x07\x1b[m\x1b[K]\n'}
[284.144409] (sllidar_ros2) StderrLine: {'line': b'   52 |     pthread_create((pthread_t *)&newborn._handle, NULL, \x1b[01;35m\x1b[K(void * (*)(void *))proc\x1b[m\x1b[K, data);\n'}
[284.145376] (sllidar_ros2) StderrLine: {'line': b'      |                                                         \x1b[01;35m\x1b[K^~~~~~~~~~~~~~~~~~~~~~~~\x1b[m\x1b[K\n'}
[284.146148] (sllidar_ros2) StderrLine: {'line': b'\x1b[01m\x1b[K/home/robot/robot_ws/src/sllidar_ros2/./sdk/src/arch/linux/thread.hpp:\x1b[m\x1b[K In member function \xe2\x80\x98\x1b[01m\x1b[Ku_result rp::hal::Thread::join(long unsigned int)\x1b[m\x1b[K\xe2\x80\x99:\n'}
[284.146842] (sllidar_ros2) StderrLine: {'line': b'\x1b[01m\x1b[K/home/robot/robot_ws/src/sllidar_ros2/./sdk/src/arch/linux/thread.hpp:176:37:\x1b[m\x1b[K \x1b[01;35m\x1b[Kwarning: \x1b[m\x1b[Kunused parameter \xe2\x80\x98\x1b[01m\x1b[Ktimeout\x1b[m\x1b[K\xe2\x80\x99 [\x1b[01;35m\x1b[K\x1b]8;;https://gcc.gnu.org/onlinedocs/gcc/Warning-Options.html#index-Wunused-parameter\x07-Wunused-parameter\x1b]8;;\x07\x1b[m\x1b[K]\n'}
[284.147742] (sllidar_ros2) StderrLine: {'line': b'  176 | u_result Thread::join(\x1b[01;35m\x1b[Kunsigned long timeout\x1b[m\x1b[K)\n'}
[284.148679] (sllidar_ros2) StderrLine: {'line': b'      |                       \x1b[01;35m\x1b[K~~~~~~~~~~~~~~^~~~~~~\x1b[m\x1b[K\n'}
[284.225517] (-) TimerEvent: {}
[284.327798] (-) TimerEvent: {}
[284.428826] (-) TimerEvent: {}
[284.530004] (-) TimerEvent: {}
[284.631077] (-) TimerEvent: {}
[284.732160] (-) TimerEvent: {}
[284.833096] (-) TimerEvent: {}
[284.934332] (-) TimerEvent: {}
[285.035433] (-) TimerEvent: {}
[285.152800] (-) TimerEvent: {}
[285.254296] (-) TimerEvent: {}
[285.355169] (-) TimerEvent: {}
[285.456057] (-) TimerEvent: {}
[285.557018] (-) TimerEvent: {}
[285.658083] (-) TimerEvent: {}
[285.759553] (-) TimerEvent: {}
[285.860561] (-) TimerEvent: {}
[285.962490] (-) TimerEvent: {}
[286.318555] (-) TimerEvent: {}
[286.427529] (-) TimerEvent: {}
[286.529292] (-) TimerEvent: {}
[286.630796] (-) TimerEvent: {}
[286.732620] (-) TimerEvent: {}
[286.834296] (-) TimerEvent: {}
[286.911436] (sllidar_ros2) StderrLine: {'line': b'\x1b[01m\x1b[K/home/robot/robot_ws/src/sllidar_ros2/sdk/src/arch/linux/net_serial.cpp:\x1b[m\x1b[K In member function \xe2\x80\x98\x1b[01m\x1b[Kbool rp::arch::net::raw_serial::open(const char*, uint32_t, uint32_t)\x1b[m\x1b[K\xe2\x80\x99:\n'}
[286.912330] (sllidar_ros2) StderrLine: {'line': b'\x1b[01m\x1b[K/home/robot/robot_ws/src/sllidar_ros2/sdk/src/arch/linux/net_serial.cpp:97:74:\x1b[m\x1b[K \x1b[01;35m\x1b[Kwarning: \x1b[m\x1b[Kunused parameter \xe2\x80\x98\x1b[01m\x1b[Kflags\x1b[m\x1b[K\xe2\x80\x99 [\x1b[01;35m\x1b[K\x1b]8;;https://gcc.gnu.org/onlinedocs/gcc/Warning-Options.html#index-Wunused-parameter\x07-Wunused-parameter\x1b]8;;\x07\x1b[m\x1b[K]\n'}
[286.913170] (sllidar_ros2) StderrLine: {'line': b'   97 | _serial::open(const char * portname, uint32_t baudrate, \x1b[01;35m\x1b[Kuint32_t flags\x1b[m\x1b[K)\n'}
[286.913953] (sllidar_ros2) StderrLine: {'line': b'      |                                                         \x1b[01;35m\x1b[K~~~~~~~~~^~~~~\x1b[m\x1b[K\n'}
[286.914632] (sllidar_ros2) StderrLine: {'line': b'\n'}
[286.916182] (sllidar_ros2) StderrLine: {'line': b'\x1b[01m\x1b[K/home/robot/robot_ws/src/sllidar_ros2/sdk/src/arch/linux/net_serial.cpp:\x1b[m\x1b[K In member function \xe2\x80\x98\x1b[01m\x1b[Kvirtual void rp::arch::net::raw_serial::flush(_u32)\x1b[m\x1b[K\xe2\x80\x99:\n'}
[286.917960] (sllidar_ros2) StderrLine: {'line': b'\x1b[01m\x1b[K/home/robot/robot_ws/src/sllidar_ros2/sdk/src/arch/linux/net_serial.cpp:281:30:\x1b[m\x1b[K \x1b[01;35m\x1b[Kwarning: \x1b[m\x1b[Kunused parameter \xe2\x80\x98\x1b[01m\x1b[Kflags\x1b[m\x1b[K\xe2\x80\x99 [\x1b[01;35m\x1b[K\x1b]8;;https://gcc.gnu.org/onlinedocs/gcc/Warning-Options.html#index-Wunused-parameter\x07-Wunused-parameter\x1b]8;;\x07\x1b[m\x1b[K]\n'}
[286.919107] (sllidar_ros2) StderrLine: {'line': b'  281 | void raw_serial::flush( \x1b[01;35m\x1b[K_u32 flags\x1b[m\x1b[K)\n'}
[286.920202] (sllidar_ros2) StderrLine: {'line': b'      |                         \x1b[01;35m\x1b[K~~~~~^~~~~\x1b[m\x1b[K\n'}
[286.921042] (sllidar_ros2) StderrLine: {'line': b'\x1b[01m\x1b[K/home/robot/robot_ws/src/sllidar_ros2/sdk/src/arch/linux/net_serial.cpp:\x1b[m\x1b[K In member function \xe2\x80\x98\x1b[01m\x1b[Kvirtual int rp::arch::net::raw_serial::waitforsent(_u32, size_t*)\x1b[m\x1b[K\xe2\x80\x99:\n'}
[286.921910] (sllidar_ros2) StderrLine: {'line': b'\x1b[01m\x1b[K/home/robot/robot_ws/src/sllidar_ros2/sdk/src/arch/linux/net_serial.cpp:286:34:\x1b[m\x1b[K \x1b[01;35m\x1b[Kwarning: \x1b[m\x1b[Kunused parameter \xe2\x80\x98\x1b[01m\x1b[Ktimeout\x1b[m\x1b[K\xe2\x80\x99 [\x1b[01;35m\x1b[K\x1b]8;;https://gcc.gnu.org/onlinedocs/gcc/Warning-Options.html#index-Wunused-parameter\x07-Wunused-parameter\x1b]8;;\x07\x1b[m\x1b[K]\n'}
[286.922767] (sllidar_ros2) StderrLine: {'line': b'  286 | int raw_serial::waitforsent(\x1b[01;35m\x1b[K_u32 timeout\x1b[m\x1b[K, size_t * returned_size)\n'}
[286.923514] (sllidar_ros2) StderrLine: {'line': b'      |                             \x1b[01;35m\x1b[K~~~~~^~~~~~~\x1b[m\x1b[K\n'}
[286.924289] (sllidar_ros2) StderrLine: {'line': b'\x1b[01m\x1b[K/home/robot/robot_ws/src/sllidar_ros2/sdk/src/arch/linux/net_serial.cpp:\x1b[m\x1b[K In member function \xe2\x80\x98\x1b[01m\x1b[Kvirtual int rp::arch::net::raw_serial::waitforrecv(_u32, size_t*)\x1b[m\x1b[K\xe2\x80\x99:\n'}
[286.925055] (sllidar_ros2) StderrLine: {'line': b'\x1b[01m\x1b[K/home/robot/robot_ws/src/sllidar_ros2/sdk/src/arch/linux/net_serial.cpp:292:34:\x1b[m\x1b[K \x1b[01;35m\x1b[Kwarning: \x1b[m\x1b[Kunused parameter \xe2\x80\x98\x1b[01m\x1b[Ktimeout\x1b[m\x1b[K\xe2\x80\x99 [\x1b[01;35m\x1b[K\x1b]8;;https://gcc.gnu.org/onlinedocs/gcc/Warning-Options.html#index-Wunused-parameter\x07-Wunused-parameter\x1b]8;;\x07\x1b[m\x1b[K]\n'}
[286.925990] (sllidar_ros2) StderrLine: {'line': b'  292 | int raw_serial::waitforrecv(\x1b[01;35m\x1b[K_u32 timeout\x1b[m\x1b[K, size_t * returned_size)\n'}
[286.927347] (sllidar_ros2) StderrLine: {'line': b'      |                             \x1b[01;35m\x1b[K~~~~~^~~~~~~\x1b[m\x1b[K\n'}
[286.928090] (sllidar_ros2) StderrLine: {'line': b'\x1b[01m\x1b[K/home/robot/robot_ws/src/sllidar_ros2/sdk/src/arch/linux/net_serial.cpp:\x1b[m\x1b[K In member function \xe2\x80\x98\x1b[01m\x1b[Kvirtual void rp::arch::net::raw_serial::cancelOperation()\x1b[m\x1b[K\xe2\x80\x99:\n'}
[286.928963] (sllidar_ros2) StderrLine: {'line': b'\x1b[01m\x1b[K/home/robot/robot_ws/src/sllidar_ros2/sdk/src/arch/linux/net_serial.cpp:427:5:\x1b[m\x1b[K \x1b[01;35m\x1b[Kwarning: \x1b[m\x1b[Kvalue computed is not used [\x1b[01;35m\x1b[K\x1b]8;;https://gcc.gnu.org/onlinedocs/gcc/Warning-Options.html#index-Wunused-value\x07-Wunused-value\x1b]8;;\x07\x1b[m\x1b[K]\n'}
[286.929944] (sllidar_ros2) StderrLine: {'line': b'  427 |     \x1b[01;35m\x1b[K(int)::write(_selfpipe[1], "x", 1)\x1b[m\x1b[K;\n'}
[286.930711] (sllidar_ros2) StderrLine: {'line': b'      |     \x1b[01;35m\x1b[K^~~~~~~~~~~~~~~~~~~~~~~~~~~~~~~~~~\x1b[m\x1b[K\n'}
[286.934494] (-) TimerEvent: {}
[287.035451] (-) TimerEvent: {}
[287.136863] (-) TimerEvent: {}
[287.238363] (-) TimerEvent: {}
[287.339293] (-) TimerEvent: {}
[287.440422] (-) TimerEvent: {}
[287.541627] (-) TimerEvent: {}
[287.551861] (sllidar_ros2) StdoutLine: {'line': b'[ 50%] \x1b[32mBuilding CXX object CMakeFiles/sllidar_node.dir/sdk/src/sl_async_transceiver.cpp.o\x1b[0m\n'}
[287.641834] (-) TimerEvent: {}
[287.742822] (-) TimerEvent: {}
[287.843966] (-) TimerEvent: {}
[287.945055] (-) TimerEvent: {}
[288.046008] (-) TimerEvent: {}
[288.209664] (-) TimerEvent: {}
[288.310433] (-) TimerEvent: {}
[288.411242] (-) TimerEvent: {}
[288.512070] (-) TimerEvent: {}
[288.612891] (-) TimerEvent: {}
[288.713898] (-) TimerEvent: {}
[288.815061] (-) TimerEvent: {}
[288.916082] (-) TimerEvent: {}
[289.335013] (-) TimerEvent: {}
[289.435940] (-) TimerEvent: {}
[289.536810] (-) TimerEvent: {}
[289.637829] (-) TimerEvent: {}
[294.348830] (sllidar_ros2) StderrLine: {'line': b'In file included from \x1b[01m\x1b[K/home/robot/robot_ws/src/sllidar_ros2/./sdk/include/rplidar_protocol.h:36\x1b[m\x1b[K,\n'}
[294.350248] (-) TimerEvent: {}
[294.351688] (sllidar_ros2) StderrLine: {'line': b'                 from \x1b[01m\x1b[K/home/robot/robot_ws/src/sllidar_ros2/./sdk/include/rplidar.h:39\x1b[m\x1b[K,\n'}
[294.352942] (sllidar_ros2) StderrLine: {'line': b'                 from \x1b[01m\x1b[K/home/robot/robot_ws/src/sllidar_ros2/sdk/src/sdkcommon.h:49\x1b[m\x1b[K,\n'}
[294.353980] (sllidar_ros2) StderrLine: {'line': b'                 from \x1b[01m\x1b[K/home/robot/robot_ws/src/sllidar_ros2/sdk/src/sl_async_transceiver.cpp:35\x1b[m\x1b[K:\n'}
[294.355241] (sllidar_ros2) StderrLine: {'line': b'\x1b[01m\x1b[K/home/robot/robot_ws/src/sllidar_ros2/./sdk/include/sl_lidar_protocol.h:66:16:\x1b[m\x1b[K \x1b[01;35m\x1b[Kwarning: \x1b[m\x1b[KISO C++ forbids zero-size array \xe2\x80\x98\x1b[01m\x1b[Kdata\x1b[m\x1b[K\xe2\x80\x99 [\x1b[01;35m\x1b[K\x1b]8;;https://gcc.gnu.org/onlinedocs/gcc/Warning-Options.html#index-Wpedantic\x07-Wpedantic\x1b]8;;\x07\x1b[m\x1b[K]\n'}
[294.356311] (sllidar_ros2) StderrLine: {'line': b'   66 |     sl_u8 data[\x1b[01;35m\x1b[K0\x1b[m\x1b[K];\n'}
[294.357371] (sllidar_ros2) StderrLine: {'line': b'      |                \x1b[01;35m\x1b[K^\x1b[m\x1b[K\n'}
[294.358913] (sllidar_ros2) StderrLine: {'line': b'In file included from \x1b[01m\x1b[K/home/robot/robot_ws/src/sllidar_ros2/./sdk/include/rplidar_cmd.h:36\x1b[m\x1b[K,\n'}
[294.359804] (sllidar_ros2) StderrLine: {'line': b'                 from \x1b[01m\x1b[K/home/robot/robot_ws/src/sllidar_ros2/./sdk/include/rplidar.h:40\x1b[m\x1b[K,\n'}
[294.360510] (sllidar_ros2) StderrLine: {'line': b'                 from \x1b[01m\x1b[K/home/robot/robot_ws/src/sllidar_ros2/sdk/src/sdkcommon.h:49\x1b[m\x1b[K,\n'}
[294.360914] (sllidar_ros2) StderrLine: {'line': b'                 from \x1b[01m\x1b[K/home/robot/robot_ws/src/sllidar_ros2/sdk/src/sl_async_transceiver.cpp:35\x1b[m\x1b[K:\n'}
[294.361352] (sllidar_ros2) StderrLine: {'line': b'\x1b[01m\x1b[K/home/robot/robot_ws/src/sllidar_ros2/./sdk/include/sl_lidar_cmd.h:324:20:\x1b[m\x1b[K \x1b[01;35m\x1b[Kwarning: \x1b[m\x1b[KISO C++ forbids zero-size array \xe2\x80\x98\x1b[01m\x1b[Kpayload\x1b[m\x1b[K\xe2\x80\x99 [\x1b[01;35m\x1b[K\x1b]8;;https://gcc.gnu.org/onlinedocs/gcc/Warning-Options.html#index-Wpedantic\x07-Wpedantic\x1b]8;;\x07\x1b[m\x1b[K]\n'}
[294.361941] (sllidar_ros2) StderrLine: {'line': b'  324 |     sl_u8  payload[\x1b[01;35m\x1b[K0\x1b[m\x1b[K];\n'}
[294.362396] (sllidar_ros2) StderrLine: {'line': b'      |                    \x1b[01;35m\x1b[K^\x1b[m\x1b[K\n'}
[294.362790] (sllidar_ros2) StderrLine: {'line': b'In file included from \x1b[01m\x1b[K/home/robot/robot_ws/src/sllidar_ros2/sdk/src/sl_async_transceiver.cpp:44\x1b[m\x1b[K:\n'}
[294.363194] (sllidar_ros2) StderrLine: {'line': b'\x1b[01m\x1b[K/home/robot/robot_ws/src/sllidar_ros2/sdk/src/sl_async_transceiver.h:\x1b[m\x1b[K In member function \xe2\x80\x98\x1b[01m\x1b[Kvirtual void sl::internal::IAsyncProtocolCodec::onChannelError(u_result)\x1b[m\x1b[K\xe2\x80\x99:\n'}
[294.363546] (sllidar_ros2) StderrLine: {'line': b'\x1b[01m\x1b[K/home/robot/robot_ws/src/sllidar_ros2/sdk/src/sl_async_transceiver.h:90:48:\x1b[m\x1b[K \x1b[01;35m\x1b[Kwarning: \x1b[m\x1b[Kunused parameter \xe2\x80\x98\x1b[01m\x1b[KerrCode\x1b[m\x1b[K\xe2\x80\x99 [\x1b[01;35m\x1b[K\x1b]8;;https://gcc.gnu.org/onlinedocs/gcc/Warning-Options.html#index-Wunused-parameter\x07-Wunused-parameter\x1b]8;;\x07\x1b[m\x1b[K]\n'}
[294.363904] (sllidar_ros2) StderrLine: {'line': b'   90 |         virtual void   onChannelError(\x1b[01;35m\x1b[Ku_result errCode\x1b[m\x1b[K) {}\n'}
[294.364330] (sllidar_ros2) StderrLine: {'line': b'      |                                       \x1b[01;35m\x1b[K~~~~~~~~~^~~~~~~\x1b[m\x1b[K\n'}
[294.394624] (sllidar_ros2) StdoutLine: {'line': b'[ 55%] \x1b[32mBuilding CXX object CMakeFiles/sllidar_node.dir/sdk/src/sl_crc.cpp.o\x1b[0m\n'}
[294.450519] (-) TimerEvent: {}
[294.551682] (-) TimerEvent: {}
[294.652791] (-) TimerEvent: {}
[294.754117] (-) TimerEvent: {}
[294.855367] (-) TimerEvent: {}
[294.956566] (-) TimerEvent: {}
[295.057814] (-) TimerEvent: {}
[295.158958] (-) TimerEvent: {}
[295.260011] (-) TimerEvent: {}
[295.361208] (-) TimerEvent: {}
[295.462432] (-) TimerEvent: {}
[295.563507] (-) TimerEvent: {}
[300.048437] (sllidar_ros2) StderrLine: {'line': b'In file included from \x1b[01m\x1b[K/home/robot/robot_ws/src/sllidar_ros2/./sdk/include/sl_lidar_cmd.h:41\x1b[m\x1b[K,\n'}
[300.076126] (-) TimerEvent: {}
[300.076934] (sllidar_ros2) StderrLine: {'line': b'                 from \x1b[01m\x1b[K/home/robot/robot_ws/src/sllidar_ros2/./sdk/include/sl_crc.h:36\x1b[m\x1b[K,\n'}
[300.078044] (sllidar_ros2) StderrLine: {'line': b'                 from \x1b[01m\x1b[K/home/robot/robot_ws/src/sllidar_ros2/sdk/src/sl_crc.cpp:33\x1b[m\x1b[K:\n'}
[300.078887] (sllidar_ros2) StderrLine: {'line': b'\x1b[01m\x1b[K/home/robot/robot_ws/src/sllidar_ros2/./sdk/include/sl_lidar_protocol.h:66:16:\x1b[m\x1b[K \x1b[01;35m\x1b[Kwarning: \x1b[m\x1b[KISO C++ forbids zero-size array \xe2\x80\x98\x1b[01m\x1b[Kdata\x1b[m\x1b[K\xe2\x80\x99 [\x1b[01;35m\x1b[K\x1b]8;;https://gcc.gnu.org/onlinedocs/gcc/Warning-Options.html#index-Wpedantic\x07-Wpedantic\x1b]8;;\x07\x1b[m\x1b[K]\n'}
[300.079707] (sllidar_ros2) StderrLine: {'line': b'   66 |     sl_u8 data[\x1b[01;35m\x1b[K0\x1b[m\x1b[K];\n'}
[300.080557] (sllidar_ros2) StderrLine: {'line': b'      |                \x1b[01;35m\x1b[K^\x1b[m\x1b[K\n'}
[300.081301] (sllidar_ros2) StderrLine: {'line': b'In file included from \x1b[01m\x1b[K/home/robot/robot_ws/src/sllidar_ros2/./sdk/include/sl_crc.h:36\x1b[m\x1b[K,\n'}
[300.082148] (sllidar_ros2) StderrLine: {'line': b'                 from \x1b[01m\x1b[K/home/robot/robot_ws/src/sllidar_ros2/sdk/src/sl_crc.cpp:33\x1b[m\x1b[K:\n'}
[300.083007] (sllidar_ros2) StderrLine: {'line': b'\x1b[01m\x1b[K/home/robot/robot_ws/src/sllidar_ros2/./sdk/include/sl_lidar_cmd.h:324:20:\x1b[m\x1b[K \x1b[01;35m\x1b[Kwarning: \x1b[m\x1b[KISO C++ forbids zero-size array \xe2\x80\x98\x1b[01m\x1b[Kpayload\x1b[m\x1b[K\xe2\x80\x99 [\x1b[01;35m\x1b[K\x1b]8;;https://gcc.gnu.org/onlinedocs/gcc/Warning-Options.html#index-Wpedantic\x07-Wpedantic\x1b]8;;\x07\x1b[m\x1b[K]\n'}
[300.083994] (sllidar_ros2) StderrLine: {'line': b'  324 |     sl_u8  payload[\x1b[01;35m\x1b[K0\x1b[m\x1b[K];\n'}
[300.085250] (sllidar_ros2) StderrLine: {'line': b'      |                    \x1b[01;35m\x1b[K^\x1b[m\x1b[K\n'}
[300.176382] (-) TimerEvent: {}
[300.277435] (-) TimerEvent: {}
[300.316618] (sllidar_ros2) StdoutLine: {'line': b'[ 60%] \x1b[32mBuilding CXX object CMakeFiles/sllidar_node.dir/sdk/src/sl_lidar_driver.cpp.o\x1b[0m\n'}
[300.377696] (-) TimerEvent: {}
[300.479001] (-) TimerEvent: {}
[300.669697] (-) TimerEvent: {}
[300.770478] (-) TimerEvent: {}
[300.965572] (-) TimerEvent: {}
[301.066666] (-) TimerEvent: {}
[301.167427] (-) TimerEvent: {}
[301.268205] (-) TimerEvent: {}
[301.461397] (-) TimerEvent: {}
[301.562496] (-) TimerEvent: {}
[301.663604] (-) TimerEvent: {}
[301.764436] (-) TimerEvent: {}
[301.865271] (-) TimerEvent: {}
[301.967762] (-) TimerEvent: {}
[302.068932] (-) TimerEvent: {}
[302.170113] (-) TimerEvent: {}
[302.271104] (-) TimerEvent: {}
[302.390181] (-) TimerEvent: {}
[302.491244] (-) TimerEvent: {}
[302.592239] (-) TimerEvent: {}
[302.693383] (-) TimerEvent: {}
[302.794385] (-) TimerEvent: {}
[302.895298] (-) TimerEvent: {}
[302.996560] (-) TimerEvent: {}
[303.098827] (-) TimerEvent: {}
[303.201438] (-) TimerEvent: {}
[303.302644] (-) TimerEvent: {}
[303.403561] (-) TimerEvent: {}
[303.583810] (-) TimerEvent: {}
[303.615434] (sllidar_ros2) StderrLine: {'line': b'In file included from \x1b[01m\x1b[K/home/robot/robot_ws/src/sllidar_ros2/./sdk/include/rplidar_protocol.h:36\x1b[m\x1b[K,\n'}
[303.616227] (sllidar_ros2) StderrLine: {'line': b'                 from \x1b[01m\x1b[K/home/robot/robot_ws/src/sllidar_ros2/./sdk/include/rplidar.h:39\x1b[m\x1b[K,\n'}
[303.616777] (sllidar_ros2) StderrLine: {'line': b'                 from \x1b[01m\x1b[K/home/robot/robot_ws/src/sllidar_ros2/sdk/src/sdkcommon.h:49\x1b[m\x1b[K,\n'}
[303.617351] (sllidar_ros2) StderrLine: {'line': b'                 from \x1b[01m\x1b[K/home/robot/robot_ws/src/sllidar_ros2/sdk/src/sl_lidar_driver.cpp:33\x1b[m\x1b[K:\n'}
[303.618274] (sllidar_ros2) StderrLine: {'line': b'\x1b[01m\x1b[K/home/robot/robot_ws/src/sllidar_ros2/./sdk/include/sl_lidar_protocol.h:66:16:\x1b[m\x1b[K \x1b[01;35m\x1b[Kwarning: \x1b[m\x1b[KISO C++ forbids zero-size array \xe2\x80\x98\x1b[01m\x1b[Kdata\x1b[m\x1b[K\xe2\x80\x99 [\x1b[01;35m\x1b[K\x1b]8;;https://gcc.gnu.org/onlinedocs/gcc/Warning-Options.html#index-Wpedantic\x07-Wpedantic\x1b]8;;\x07\x1b[m\x1b[K]\n'}
[303.618939] (sllidar_ros2) StderrLine: {'line': b'   66 |     sl_u8 data[\x1b[01;35m\x1b[K0\x1b[m\x1b[K];\n'}
[303.619483] (sllidar_ros2) StderrLine: {'line': b'      |                \x1b[01;35m\x1b[K^\x1b[m\x1b[K\n'}
[303.620006] (sllidar_ros2) StderrLine: {'line': b'In file included from \x1b[01m\x1b[K/home/robot/robot_ws/src/sllidar_ros2/./sdk/include/rplidar_cmd.h:36\x1b[m\x1b[K,\n'}
[303.620705] (sllidar_ros2) StderrLine: {'line': b'                 from \x1b[01m\x1b[K/home/robot/robot_ws/src/sllidar_ros2/./sdk/include/rplidar.h:40\x1b[m\x1b[K,\n'}
[303.621365] (sllidar_ros2) StderrLine: {'line': b'                 from \x1b[01m\x1b[K/home/robot/robot_ws/src/sllidar_ros2/sdk/src/sdkcommon.h:49\x1b[m\x1b[K,\n'}
[303.621930] (sllidar_ros2) StderrLine: {'line': b'                 from \x1b[01m\x1b[K/home/robot/robot_ws/src/sllidar_ros2/sdk/src/sl_lidar_driver.cpp:33\x1b[m\x1b[K:\n'}
[303.622453] (sllidar_ros2) StderrLine: {'line': b'\x1b[01m\x1b[K/home/robot/robot_ws/src/sllidar_ros2/./sdk/include/sl_lidar_cmd.h:324:20:\x1b[m\x1b[K \x1b[01;35m\x1b[Kwarning: \x1b[m\x1b[KISO C++ forbids zero-size array \xe2\x80\x98\x1b[01m\x1b[Kpayload\x1b[m\x1b[K\xe2\x80\x99 [\x1b[01;35m\x1b[K\x1b]8;;https://gcc.gnu.org/onlinedocs/gcc/Warning-Options.html#index-Wpedantic\x07-Wpedantic\x1b]8;;\x07\x1b[m\x1b[K]\n'}
[303.623021] (sllidar_ros2) StderrLine: {'line': b'  324 |     sl_u8  payload[\x1b[01;35m\x1b[K0\x1b[m\x1b[K];\n'}
[303.623498] (sllidar_ros2) StderrLine: {'line': b'      |                    \x1b[01;35m\x1b[K^\x1b[m\x1b[K\n'}
[303.684033] (-) TimerEvent: {}
[303.784964] (-) TimerEvent: {}
[303.885871] (-) TimerEvent: {}
[303.986787] (-) TimerEvent: {}
[304.087786] (-) TimerEvent: {}
[304.277481] (-) TimerEvent: {}
[304.379840] (-) TimerEvent: {}
[304.480761] (-) TimerEvent: {}
[304.581819] (-) TimerEvent: {}
[304.602403] (sllidar_ros2) StderrLine: {'line': b'In file included from \x1b[01m\x1b[K/home/robot/robot_ws/src/sllidar_ros2/sdk/src/sl_lidar_driver.cpp:50\x1b[m\x1b[K:\n'}
[304.603765] (sllidar_ros2) StderrLine: {'line': b'\x1b[01m\x1b[K/home/robot/robot_ws/src/sllidar_ros2/sdk/src/dataunpacker/dataunpacker.h:\x1b[m\x1b[K In member function \xe2\x80\x98\x1b[01m\x1b[Kvirtual void sl::internal::LIDARSampleDataListener::onCustomSampleDataDecoded(_u8, _u32, const void*, size_t)\x1b[m\x1b[K\xe2\x80\x99:\n'}
[304.604449] (sllidar_ros2) StderrLine: {'line': b'\x1b[01m\x1b[K/home/robot/robot_ws/src/sllidar_ros2/sdk/src/dataunpacker/dataunpacker.h:54:52:\x1b[m\x1b[K \x1b[01;35m\x1b[Kwarning: \x1b[m\x1b[Kunused parameter \xe2\x80\x98\x1b[01m\x1b[KansType\x1b[m\x1b[K\xe2\x80\x99 [\x1b[01;35m\x1b[K\x1b]8;;https://gcc.gnu.org/onlinedocs/gcc/Warning-Options.html#index-Wunused-parameter\x07-Wunused-parameter\x1b]8;;\x07\x1b[m\x1b[K]\n'}
[304.605223] (sllidar_ros2) StderrLine: {'line': b'   54 |         virtual void onCustomSampleDataDecoded(\x1b[01;35m\x1b[K_u8 ansType\x1b[m\x1b[K, _u32 customCode, const void* data, size_t size) {}\n'}
[304.605880] (sllidar_ros2) StderrLine: {'line': b'      |                                                \x1b[01;35m\x1b[K~~~~^~~~~~~\x1b[m\x1b[K\n'}
[304.606664] (sllidar_ros2) StderrLine: {'line': b'\x1b[01m\x1b[K/home/robot/robot_ws/src/sllidar_ros2/sdk/src/dataunpacker/dataunpacker.h:54:66:\x1b[m\x1b[K \x1b[01;35m\x1b[Kwarning: \x1b[m\x1b[Kunused parameter \xe2\x80\x98\x1b[01m\x1b[KcustomCode\x1b[m\x1b[K\xe2\x80\x99 [\x1b[01;35m\x1b[K\x1b]8;;https://gcc.gnu.org/onlinedocs/gcc/Warning-Options.html#index-Wunused-parameter\x07-Wunused-parameter\x1b]8;;\x07\x1b[m\x1b[K]\n'}
[304.607379] (sllidar_ros2) StderrLine: {'line': b'   54 |    virtual void onCustomSampleDataDecoded(_u8 ansType, \x1b[01;35m\x1b[K_u32 customCode\x1b[m\x1b[K, const void* data, size_t size) {}\n'}
[304.608143] (sllidar_ros2) StderrLine: {'line': b'      |                                                        \x1b[01;35m\x1b[K~~~~~^~~~~~~~~~\x1b[m\x1b[K\n'}
[304.608723] (sllidar_ros2) StderrLine: {'line': b'\n'}
[304.609290] (sllidar_ros2) StderrLine: {'line': b'\x1b[01m\x1b[K/home/robot/robot_ws/src/sllidar_ros2/sdk/src/dataunpacker/dataunpacker.h:54:90:\x1b[m\x1b[K \x1b[01;35m\x1b[Kwarning: \x1b[m\x1b[Kunused parameter \xe2\x80\x98\x1b[01m\x1b[Kdata\x1b[m\x1b[K\xe2\x80\x99 [\x1b[01;35m\x1b[K\x1b]8;;https://gcc.gnu.org/onlinedocs/gcc/Warning-Options.html#index-Wunused-parameter\x07-Wunused-parameter\x1b]8;;\x07\x1b[m\x1b[K]\n'}
[304.610220] (sllidar_ros2) StderrLine: {'line': b'   54 | SampleDataDecoded(_u8 ansType, _u32 customCode, \x1b[01;35m\x1b[Kconst void* data\x1b[m\x1b[K, size_t size) {}\n'}
[304.610838] (sllidar_ros2) StderrLine: {'line': b'      |                                                 \x1b[01;35m\x1b[K~~~~~~~~~~~~^~~~\x1b[m\x1b[K\n'}
[304.611416] (sllidar_ros2) StderrLine: {'line': b'\n'}
[304.611915] (sllidar_ros2) StderrLine: {'line': b'\x1b[01m\x1b[K/home/robot/robot_ws/src/sllidar_ros2/sdk/src/dataunpacker/dataunpacker.h:54:103:\x1b[m\x1b[K \x1b[01;35m\x1b[Kwarning: \x1b[m\x1b[Kunused parameter \xe2\x80\x98\x1b[01m\x1b[Ksize\x1b[m\x1b[K\xe2\x80\x99 [\x1b[01;35m\x1b[K\x1b]8;;https://gcc.gnu.org/onlinedocs/gcc/Warning-Options.html#index-Wunused-parameter\x07-Wunused-parameter\x1b]8;;\x07\x1b[m\x1b[K]\n'}
[304.612450] (sllidar_ros2) StderrLine: {'line': b'   54 | Decoded(_u8 ansType, _u32 customCode, const void* data, \x1b[01;35m\x1b[Ksize_t size\x1b[m\x1b[K) {}\n'}
[304.613014] (sllidar_ros2) StderrLine: {'line': b'      |                                                         \x1b[01;35m\x1b[K~~~~~~~^~~~\x1b[m\x1b[K\n'}
[304.613910] (sllidar_ros2) StderrLine: {'line': b'\n'}
[304.614593] (sllidar_ros2) StderrLine: {'line': b'\x1b[01m\x1b[K/home/robot/robot_ws/src/sllidar_ros2/sdk/src/dataunpacker/dataunpacker.h:\x1b[m\x1b[K In member function \xe2\x80\x98\x1b[01m\x1b[Kvirtual void sl::internal::LIDARSampleDataListener::onDecodingError(int, _u8, const void*, size_t)\x1b[m\x1b[K\xe2\x80\x99:\n'}
[304.615333] (sllidar_ros2) StderrLine: {'line': b'\x1b[01m\x1b[K/home/robot/robot_ws/src/sllidar_ros2/sdk/src/dataunpacker/dataunpacker.h:56:42:\x1b[m\x1b[K \x1b[01;35m\x1b[Kwarning: \x1b[m\x1b[Kunused parameter \xe2\x80\x98\x1b[01m\x1b[KerrMsg\x1b[m\x1b[K\xe2\x80\x99 [\x1b[01;35m\x1b[K\x1b]8;;https://gcc.gnu.org/onlinedocs/gcc/Warning-Options.html#index-Wunused-parameter\x07-Wunused-parameter\x1b]8;;\x07\x1b[m\x1b[K]\n'}
[304.616286] (sllidar_ros2) StderrLine: {'line': b'   56 |         virtual void onDecodingError(\x1b[01;35m\x1b[Kint errMsg\x1b[m\x1b[K, _u8 ansType, const void* payload, size_t size) {}\n'}
[304.617182] (sllidar_ros2) StderrLine: {'line': b'      |                                      \x1b[01;35m\x1b[K~~~~^~~~~~\x1b[m\x1b[K\n'}
[304.618160] (sllidar_ros2) StderrLine: {'line': b'\x1b[01m\x1b[K/home/robot/robot_ws/src/sllidar_ros2/sdk/src/dataunpacker/dataunpacker.h:56:54:\x1b[m\x1b[K \x1b[01;35m\x1b[Kwarning: \x1b[m\x1b[Kunused parameter \xe2\x80\x98\x1b[01m\x1b[KansType\x1b[m\x1b[K\xe2\x80\x99 [\x1b[01;35m\x1b[K\x1b]8;;https://gcc.gnu.org/onlinedocs/gcc/Warning-Options.html#index-Wunused-parameter\x07-Wunused-parameter\x1b]8;;\x07\x1b[m\x1b[K]\n'}
[304.619213] (sllidar_ros2) StderrLine: {'line': b'   56 |         virtual void onDecodingError(int errMsg, \x1b[01;35m\x1b[K_u8 ansType\x1b[m\x1b[K, const void* payload, size_t size) {}\n'}
[304.619786] (sllidar_ros2) StderrLine: {'line': b'      |                                                  \x1b[01;35m\x1b[K~~~~^~~~~~~\x1b[m\x1b[K\n'}
[304.620309] (sllidar_ros2) StderrLine: {'line': b'\x1b[01m\x1b[K/home/robot/robot_ws/src/sllidar_ros2/sdk/src/dataunpacker/dataunpacker.h:56:75:\x1b[m\x1b[K \x1b[01;35m\x1b[Kwarning: \x1b[m\x1b[Kunused parameter \xe2\x80\x98\x1b[01m\x1b[Kpayload\x1b[m\x1b[K\xe2\x80\x99 [\x1b[01;35m\x1b[K\x1b]8;;https://gcc.gnu.org/onlinedocs/gcc/Warning-Options.html#index-Wunused-parameter\x07-Wunused-parameter\x1b]8;;\x07\x1b[m\x1b[K]\n'}
[304.620852] (sllidar_ros2) StderrLine: {'line': b'   56 | l void onDecodingError(int errMsg, _u8 ansType, \x1b[01;35m\x1b[Kconst void* payload\x1b[m\x1b[K, size_t size) {}\n'}
[304.621848] (sllidar_ros2) StderrLine: {'line': b'      |                                                 \x1b[01;35m\x1b[K~~~~~~~~~~~~^~~~~~~\x1b[m\x1b[K\n'}
[304.622639] (sllidar_ros2) StderrLine: {'line': b'\n'}
[304.623432] (sllidar_ros2) StderrLine: {'line': b'\x1b[01m\x1b[K/home/robot/robot_ws/src/sllidar_ros2/sdk/src/dataunpacker/dataunpacker.h:56:91:\x1b[m\x1b[K \x1b[01;35m\x1b[Kwarning: \x1b[m\x1b[Kunused parameter \xe2\x80\x98\x1b[01m\x1b[Ksize\x1b[m\x1b[K\xe2\x80\x99 [\x1b[01;35m\x1b[K\x1b]8;;https://gcc.gnu.org/onlinedocs/gcc/Warning-Options.html#index-Wunused-parameter\x07-Wunused-parameter\x1b]8;;\x07\x1b[m\x1b[K]\n'}
[304.624981] (sllidar_ros2) StderrLine: {'line': b'   56 | dingError(int errMsg, _u8 ansType, const void* payload, \x1b[01;35m\x1b[Ksize_t size\x1b[m\x1b[K) {}\n'}
[304.626223] (sllidar_ros2) StderrLine: {'line': b'      |                                                         \x1b[01;35m\x1b[K~~~~~~~^~~~\x1b[m\x1b[K\n'}
[304.627021] (sllidar_ros2) StderrLine: {'line': b'\n'}
[304.646520] (sllidar_ros2) StderrLine: {'line': b'In file included from \x1b[01m\x1b[K/home/robot/robot_ws/src/sllidar_ros2/sdk/src/sl_lidar_driver.cpp:51\x1b[m\x1b[K:\n'}
[304.647297] (sllidar_ros2) StderrLine: {'line': b'\x1b[01m\x1b[K/home/robot/robot_ws/src/sllidar_ros2/sdk/src/sl_async_transceiver.h:\x1b[m\x1b[K In member function \xe2\x80\x98\x1b[01m\x1b[Kvirtual void sl::internal::IAsyncProtocolCodec::onChannelError(u_result)\x1b[m\x1b[K\xe2\x80\x99:\n'}
[304.647841] (sllidar_ros2) StderrLine: {'line': b'\x1b[01m\x1b[K/home/robot/robot_ws/src/sllidar_ros2/sdk/src/sl_async_transceiver.h:90:48:\x1b[m\x1b[K \x1b[01;35m\x1b[Kwarning: \x1b[m\x1b[Kunused parameter \xe2\x80\x98\x1b[01m\x1b[KerrCode\x1b[m\x1b[K\xe2\x80\x99 [\x1b[01;35m\x1b[K\x1b]8;;https://gcc.gnu.org/onlinedocs/gcc/Warning-Options.html#index-Wunused-parameter\x07-Wunused-parameter\x1b]8;;\x07\x1b[m\x1b[K]\n'}
[304.648401] (sllidar_ros2) StderrLine: {'line': b'   90 |         virtual void   onChannelError(\x1b[01;35m\x1b[Ku_result errCode\x1b[m\x1b[K) {}\n'}
[304.648939] (sllidar_ros2) StderrLine: {'line': b'      |                                       \x1b[01;35m\x1b[K~~~~~~~~~^~~~~~~\x1b[m\x1b[K\n'}
[304.682042] (-) TimerEvent: {}
[304.740932] (sllidar_ros2) StderrLine: {'line': b'\x1b[01m\x1b[K/home/robot/robot_ws/src/sllidar_ros2/sdk/src/sl_lidar_driver.cpp:\x1b[m\x1b[K In member function \xe2\x80\x98\x1b[01m\x1b[Kvirtual sl_result sl::SlamtecLidarDriver::reset(sl_u32)\x1b[m\x1b[K\xe2\x80\x99:\n'}
[304.741798] (sllidar_ros2) StderrLine: {'line': b'\x1b[01m\x1b[K/home/robot/robot_ws/src/sllidar_ros2/sdk/src/sl_lidar_driver.cpp:511:32:\x1b[m\x1b[K \x1b[01;35m\x1b[Kwarning: \x1b[m\x1b[Kunused parameter \xe2\x80\x98\x1b[01m\x1b[KtimeoutInMs\x1b[m\x1b[K\xe2\x80\x99 [\x1b[01;35m\x1b[K\x1b]8;;https://gcc.gnu.org/onlinedocs/gcc/Warning-Options.html#index-Wunused-parameter\x07-Wunused-parameter\x1b]8;;\x07\x1b[m\x1b[K]\n'}
[304.742457] (sllidar_ros2) StderrLine: {'line': b'  511 |         sl_result reset(\x1b[01;35m\x1b[Ksl_u32 timeoutInMs = DEFAULT_TIMEOUT\x1b[m\x1b[K)\n'}
[304.743017] (sllidar_ros2) StderrLine: {'line': b'      |                         \x1b[01;35m\x1b[K~~~~~~~^~~~~~~~~~~~~~~~~~~~~~~~~~~~~\x1b[m\x1b[K\n'}
[304.756783] (sllidar_ros2) StderrLine: {'line': b'\x1b[01m\x1b[K/home/robot/robot_ws/src/sllidar_ros2/sdk/src/sl_lidar_driver.cpp:\x1b[m\x1b[K In member function \xe2\x80\x98\x1b[01m\x1b[Kvirtual sl_result sl::SlamtecLidarDriver::startScan(bool, bool, sl_u32, sl::LidarScanMode*)\x1b[m\x1b[K\xe2\x80\x99:\n'}
[304.757736] (sllidar_ros2) StderrLine: {'line': b'\x1b[01m\x1b[K/home/robot/robot_ws/src/sllidar_ros2/sdk/src/sl_lidar_driver.cpp:586:69:\x1b[m\x1b[K \x1b[01;35m\x1b[Kwarning: \x1b[m\x1b[Kunused parameter \xe2\x80\x98\x1b[01m\x1b[Koptions\x1b[m\x1b[K\xe2\x80\x99 [\x1b[01;35m\x1b[K\x1b]8;;https://gcc.gnu.org/onlinedocs/gcc/Warning-Options.html#index-Wunused-parameter\x07-Wunused-parameter\x1b]8;;\x07\x1b[m\x1b[K]\n'}
[304.758452] (sllidar_ros2) StderrLine: {'line': b'  586 | sl_result startScan(bool force, bool useTypicalScan, \x1b[01;35m\x1b[Ksl_u32 options = 0\x1b[m\x1b[K, LidarScanMode* outUsedScanMode = nullptr)\n'}
[304.758997] (sllidar_ros2) StderrLine: {'line': b'      |                                                      \x1b[01;35m\x1b[K~~~~~~~^~~~~~~~~~~\x1b[m\x1b[K\n'}
[304.759521] (sllidar_ros2) StderrLine: {'line': b'\n'}
[304.766204] (sllidar_ros2) StderrLine: {'line': b'\x1b[01m\x1b[K/home/robot/robot_ws/src/sllidar_ros2/sdk/src/sl_lidar_driver.cpp:\x1b[m\x1b[K In member function \xe2\x80\x98\x1b[01m\x1b[Kvirtual sl_result sl::SlamtecLidarDriver::stop(sl_u32)\x1b[m\x1b[K\xe2\x80\x99:\n'}
[304.767716] (sllidar_ros2) StderrLine: {'line': b'\x1b[01m\x1b[K/home/robot/robot_ws/src/sllidar_ros2/sdk/src/sl_lidar_driver.cpp:763:31:\x1b[m\x1b[K \x1b[01;35m\x1b[Kwarning: \x1b[m\x1b[Kunused parameter \xe2\x80\x98\x1b[01m\x1b[Ktimeout\x1b[m\x1b[K\xe2\x80\x99 [\x1b[01;35m\x1b[K\x1b]8;;https://gcc.gnu.org/onlinedocs/gcc/Warning-Options.html#index-Wunused-parameter\x07-Wunused-parameter\x1b]8;;\x07\x1b[m\x1b[K]\n'}
[304.768409] (sllidar_ros2) StderrLine: {'line': b'  763 |         sl_result stop(\x1b[01;35m\x1b[Ksl_u32 timeout = DEFAULT_TIMEOUT\x1b[m\x1b[K)\n'}
[304.769102] (sllidar_ros2) StderrLine: {'line': b'      |                        \x1b[01;35m\x1b[K~~~~~~~^~~~~~~~~~~~~~~~~~~~~~~~~\x1b[m\x1b[K\n'}
[304.774701] (sllidar_ros2) StderrLine: {'line': b'\x1b[01m\x1b[K/home/robot/robot_ws/src/sllidar_ros2/sdk/src/sl_lidar_driver.cpp:\x1b[m\x1b[K In member function \xe2\x80\x98\x1b[01m\x1b[Kvirtual sl_result sl::SlamtecLidarDriver::getFrequency(const sl::LidarScanMode&, const sl_lidar_response_measurement_node_hq_t*, size_t, float&)\x1b[m\x1b[K\xe2\x80\x99:\n'}
[304.775475] (sllidar_ros2) StderrLine: {'line': b'\x1b[01m\x1b[K/home/robot/robot_ws/src/sllidar_ros2/sdk/src/sl_lidar_driver.cpp:880:110:\x1b[m\x1b[K \x1b[01;35m\x1b[Kwarning: \x1b[m\x1b[Kunused parameter \xe2\x80\x98\x1b[01m\x1b[Knodes\x1b[m\x1b[K\xe2\x80\x99 [\x1b[01;35m\x1b[K\x1b]8;;https://gcc.gnu.org/onlinedocs/gcc/Warning-Options.html#index-Wunused-parameter\x07-Wunused-parameter\x1b]8;;\x07\x1b[m\x1b[K]\n'}
[304.776071] (sllidar_ros2) StderrLine: {'line': b'  880 | e& scanMode, \x1b[01;35m\x1b[Kconst sl_lidar_response_measurement_node_hq_t* nodes\x1b[m\x1b[K, size_t count, float& frequency)\n'}
[304.776691] (sllidar_ros2) StderrLine: {'line': b'      |              \x1b[01;35m\x1b[K~~~~~~~~~~~~~~~~~~~~~~~~~~~~~~~~~~~~~~~~~~~~~~~^~~~~\x1b[m\x1b[K\n'}
[304.777216] (sllidar_ros2) StderrLine: {'line': b'\n'}
[304.782233] (-) TimerEvent: {}
[304.785787] (sllidar_ros2) StderrLine: {'line': b'\x1b[01m\x1b[K/home/robot/robot_ws/src/sllidar_ros2/sdk/src/sl_lidar_driver.cpp:\x1b[m\x1b[K In member function \xe2\x80\x98\x1b[01m\x1b[Kvirtual sl_result sl::SlamtecLidarDriver::getMotorInfo(sl::LidarMotorInfo&, sl_u32)\x1b[m\x1b[K\xe2\x80\x99:\n'}
[304.786583] (sllidar_ros2) StderrLine: {'line': b'\x1b[01m\x1b[K/home/robot/robot_ws/src/sllidar_ros2/sdk/src/sl_lidar_driver.cpp:1023:66:\x1b[m\x1b[K \x1b[01;35m\x1b[Kwarning: \x1b[m\x1b[Kunused parameter \xe2\x80\x98\x1b[01m\x1b[KtimeoutInMs\x1b[m\x1b[K\xe2\x80\x99 [\x1b[01;35m\x1b[K\x1b]8;;https://gcc.gnu.org/onlinedocs/gcc/Warning-Options.html#index-Wunused-parameter\x07-Wunused-parameter\x1b]8;;\x07\x1b[m\x1b[K]\n'}
[304.787199] (sllidar_ros2) StderrLine: {'line': b' 1023 |    sl_result getMotorInfo(LidarMotorInfo &motorInfo, \x1b[01;35m\x1b[Ksl_u32 timeoutInMs\x1b[m\x1b[K)\n'}
[304.787721] (sllidar_ros2) StderrLine: {'line': b'      |                                                      \x1b[01;35m\x1b[K~~~~~~~^~~~~~~~~~~\x1b[m\x1b[K\n'}
[304.788216] (sllidar_ros2) StderrLine: {'line': b'\n'}
[304.792515] (sllidar_ros2) StderrLine: {'line': b'\x1b[01m\x1b[K/home/robot/robot_ws/src/sllidar_ros2/sdk/src/sl_lidar_driver.cpp:\x1b[m\x1b[K In member function \xe2\x80\x98\x1b[01m\x1b[Ku_result sl::SlamtecLidarDriver::getScanModeCount(sl_u16&, sl_u32)\x1b[m\x1b[K\xe2\x80\x99:\n'}
[304.793392] (sllidar_ros2) StderrLine: {'line': b'\x1b[01m\x1b[K/home/robot/robot_ws/src/sllidar_ros2/sdk/src/sl_lidar_driver.cpp:1199:61:\x1b[m\x1b[K \x1b[01;35m\x1b[Kwarning: \x1b[m\x1b[Kunused parameter \xe2\x80\x98\x1b[01m\x1b[KtimeoutInMs\x1b[m\x1b[K\xe2\x80\x99 [\x1b[01;35m\x1b[K\x1b]8;;https://gcc.gnu.org/onlinedocs/gcc/Warning-Options.html#index-Wunused-parameter\x07-Wunused-parameter\x1b]8;;\x07\x1b[m\x1b[K]\n'}
[304.794072] (sllidar_ros2) StderrLine: {'line': b' 1199 |         u_result getScanModeCount(sl_u16& modeCount, \x1b[01;35m\x1b[Ksl_u32 timeoutInMs = DEFAULT_TIMEOUT\x1b[m\x1b[K)\n'}
[304.794680] (sllidar_ros2) StderrLine: {'line': b'      |                                                      \x1b[01;35m\x1b[K~~~~~~~^~~~~~~~~~~~~~~~~~~~~~~~~~~~~\x1b[m\x1b[K\n'}
[304.882450] (-) TimerEvent: {}
[304.962955] (sllidar_ros2) StderrLine: {'line': b'/home/robot/robot_ws/src/sllidar_ros2/sdk/src/sl_lidar_driver.cpp: In instantiation of \xe2\x80\x98\x1b[01m\x1b[Kvoid sl::RawSampleNodeHolder<T>::pushNode(_u64, const T*) [with T = sl_lidar_response_measurement_node_hq_t; _u64 = long unsigned int]\x1b[m\x1b[K\xe2\x80\x99:\n'}
[304.963977] (sllidar_ros2) StderrLine: {'line': b'\x1b[01m\x1b[K/home/robot/robot_ws/src/sllidar_ros2/sdk/src/sl_lidar_driver.cpp:1648:42:\x1b[m\x1b[K   required from here\n'}
[304.964669] (sllidar_ros2) StderrLine: {'line': b'\x1b[01m\x1b[K/home/robot/robot_ws/src/sllidar_ros2/sdk/src/sl_lidar_driver.cpp:202:28:\x1b[m\x1b[K \x1b[01;35m\x1b[Kwarning: \x1b[m\x1b[Kunused parameter \xe2\x80\x98\x1b[01m\x1b[Ktimestamp_uS\x1b[m\x1b[K\xe2\x80\x99 [\x1b[01;35m\x1b[K\x1b]8;;https://gcc.gnu.org/onlinedocs/gcc/Warning-Options.html#index-Wunused-parameter\x07-Wunused-parameter\x1b]8;;\x07\x1b[m\x1b[K]\n'}
[304.965435] (sllidar_ros2) StderrLine: {'line': b'  202 |         void pushNode(\x1b[01;35m\x1b[K_u64 timestamp_uS\x1b[m\x1b[K, const T* node)\n'}
[304.966291] (sllidar_ros2) StderrLine: {'line': b'      |                       \x1b[01;35m\x1b[K~~~~~^~~~~~~~~~~~\x1b[m\x1b[K\n'}
[304.982683] (-) TimerEvent: {}
[305.083625] (-) TimerEvent: {}
[305.389535] (-) TimerEvent: {}
[305.453396] (sllidar_ros2) StderrLine: {'line': b'\x1b[01m\x1b[K/home/robot/robot_ws/src/sllidar_ros2/sdk/src/sl_lidar_driver.cpp:\x1b[m\x1b[K At global scope:\n'}
[305.455127] (sllidar_ros2) StderrLine: {'line': b'\x1b[01m\x1b[K/home/robot/robot_ws/src/sllidar_ros2/sdk/src/sl_lidar_driver.cpp:83:17:\x1b[m\x1b[K \x1b[01;35m\x1b[Kwarning: \x1b[m\x1b[K\xe2\x80\x98\x1b[01m\x1b[Kvoid sl::convert(const sl_lidar_response_measurement_node_hq_t&, sl_lidar_response_measurement_node_t&)\x1b[m\x1b[K\xe2\x80\x99 defined but not used [\x1b[01;35m\x1b[K\x1b]8;;https://gcc.gnu.org/onlinedocs/gcc/Warning-Options.html#index-Wunused-function\x07-Wunused-function\x1b]8;;\x07\x1b[m\x1b[K]\n'}
[305.456218] (sllidar_ros2) StderrLine: {'line': b'   83 |     static void \x1b[01;35m\x1b[Kconvert\x1b[m\x1b[K(const sl_lidar_response_measurement_node_hq_t& from, sl_lidar_response_measurement_node_t& to)\n'}
[305.456841] (sllidar_ros2) StderrLine: {'line': b'      |                 \x1b[01;35m\x1b[K^~~~~~~\x1b[m\x1b[K\n'}
[305.457424] (sllidar_ros2) StderrLine: {'line': b'\x1b[01m\x1b[K/home/robot/robot_ws/src/sllidar_ros2/sdk/src/sl_lidar_driver.cpp:75:17:\x1b[m\x1b[K \x1b[01;35m\x1b[Kwarning: \x1b[m\x1b[K\xe2\x80\x98\x1b[01m\x1b[Kvoid sl::convert(const sl_lidar_response_measurement_node_t&, sl_lidar_response_measurement_node_hq_t&)\x1b[m\x1b[K\xe2\x80\x99 defined but not used [\x1b[01;35m\x1b[K\x1b]8;;https://gcc.gnu.org/onlinedocs/gcc/Warning-Options.html#index-Wunused-function\x07-Wunused-function\x1b]8;;\x07\x1b[m\x1b[K]\n'}
[305.458722] (sllidar_ros2) StderrLine: {'line': b'   75 |     static void \x1b[01;35m\x1b[Kconvert\x1b[m\x1b[K(const sl_lidar_response_measurement_node_t& from, sl_lidar_response_measurement_node_hq_t& to)\n'}
[305.459903] (sllidar_ros2) StderrLine: {'line': b'      |                 \x1b[01;35m\x1b[K^~~~~~~\x1b[m\x1b[K\n'}
[305.461150] (sllidar_ros2) StderrLine: {'line': b'\x1b[01m\x1b[K/home/robot/robot_ws/src/sllidar_ros2/sdk/src/sl_lidar_driver.cpp:70:17:\x1b[m\x1b[K \x1b[01;35m\x1b[Kwarning: \x1b[m\x1b[K\xe2\x80\x98\x1b[01m\x1b[Kvoid sl::printDeprecationWarn(const char*, const char*)\x1b[m\x1b[K\xe2\x80\x99 defined but not used [\x1b[01;35m\x1b[K\x1b]8;;https://gcc.gnu.org/onlinedocs/gcc/Warning-Options.html#index-Wunused-function\x07-Wunused-function\x1b]8;;\x07\x1b[m\x1b[K]\n'}
[305.462293] (sllidar_ros2) StderrLine: {'line': b'   70 |     static void \x1b[01;35m\x1b[KprintDeprecationWarn\x1b[m\x1b[K(const char* fn, const char* replacement)\n'}
[305.463318] (sllidar_ros2) StderrLine: {'line': b'      |                 \x1b[01;35m\x1b[K^~~~~~~~~~~~~~~~~~~~\x1b[m\x1b[K\n'}
[305.489744] (-) TimerEvent: {}
[305.590639] (-) TimerEvent: {}
[305.691535] (-) TimerEvent: {}
[305.792424] (-) TimerEvent: {}
[305.893362] (-) TimerEvent: {}
[305.994247] (-) TimerEvent: {}
[306.095128] (-) TimerEvent: {}
[306.196019] (-) TimerEvent: {}
[306.296931] (-) TimerEvent: {}
[306.397877] (-) TimerEvent: {}
[306.498767] (-) TimerEvent: {}
[306.599668] (-) TimerEvent: {}
[306.700605] (-) TimerEvent: {}
[306.801531] (-) TimerEvent: {}
[306.902658] (-) TimerEvent: {}
[307.003499] (-) TimerEvent: {}
[307.104394] (-) TimerEvent: {}
[307.205378] (-) TimerEvent: {}
[307.306470] (-) TimerEvent: {}
[307.407650] (-) TimerEvent: {}
[307.508771] (-) TimerEvent: {}
[307.609873] (-) TimerEvent: {}
[307.711052] (-) TimerEvent: {}
[307.812142] (-) TimerEvent: {}
[307.913233] (-) TimerEvent: {}
[308.014460] (-) TimerEvent: {}
[308.115462] (-) TimerEvent: {}
[308.216482] (-) TimerEvent: {}
[308.317552] (-) TimerEvent: {}
[308.418602] (-) TimerEvent: {}
[308.519704] (-) TimerEvent: {}
[308.620918] (-) TimerEvent: {}
[308.722028] (-) TimerEvent: {}
[308.823114] (-) TimerEvent: {}
[308.924297] (-) TimerEvent: {}
[309.025537] (-) TimerEvent: {}
[309.126949] (-) TimerEvent: {}
[309.228901] (-) TimerEvent: {}
[309.330196] (-) TimerEvent: {}
[309.431380] (-) TimerEvent: {}
[309.532535] (-) TimerEvent: {}
[309.633753] (-) TimerEvent: {}
[309.734898] (-) TimerEvent: {}
[309.835977] (-) TimerEvent: {}
[309.937094] (-) TimerEvent: {}
[310.038264] (-) TimerEvent: {}
[310.139263] (-) TimerEvent: {}
[310.240430] (-) TimerEvent: {}
[310.648397] (sllidar_ros2) StdoutLine: {'line': b'[ 65%] \x1b[32mBuilding CXX object CMakeFiles/sllidar_node.dir/sdk/src/sl_lidarprotocol_codec.cpp.o\x1b[0m\n'}
[310.649693] (-) TimerEvent: {}
[310.750918] (-) TimerEvent: {}
[310.852162] (-) TimerEvent: {}
[310.952979] (-) TimerEvent: {}
[311.242171] (-) TimerEvent: {}
[311.342959] (-) TimerEvent: {}
[311.547769] (-) TimerEvent: {}
[311.648571] (-) TimerEvent: {}
[311.850877] (-) TimerEvent: {}
[311.952222] (-) TimerEvent: {}
[312.053039] (-) TimerEvent: {}
[312.154270] (-) TimerEvent: {}
[312.257479] (-) TimerEvent: {}
[312.358634] (-) TimerEvent: {}
[312.459758] (-) TimerEvent: {}
[312.560685] (-) TimerEvent: {}
[313.086944] (-) TimerEvent: {}
[313.187886] (-) TimerEvent: {}
[313.206261] (sllidar_ros2) StderrLine: {'line': b'In file included from \x1b[01m\x1b[K/home/robot/robot_ws/src/sllidar_ros2/./sdk/include/rplidar_protocol.h:36\x1b[m\x1b[K,\n'}
[313.207098] (sllidar_ros2) StderrLine: {'line': b'                 from \x1b[01m\x1b[K/home/robot/robot_ws/src/sllidar_ros2/./sdk/include/rplidar.h:39\x1b[m\x1b[K,\n'}
[313.207642] (sllidar_ros2) StderrLine: {'line': b'                 from \x1b[01m\x1b[K/home/robot/robot_ws/src/sllidar_ros2/sdk/src/sdkcommon.h:49\x1b[m\x1b[K,\n'}
[313.208164] (sllidar_ros2) StderrLine: {'line': b'                 from \x1b[01m\x1b[K/home/robot/robot_ws/src/sllidar_ros2/sdk/src/sl_lidarprotocol_codec.cpp:35\x1b[m\x1b[K:\n'}
[313.208716] (sllidar_ros2) StderrLine: {'line': b'\x1b[01m\x1b[K/home/robot/robot_ws/src/sllidar_ros2/./sdk/include/sl_lidar_protocol.h:66:16:\x1b[m\x1b[K \x1b[01;35m\x1b[Kwarning: \x1b[m\x1b[KISO C++ forbids zero-size array \xe2\x80\x98\x1b[01m\x1b[Kdata\x1b[m\x1b[K\xe2\x80\x99 [\x1b[01;35m\x1b[K\x1b]8;;https://gcc.gnu.org/onlinedocs/gcc/Warning-Options.html#index-Wpedantic\x07-Wpedantic\x1b]8;;\x07\x1b[m\x1b[K]\n'}
[313.209226] (sllidar_ros2) StderrLine: {'line': b'   66 |     sl_u8 data[\x1b[01;35m\x1b[K0\x1b[m\x1b[K];\n'}
[313.209822] (sllidar_ros2) StderrLine: {'line': b'      |                \x1b[01;35m\x1b[K^\x1b[m\x1b[K\n'}
[313.210720] (sllidar_ros2) StderrLine: {'line': b'In file included from \x1b[01m\x1b[K/home/robot/robot_ws/src/sllidar_ros2/./sdk/include/rplidar_cmd.h:36\x1b[m\x1b[K,\n'}
[313.211541] (sllidar_ros2) StderrLine: {'line': b'                 from \x1b[01m\x1b[K/home/robot/robot_ws/src/sllidar_ros2/./sdk/include/rplidar.h:40\x1b[m\x1b[K,\n'}
[313.212272] (sllidar_ros2) StderrLine: {'line': b'                 from \x1b[01m\x1b[K/home/robot/robot_ws/src/sllidar_ros2/sdk/src/sdkcommon.h:49\x1b[m\x1b[K,\n'}
[313.212807] (sllidar_ros2) StderrLine: {'line': b'                 from \x1b[01m\x1b[K/home/robot/robot_ws/src/sllidar_ros2/sdk/src/sl_lidarprotocol_codec.cpp:35\x1b[m\x1b[K:\n'}
[313.213534] (sllidar_ros2) StderrLine: {'line': b'\x1b[01m\x1b[K/home/robot/robot_ws/src/sllidar_ros2/./sdk/include/sl_lidar_cmd.h:324:20:\x1b[m\x1b[K \x1b[01;35m\x1b[Kwarning: \x1b[m\x1b[KISO C++ forbids zero-size array \xe2\x80\x98\x1b[01m\x1b[Kpayload\x1b[m\x1b[K\xe2\x80\x99 [\x1b[01;35m\x1b[K\x1b]8;;https://gcc.gnu.org/onlinedocs/gcc/Warning-Options.html#index-Wpedantic\x07-Wpedantic\x1b]8;;\x07\x1b[m\x1b[K]\n'}
[313.214355] (sllidar_ros2) StderrLine: {'line': b'  324 |     sl_u8  payload[\x1b[01;35m\x1b[K0\x1b[m\x1b[K];\n'}
[313.214905] (sllidar_ros2) StderrLine: {'line': b'      |                    \x1b[01;35m\x1b[K^\x1b[m\x1b[K\n'}
[313.288108] (-) TimerEvent: {}
[313.389073] (-) TimerEvent: {}
[313.533953] (-) TimerEvent: {}
[313.711656] (-) TimerEvent: {}
[313.812796] (-) TimerEvent: {}
[313.914182] (-) TimerEvent: {}
[314.015407] (-) TimerEvent: {}
[314.117668] (-) TimerEvent: {}
[314.218917] (-) TimerEvent: {}
[314.234983] (sllidar_ros2) StderrLine: {'line': b'In file included from \x1b[01m\x1b[K/home/robot/robot_ws/src/sllidar_ros2/sdk/src/sl_lidarprotocol_codec.cpp:49\x1b[m\x1b[K:\n'}
[314.235935] (sllidar_ros2) StderrLine: {'line': b'\x1b[01m\x1b[K/home/robot/robot_ws/src/sllidar_ros2/sdk/src/sl_async_transceiver.h:\x1b[m\x1b[K In member function \xe2\x80\x98\x1b[01m\x1b[Kvirtual void sl::internal::IAsyncProtocolCodec::onChannelError(u_result)\x1b[m\x1b[K\xe2\x80\x99:\n'}
[314.236658] (sllidar_ros2) StderrLine: {'line': b'\x1b[01m\x1b[K/home/robot/robot_ws/src/sllidar_ros2/sdk/src/sl_async_transceiver.h:90:48:\x1b[m\x1b[K \x1b[01;35m\x1b[Kwarning: \x1b[m\x1b[Kunused parameter \xe2\x80\x98\x1b[01m\x1b[KerrCode\x1b[m\x1b[K\xe2\x80\x99 [\x1b[01;35m\x1b[K\x1b]8;;https://gcc.gnu.org/onlinedocs/gcc/Warning-Options.html#index-Wunused-parameter\x07-Wunused-parameter\x1b]8;;\x07\x1b[m\x1b[K]\n'}
[314.237463] (sllidar_ros2) StderrLine: {'line': b'   90 |         virtual void   onChannelError(\x1b[01;35m\x1b[Ku_result errCode\x1b[m\x1b[K) {}\n'}
[314.238217] (sllidar_ros2) StderrLine: {'line': b'      |                                       \x1b[01;35m\x1b[K~~~~~~~~~^~~~~~~\x1b[m\x1b[K\n'}
[314.319187] (-) TimerEvent: {}
[314.420090] (-) TimerEvent: {}
[314.520959] (-) TimerEvent: {}
[314.622311] (-) TimerEvent: {}
[314.723232] (-) TimerEvent: {}
[314.824323] (-) TimerEvent: {}
[314.925439] (-) TimerEvent: {}
[315.015443] (sllidar_ros2) StdoutLine: {'line': b'[ 70%] \x1b[32mBuilding CXX object CMakeFiles/sllidar_node.dir/sdk/src/sl_serial_channel.cpp.o\x1b[0m\n'}
[315.025653] (-) TimerEvent: {}
[315.126621] (-) TimerEvent: {}
[315.227859] (-) TimerEvent: {}
[315.328759] (-) TimerEvent: {}
[315.429600] (-) TimerEvent: {}
[315.965891] (-) TimerEvent: {}
[316.066770] (-) TimerEvent: {}
[316.167676] (-) TimerEvent: {}
[316.269069] (-) TimerEvent: {}
[316.369991] (-) TimerEvent: {}
[316.470843] (-) TimerEvent: {}
[316.571728] (-) TimerEvent: {}
[316.619983] (sllidar_ros2) StderrLine: {'line': b'In file included from \x1b[01m\x1b[K/home/robot/robot_ws/src/sllidar_ros2/./sdk/include/sl_lidar_cmd.h:41\x1b[m\x1b[K,\n'}
[316.620810] (sllidar_ros2) StderrLine: {'line': b'                 from \x1b[01m\x1b[K/home/robot/robot_ws/src/sllidar_ros2/./sdk/include/sl_lidar_driver.h:54\x1b[m\x1b[K,\n'}
[316.621423] (sllidar_ros2) StderrLine: {'line': b'                 from \x1b[01m\x1b[K/home/robot/robot_ws/src/sllidar_ros2/sdk/src/sl_serial_channel.cpp:33\x1b[m\x1b[K:\n'}
[316.622031] (sllidar_ros2) StderrLine: {'line': b'\x1b[01m\x1b[K/home/robot/robot_ws/src/sllidar_ros2/./sdk/include/sl_lidar_protocol.h:66:16:\x1b[m\x1b[K \x1b[01;35m\x1b[Kwarning: \x1b[m\x1b[KISO C++ forbids zero-size array \xe2\x80\x98\x1b[01m\x1b[Kdata\x1b[m\x1b[K\xe2\x80\x99 [\x1b[01;35m\x1b[K\x1b]8;;https://gcc.gnu.org/onlinedocs/gcc/Warning-Options.html#index-Wpedantic\x07-Wpedantic\x1b]8;;\x07\x1b[m\x1b[K]\n'}
[316.622888] (sllidar_ros2) StderrLine: {'line': b'   66 |     sl_u8 data[\x1b[01;35m\x1b[K0\x1b[m\x1b[K];\n'}
[316.623455] (sllidar_ros2) StderrLine: {'line': b'      |                \x1b[01;35m\x1b[K^\x1b[m\x1b[K\n'}
[316.624024] (sllidar_ros2) StderrLine: {'line': b'In file included from \x1b[01m\x1b[K/home/robot/robot_ws/src/sllidar_ros2/./sdk/include/sl_lidar_driver.h:54\x1b[m\x1b[K,\n'}
[316.624604] (sllidar_ros2) StderrLine: {'line': b'                 from \x1b[01m\x1b[K/home/robot/robot_ws/src/sllidar_ros2/sdk/src/sl_serial_channel.cpp:33\x1b[m\x1b[K:\n'}
[316.625135] (sllidar_ros2) StderrLine: {'line': b'\x1b[01m\x1b[K/home/robot/robot_ws/src/sllidar_ros2/./sdk/include/sl_lidar_cmd.h:324:20:\x1b[m\x1b[K \x1b[01;35m\x1b[Kwarning: \x1b[m\x1b[KISO C++ forbids zero-size array \xe2\x80\x98\x1b[01m\x1b[Kpayload\x1b[m\x1b[K\xe2\x80\x99 [\x1b[01;35m\x1b[K\x1b]8;;https://gcc.gnu.org/onlinedocs/gcc/Warning-Options.html#index-Wpedantic\x07-Wpedantic\x1b]8;;\x07\x1b[m\x1b[K]\n'}
[316.625781] (sllidar_ros2) StderrLine: {'line': b'  324 |     sl_u8  payload[\x1b[01;35m\x1b[K0\x1b[m\x1b[K];\n'}
[316.626347] (sllidar_ros2) StderrLine: {'line': b'      |                    \x1b[01;35m\x1b[K^\x1b[m\x1b[K\n'}
[316.671992] (-) TimerEvent: {}
[316.772937] (-) TimerEvent: {}
[316.873877] (-) TimerEvent: {}
[316.974950] (-) TimerEvent: {}
[317.043636] (sllidar_ros2) StdoutLine: {'line': b'[ 75%] \x1b[32mBuilding CXX object CMakeFiles/sllidar_node.dir/sdk/src/sl_tcp_channel.cpp.o\x1b[0m\n'}
[317.075326] (-) TimerEvent: {}
[317.176696] (-) TimerEvent: {}
[317.279103] (-) TimerEvent: {}
[317.380013] (-) TimerEvent: {}
[317.480795] (-) TimerEvent: {}
[317.620956] (-) TimerEvent: {}
[317.721786] (-) TimerEvent: {}
[317.822672] (-) TimerEvent: {}
[317.923605] (-) TimerEvent: {}
[318.024623] (-) TimerEvent: {}
[318.125575] (-) TimerEvent: {}
[318.227380] (-) TimerEvent: {}
[318.329999] (-) TimerEvent: {}
[318.431002] (-) TimerEvent: {}
[318.532149] (-) TimerEvent: {}
[318.592782] (sllidar_ros2) StderrLine: {'line': b'In file included from \x1b[01m\x1b[K/home/robot/robot_ws/src/sllidar_ros2/./sdk/include/sl_lidar_cmd.h:41\x1b[m\x1b[K,\n'}
[318.594158] (sllidar_ros2) StderrLine: {'line': b'                 from \x1b[01m\x1b[K/home/robot/robot_ws/src/sllidar_ros2/./sdk/include/sl_lidar_driver.h:54\x1b[m\x1b[K,\n'}
[318.596081] (sllidar_ros2) StderrLine: {'line': b'                 from \x1b[01m\x1b[K/home/robot/robot_ws/src/sllidar_ros2/sdk/src/sl_tcp_channel.cpp:33\x1b[m\x1b[K:\n'}
[318.596864] (sllidar_ros2) StderrLine: {'line': b'\x1b[01m\x1b[K/home/robot/robot_ws/src/sllidar_ros2/./sdk/include/sl_lidar_protocol.h:66:16:\x1b[m\x1b[K \x1b[01;35m\x1b[Kwarning: \x1b[m\x1b[KISO C++ forbids zero-size array \xe2\x80\x98\x1b[01m\x1b[Kdata\x1b[m\x1b[K\xe2\x80\x99 [\x1b[01;35m\x1b[K\x1b]8;;https://gcc.gnu.org/onlinedocs/gcc/Warning-Options.html#index-Wpedantic\x07-Wpedantic\x1b]8;;\x07\x1b[m\x1b[K]\n'}
[318.597890] (sllidar_ros2) StderrLine: {'line': b'   66 |     sl_u8 data[\x1b[01;35m\x1b[K0\x1b[m\x1b[K];\n'}
[318.598695] (sllidar_ros2) StderrLine: {'line': b'      |                \x1b[01;35m\x1b[K^\x1b[m\x1b[K\n'}
[318.599444] (sllidar_ros2) StderrLine: {'line': b'In file included from \x1b[01m\x1b[K/home/robot/robot_ws/src/sllidar_ros2/./sdk/include/sl_lidar_driver.h:54\x1b[m\x1b[K,\n'}
[318.600160] (sllidar_ros2) StderrLine: {'line': b'                 from \x1b[01m\x1b[K/home/robot/robot_ws/src/sllidar_ros2/sdk/src/sl_tcp_channel.cpp:33\x1b[m\x1b[K:\n'}
[318.600971] (sllidar_ros2) StderrLine: {'line': b'\x1b[01m\x1b[K/home/robot/robot_ws/src/sllidar_ros2/./sdk/include/sl_lidar_cmd.h:324:20:\x1b[m\x1b[K \x1b[01;35m\x1b[Kwarning: \x1b[m\x1b[KISO C++ forbids zero-size array \xe2\x80\x98\x1b[01m\x1b[Kpayload\x1b[m\x1b[K\xe2\x80\x99 [\x1b[01;35m\x1b[K\x1b]8;;https://gcc.gnu.org/onlinedocs/gcc/Warning-Options.html#index-Wpedantic\x07-Wpedantic\x1b]8;;\x07\x1b[m\x1b[K]\n'}
[318.601798] (sllidar_ros2) StderrLine: {'line': b'  324 |     sl_u8  payload[\x1b[01;35m\x1b[K0\x1b[m\x1b[K];\n'}
[318.602739] (sllidar_ros2) StderrLine: {'line': b'      |                    \x1b[01;35m\x1b[K^\x1b[m\x1b[K\n'}
[318.618015] (sllidar_ros2) StderrLine: {'line': b'\x1b[01m\x1b[K/home/robot/robot_ws/src/sllidar_ros2/sdk/src/sl_tcp_channel.cpp:\x1b[m\x1b[K In member function \xe2\x80\x98\x1b[01m\x1b[Kvoid sl::TcpChannel::setStatus(_u32)\x1b[m\x1b[K\xe2\x80\x99:\n'}
[318.619261] (sllidar_ros2) StderrLine: {'line': b'\x1b[01m\x1b[K/home/robot/robot_ws/src/sllidar_ros2/sdk/src/sl_tcp_channel.cpp:109:29:\x1b[m\x1b[K \x1b[01;35m\x1b[Kwarning: \x1b[m\x1b[Kunused parameter \xe2\x80\x98\x1b[01m\x1b[Kflag\x1b[m\x1b[K\xe2\x80\x99 [\x1b[01;35m\x1b[K\x1b]8;;https://gcc.gnu.org/onlinedocs/gcc/Warning-Options.html#index-Wunused-parameter\x07-Wunused-parameter\x1b]8;;\x07\x1b[m\x1b[K]\n'}
[318.620381] (sllidar_ros2) StderrLine: {'line': b'  109 |         void setStatus(\x1b[01;35m\x1b[K_u32 flag\x1b[m\x1b[K){}\n'}
[318.621451] (sllidar_ros2) StderrLine: {'line': b'      |                        \x1b[01;35m\x1b[K~~~~~^~~~\x1b[m\x1b[K\n'}
[318.632409] (-) TimerEvent: {}
[318.734046] (-) TimerEvent: {}
[318.835496] (-) TimerEvent: {}
[318.936353] (-) TimerEvent: {}
[319.037658] (-) TimerEvent: {}
[319.041695] (sllidar_ros2) StdoutLine: {'line': b'[ 80%] \x1b[32mBuilding CXX object CMakeFiles/sllidar_node.dir/sdk/src/sl_udp_channel.cpp.o\x1b[0m\n'}
[319.137903] (-) TimerEvent: {}
[319.238898] (-) TimerEvent: {}
[319.339770] (-) TimerEvent: {}
[319.440575] (-) TimerEvent: {}
[319.541480] (-) TimerEvent: {}
[319.642256] (-) TimerEvent: {}
[319.778608] (-) TimerEvent: {}
[319.914663] (-) TimerEvent: {}
[320.015580] (-) TimerEvent: {}
[320.475094] (sllidar_ros2) StderrLine: {'line': b'In file included from \x1b[01m\x1b[K/home/robot/robot_ws/src/sllidar_ros2/./sdk/include/sl_lidar_cmd.h:41\x1b[m\x1b[K,\n'}
[320.475900] (-) TimerEvent: {}
[320.476473] (sllidar_ros2) StderrLine: {'line': b'                 from \x1b[01m\x1b[K/home/robot/robot_ws/src/sllidar_ros2/./sdk/include/sl_lidar_driver.h:54\x1b[m\x1b[K,\n'}
[320.477216] (sllidar_ros2) StderrLine: {'line': b'                 from \x1b[01m\x1b[K/home/robot/robot_ws/src/sllidar_ros2/sdk/src/sl_udp_channel.cpp:33\x1b[m\x1b[K:\n'}
[320.477850] (sllidar_ros2) StderrLine: {'line': b'\x1b[01m\x1b[K/home/robot/robot_ws/src/sllidar_ros2/./sdk/include/sl_lidar_protocol.h:66:16:\x1b[m\x1b[K \x1b[01;35m\x1b[Kwarning: \x1b[m\x1b[KISO C++ forbids zero-size array \xe2\x80\x98\x1b[01m\x1b[Kdata\x1b[m\x1b[K\xe2\x80\x99 [\x1b[01;35m\x1b[K\x1b]8;;https://gcc.gnu.org/onlinedocs/gcc/Warning-Options.html#index-Wpedantic\x07-Wpedantic\x1b]8;;\x07\x1b[m\x1b[K]\n'}
[320.478422] (sllidar_ros2) StderrLine: {'line': b'   66 |     sl_u8 data[\x1b[01;35m\x1b[K0\x1b[m\x1b[K];\n'}
[320.478959] (sllidar_ros2) StderrLine: {'line': b'      |                \x1b[01;35m\x1b[K^\x1b[m\x1b[K\n'}
[320.479524] (sllidar_ros2) StderrLine: {'line': b'In file included from \x1b[01m\x1b[K/home/robot/robot_ws/src/sllidar_ros2/./sdk/include/sl_lidar_driver.h:54\x1b[m\x1b[K,\n'}
[320.480144] (sllidar_ros2) StderrLine: {'line': b'                 from \x1b[01m\x1b[K/home/robot/robot_ws/src/sllidar_ros2/sdk/src/sl_udp_channel.cpp:33\x1b[m\x1b[K:\n'}
[320.480746] (sllidar_ros2) StderrLine: {'line': b'\x1b[01m\x1b[K/home/robot/robot_ws/src/sllidar_ros2/./sdk/include/sl_lidar_cmd.h:324:20:\x1b[m\x1b[K \x1b[01;35m\x1b[Kwarning: \x1b[m\x1b[KISO C++ forbids zero-size array \xe2\x80\x98\x1b[01m\x1b[Kpayload\x1b[m\x1b[K\xe2\x80\x99 [\x1b[01;35m\x1b[K\x1b]8;;https://gcc.gnu.org/onlinedocs/gcc/Warning-Options.html#index-Wpedantic\x07-Wpedantic\x1b]8;;\x07\x1b[m\x1b[K]\n'}
[320.481423] (sllidar_ros2) StderrLine: {'line': b'  324 |     sl_u8  payload[\x1b[01;35m\x1b[K0\x1b[m\x1b[K];\n'}
[320.482070] (sllidar_ros2) StderrLine: {'line': b'      |                    \x1b[01;35m\x1b[K^\x1b[m\x1b[K\n'}
[320.482604] (sllidar_ros2) StderrLine: {'line': b'\x1b[01m\x1b[K/home/robot/robot_ws/src/sllidar_ros2/sdk/src/sl_udp_channel.cpp:\x1b[m\x1b[K In member function \xe2\x80\x98\x1b[01m\x1b[Kvoid sl::UdpChannel::setStatus(_u32)\x1b[m\x1b[K\xe2\x80\x99:\n'}
[320.483146] (sllidar_ros2) StderrLine: {'line': b'\x1b[01m\x1b[K/home/robot/robot_ws/src/sllidar_ros2/sdk/src/sl_udp_channel.cpp:112:29:\x1b[m\x1b[K \x1b[01;35m\x1b[Kwarning: \x1b[m\x1b[Kunused parameter \xe2\x80\x98\x1b[01m\x1b[Kflag\x1b[m\x1b[K\xe2\x80\x99 [\x1b[01;35m\x1b[K\x1b]8;;https://gcc.gnu.org/onlinedocs/gcc/Warning-Options.html#index-Wunused-parameter\x07-Wunused-parameter\x1b]8;;\x07\x1b[m\x1b[K]\n'}
[320.483755] (sllidar_ros2) StderrLine: {'line': b'  112 |         void setStatus(\x1b[01;35m\x1b[K_u32 flag\x1b[m\x1b[K){}\n'}
[320.484279] (sllidar_ros2) StderrLine: {'line': b'      |                        \x1b[01;35m\x1b[K~~~~~^~~~\x1b[m\x1b[K\n'}
[320.576250] (-) TimerEvent: {}
[320.677230] (-) TimerEvent: {}
[321.003269] (sllidar_ros2) StdoutLine: {'line': b'[ 85%] \x1b[32mBuilding CXX object CMakeFiles/sllidar_node.dir/sdk/src/rplidar_driver.cpp.o\x1b[0m\n'}
[321.004553] (-) TimerEvent: {}
[321.105851] (-) TimerEvent: {}
[321.206829] (-) TimerEvent: {}
[321.307737] (-) TimerEvent: {}
[321.408642] (-) TimerEvent: {}
[321.777018] (-) TimerEvent: {}
[321.877924] (-) TimerEvent: {}
[321.978729] (-) TimerEvent: {}
[322.079512] (-) TimerEvent: {}
[322.180370] (-) TimerEvent: {}
[322.281258] (-) TimerEvent: {}
[322.382357] (-) TimerEvent: {}
[322.483379] (-) TimerEvent: {}
[322.584863] (-) TimerEvent: {}
[322.685781] (-) TimerEvent: {}
[322.786860] (-) TimerEvent: {}
[322.887857] (-) TimerEvent: {}
[322.988825] (-) TimerEvent: {}
[323.090038] (-) TimerEvent: {}
[323.191205] (-) TimerEvent: {}
[323.292218] (-) TimerEvent: {}
[323.393990] (-) TimerEvent: {}
[323.495188] (-) TimerEvent: {}
[323.598067] (-) TimerEvent: {}
[323.650537] (sllidar_ros2) StderrLine: {'line': b'In file included from \x1b[01m\x1b[K/home/robot/robot_ws/src/sllidar_ros2/./sdk/include/rplidar_protocol.h:36\x1b[m\x1b[K,\n'}
[323.651571] (sllidar_ros2) StderrLine: {'line': b'                 from \x1b[01m\x1b[K/home/robot/robot_ws/src/sllidar_ros2/./sdk/include/rplidar.h:39\x1b[m\x1b[K,\n'}
[323.652694] (sllidar_ros2) StderrLine: {'line': b'                 from \x1b[01m\x1b[K/home/robot/robot_ws/src/sllidar_ros2/sdk/src/sdkcommon.h:49\x1b[m\x1b[K,\n'}
[323.654067] (sllidar_ros2) StderrLine: {'line': b'                 from \x1b[01m\x1b[K/home/robot/robot_ws/src/sllidar_ros2/sdk/src/rplidar_driver.cpp:33\x1b[m\x1b[K:\n'}
[323.655322] (sllidar_ros2) StderrLine: {'line': b'\x1b[01m\x1b[K/home/robot/robot_ws/src/sllidar_ros2/./sdk/include/sl_lidar_protocol.h:66:16:\x1b[m\x1b[K \x1b[01;35m\x1b[Kwarning: \x1b[m\x1b[KISO C++ forbids zero-size array \xe2\x80\x98\x1b[01m\x1b[Kdata\x1b[m\x1b[K\xe2\x80\x99 [\x1b[01;35m\x1b[K\x1b]8;;https://gcc.gnu.org/onlinedocs/gcc/Warning-Options.html#index-Wpedantic\x07-Wpedantic\x1b]8;;\x07\x1b[m\x1b[K]\n'}
[323.657396] (sllidar_ros2) StderrLine: {'line': b'   66 |     sl_u8 data[\x1b[01;35m\x1b[K0\x1b[m\x1b[K];\n'}
[323.658751] (sllidar_ros2) StderrLine: {'line': b'      |                \x1b[01;35m\x1b[K^\x1b[m\x1b[K\n'}
[323.659996] (sllidar_ros2) StderrLine: {'line': b'In file included from \x1b[01m\x1b[K/home/robot/robot_ws/src/sllidar_ros2/./sdk/include/rplidar_cmd.h:36\x1b[m\x1b[K,\n'}
[323.661091] (sllidar_ros2) StderrLine: {'line': b'                 from \x1b[01m\x1b[K/home/robot/robot_ws/src/sllidar_ros2/./sdk/include/rplidar.h:40\x1b[m\x1b[K,\n'}
[323.661982] (sllidar_ros2) StderrLine: {'line': b'                 from \x1b[01m\x1b[K/home/robot/robot_ws/src/sllidar_ros2/sdk/src/sdkcommon.h:49\x1b[m\x1b[K,\n'}
[323.662771] (sllidar_ros2) StderrLine: {'line': b'                 from \x1b[01m\x1b[K/home/robot/robot_ws/src/sllidar_ros2/sdk/src/rplidar_driver.cpp:33\x1b[m\x1b[K:\n'}
[323.663489] (sllidar_ros2) StderrLine: {'line': b'\x1b[01m\x1b[K/home/robot/robot_ws/src/sllidar_ros2/./sdk/include/sl_lidar_cmd.h:324:20:\x1b[m\x1b[K \x1b[01;35m\x1b[Kwarning: \x1b[m\x1b[KISO C++ forbids zero-size array \xe2\x80\x98\x1b[01m\x1b[Kpayload\x1b[m\x1b[K\xe2\x80\x99 [\x1b[01;35m\x1b[K\x1b]8;;https://gcc.gnu.org/onlinedocs/gcc/Warning-Options.html#index-Wpedantic\x07-Wpedantic\x1b]8;;\x07\x1b[m\x1b[K]\n'}
[323.664256] (sllidar_ros2) StderrLine: {'line': b'  324 |     sl_u8  payload[\x1b[01;35m\x1b[K0\x1b[m\x1b[K];\n'}
[323.665026] (sllidar_ros2) StderrLine: {'line': b'      |                    \x1b[01;35m\x1b[K^\x1b[m\x1b[K\n'}
[323.698305] (-) TimerEvent: {}
[323.799401] (-) TimerEvent: {}
[323.900411] (-) TimerEvent: {}
[324.001517] (-) TimerEvent: {}
[324.102507] (-) TimerEvent: {}
[324.203603] (-) TimerEvent: {}
[324.304503] (-) TimerEvent: {}
[324.377517] (sllidar_ros2) StderrLine: {'line': b'\x1b[01m\x1b[K/home/robot/robot_ws/src/sllidar_ros2/sdk/src/rplidar_driver.cpp:\x1b[m\x1b[K In member function \xe2\x80\x98\x1b[01m\x1b[Ku_result rp::standalone::rplidar::RPlidarDriver::connect(const char*, _u32, _u32)\x1b[m\x1b[K\xe2\x80\x99:\n'}
[324.740764] (-) TimerEvent: {}
[324.741696] (sllidar_ros2) StderrLine: {'line': b'\x1b[01m\x1b[K/home/robot/robot_ws/src/sllidar_ros2/sdk/src/rplidar_driver.cpp:67:77:\x1b[m\x1b[K \x1b[01;35m\x1b[Kwarning: \x1b[m\x1b[Kunused parameter \xe2\x80\x98\x1b[01m\x1b[Kflag\x1b[m\x1b[K\xe2\x80\x99 [\x1b[01;35m\x1b[K\x1b]8;;https://gcc.gnu.org/onlinedocs/gcc/Warning-Options.html#index-Wunused-parameter\x07-Wunused-parameter\x1b]8;;\x07\x1b[m\x1b[K]\n'}
[324.742944] (sllidar_ros2) StderrLine: {'line': b'   67 | lt RPlidarDriver::connect(const char *path, _u32 portOrBaud, \x1b[01;35m\x1b[K_u32 flag\x1b[m\x1b[K)\n'}
[324.743933] (sllidar_ros2) StderrLine: {'line': b'      |                                                              \x1b[01;35m\x1b[K~~~~~^~~~\x1b[m\x1b[K\n'}
[324.744899] (sllidar_ros2) StderrLine: {'line': b'\n'}
[324.745961] (sllidar_ros2) StderrLine: {'line': b'\x1b[01m\x1b[K/home/robot/robot_ws/src/sllidar_ros2/sdk/src/rplidar_driver.cpp:\x1b[m\x1b[K In member function \xe2\x80\x98\x1b[01m\x1b[Ku_result rp::standalone::rplidar::RPlidarDriver::reset(_u32)\x1b[m\x1b[K\xe2\x80\x99:\n'}
[324.747130] (sllidar_ros2) StderrLine: {'line': b'\x1b[01m\x1b[K/home/robot/robot_ws/src/sllidar_ros2/sdk/src/rplidar_driver.cpp:101:40:\x1b[m\x1b[K \x1b[01;35m\x1b[Kwarning: \x1b[m\x1b[Kunused parameter \xe2\x80\x98\x1b[01m\x1b[Ktimeout\x1b[m\x1b[K\xe2\x80\x99 [\x1b[01;35m\x1b[K\x1b]8;;https://gcc.gnu.org/onlinedocs/gcc/Warning-Options.html#index-Wunused-parameter\x07-Wunused-parameter\x1b]8;;\x07\x1b[m\x1b[K]\n'}
[324.748488] (sllidar_ros2) StderrLine: {'line': b'  101 |     u_result RPlidarDriver::reset(\x1b[01;35m\x1b[K_u32 timeout\x1b[m\x1b[K)\n'}
[324.749705] (sllidar_ros2) StderrLine: {'line': b'      |                                   \x1b[01;35m\x1b[K~~~~~^~~~~~~\x1b[m\x1b[K\n'}
[324.750594] (sllidar_ros2) StderrLine: {'line': b'\x1b[01m\x1b[K/home/robot/robot_ws/src/sllidar_ros2/sdk/src/rplidar_driver.cpp:\x1b[m\x1b[K In member function \xe2\x80\x98\x1b[01m\x1b[Ku_result rp::standalone::rplidar::RPlidarDriver::getScanDataWithInterval(rplidar_response_measurement_node_t*, size_t&)\x1b[m\x1b[K\xe2\x80\x99:\n'}
[324.751917] (sllidar_ros2) StderrLine: {'line': b'\x1b[01m\x1b[K/home/robot/robot_ws/src/sllidar_ros2/sdk/src/rplidar_driver.cpp:180:91:\x1b[m\x1b[K \x1b[01;35m\x1b[Kwarning: \x1b[m\x1b[Kunused parameter \xe2\x80\x98\x1b[01m\x1b[Knodebuffer\x1b[m\x1b[K\xe2\x80\x99 [\x1b[01;35m\x1b[K\x1b]8;;https://gcc.gnu.org/onlinedocs/gcc/Warning-Options.html#index-Wunused-parameter\x07-Wunused-parameter\x1b]8;;\x07\x1b[m\x1b[K]\n'}
[324.752630] (sllidar_ros2) StderrLine: {'line': b'  180 | tScanDataWithInterval(\x1b[01;35m\x1b[Krplidar_response_measurement_node_t * nodebuffer\x1b[m\x1b[K, size_t & count)\n'}
[324.753392] (sllidar_ros2) StderrLine: {'line': b'      |                       \x1b[01;35m\x1b[K~~~~~~~~~~~~~~~~~~~~~~~~~~~~~~~~~~~~~~^~~~~~~~~~\x1b[m\x1b[K\n'}
[324.754041] (sllidar_ros2) StderrLine: {'line': b'\n'}
[324.754577] (sllidar_ros2) StderrLine: {'line': b'\x1b[01m\x1b[K/home/robot/robot_ws/src/sllidar_ros2/sdk/src/rplidar_driver.cpp:180:112:\x1b[m\x1b[K \x1b[01;35m\x1b[Kwarning: \x1b[m\x1b[Kunused parameter \xe2\x80\x98\x1b[01m\x1b[Kcount\x1b[m\x1b[K\xe2\x80\x99 [\x1b[01;35m\x1b[K\x1b]8;;https://gcc.gnu.org/onlinedocs/gcc/Warning-Options.html#index-Wunused-parameter\x07-Wunused-parameter\x1b]8;;\x07\x1b[m\x1b[K]\n'}
[324.755240] (sllidar_ros2) StderrLine: {'line': b'  180 | erval(rplidar_response_measurement_node_t * nodebuffer, \x1b[01;35m\x1b[Ksize_t & count\x1b[m\x1b[K)\n'}
[324.755838] (sllidar_ros2) StderrLine: {'line': b'      |                                                         \x1b[01;35m\x1b[K~~~~~~~~~^~~~~\x1b[m\x1b[K\n'}
[324.756429] (sllidar_ros2) StderrLine: {'line': b'\n'}
[324.841026] (-) TimerEvent: {}
[324.942228] (-) TimerEvent: {}
[325.595957] (-) TimerEvent: {}
[328.445972] (-) TimerEvent: {}
[328.546890] (-) TimerEvent: {}
[328.648099] (-) TimerEvent: {}
[328.749221] (-) TimerEvent: {}
[328.850339] (-) TimerEvent: {}
[328.951484] (-) TimerEvent: {}
[329.052559] (-) TimerEvent: {}
[329.153718] (-) TimerEvent: {}
[329.254734] (-) TimerEvent: {}
[329.355755] (-) TimerEvent: {}
[329.431683] (sllidar_ros2) StdoutLine: {'line': b'[ 90%] \x1b[32m\x1b[1mLinking CXX executable sllidar_node\x1b[0m\n'}
[329.456045] (-) TimerEvent: {}
[329.556946] (-) TimerEvent: {}
[329.657980] (-) TimerEvent: {}
[329.759044] (-) TimerEvent: {}
[329.860452] (-) TimerEvent: {}
[329.961564] (-) TimerEvent: {}
[330.062774] (-) TimerEvent: {}
[330.267706] (-) TimerEvent: {}
[330.368953] (-) TimerEvent: {}
[330.470151] (-) TimerEvent: {}
[330.571310] (-) TimerEvent: {}
[330.672225] (-) TimerEvent: {}
[330.773399] (-) TimerEvent: {}
[330.874455] (-) TimerEvent: {}
[331.094585] (-) TimerEvent: {}
[331.195767] (-) TimerEvent: {}
[331.297093] (-) TimerEvent: {}
[331.398279] (-) TimerEvent: {}
[331.635423] (-) TimerEvent: {}
[331.736575] (-) TimerEvent: {}
[331.951887] (-) TimerEvent: {}
[332.053526] (-) TimerEvent: {}
[332.154810] (-) TimerEvent: {}
[332.256809] (-) TimerEvent: {}
[332.365110] (-) TimerEvent: {}
[332.466482] (-) TimerEvent: {}
[332.567836] (-) TimerEvent: {}
[332.669088] (-) TimerEvent: {}
[332.770488] (-) TimerEvent: {}
[332.871361] (-) TimerEvent: {}
[332.972143] (-) TimerEvent: {}
[333.073503] (-) TimerEvent: {}
[333.174492] (-) TimerEvent: {}
[333.275291] (-) TimerEvent: {}
[333.355084] (sllidar_ros2) StdoutLine: {'line': b'[ 90%] Built target sllidar_node\n'}
[333.375498] (-) TimerEvent: {}
[333.462937] (sllidar_ros2) StdoutLine: {'line': b'[ 95%] \x1b[32mBuilding CXX object CMakeFiles/sllidar_client.dir/src/sllidar_client.cpp.o\x1b[0m\n'}
[333.475752] (-) TimerEvent: {}
[333.576826] (-) TimerEvent: {}
[333.677638] (-) TimerEvent: {}
[333.778421] (-) TimerEvent: {}
[333.879202] (-) TimerEvent: {}
[333.980043] (-) TimerEvent: {}
[334.080839] (-) TimerEvent: {}
[334.181679] (-) TimerEvent: {}
[334.680239] (-) TimerEvent: {}
[334.781027] (-) TimerEvent: {}
[334.881878] (-) TimerEvent: {}
[334.982686] (-) TimerEvent: {}
[335.083541] (-) TimerEvent: {}
[335.184348] (-) TimerEvent: {}
[335.285159] (-) TimerEvent: {}
[335.386195] (-) TimerEvent: {}
[335.487059] (-) TimerEvent: {}
[335.732580] (-) TimerEvent: {}
[335.833531] (-) TimerEvent: {}
[335.934372] (-) TimerEvent: {}
[336.035243] (-) TimerEvent: {}
[336.136273] (-) TimerEvent: {}
[336.237392] (-) TimerEvent: {}
[336.338340] (-) TimerEvent: {}
[336.439326] (-) TimerEvent: {}
[336.540328] (-) TimerEvent: {}
[336.641283] (-) TimerEvent: {}
[336.742376] (-) TimerEvent: {}
[336.843271] (-) TimerEvent: {}
[336.944322] (-) TimerEvent: {}
[337.045280] (-) TimerEvent: {}
[337.146206] (-) TimerEvent: {}
[337.247309] (-) TimerEvent: {}
[337.348231] (-) TimerEvent: {}
[337.449163] (-) TimerEvent: {}
[337.550085] (-) TimerEvent: {}
[337.651083] (-) TimerEvent: {}
[337.751951] (-) TimerEvent: {}
[337.852868] (-) TimerEvent: {}
[337.953861] (-) TimerEvent: {}
[338.054757] (-) TimerEvent: {}
[338.156128] (-) TimerEvent: {}
[338.258041] (-) TimerEvent: {}
[338.359007] (-) TimerEvent: {}
[338.460133] (-) TimerEvent: {}
[338.561060] (-) TimerEvent: {}
[338.661994] (-) TimerEvent: {}
[338.763055] (-) TimerEvent: {}
[338.863944] (-) TimerEvent: {}
[338.964810] (-) TimerEvent: {}
[339.065787] (-) TimerEvent: {}
[339.166667] (-) TimerEvent: {}
[339.267555] (-) TimerEvent: {}
[339.368579] (-) TimerEvent: {}
[339.469496] (-) TimerEvent: {}
[339.570420] (-) TimerEvent: {}
[339.671310] (-) TimerEvent: {}
[339.772190] (-) TimerEvent: {}
[339.873071] (-) TimerEvent: {}
[339.974006] (-) TimerEvent: {}
[340.074863] (-) TimerEvent: {}
[340.175763] (-) TimerEvent: {}
[340.276643] (-) TimerEvent: {}
[340.377603] (-) TimerEvent: {}
[340.478500] (-) TimerEvent: {}
[340.579418] (-) TimerEvent: {}
[340.680470] (-) TimerEvent: {}
[340.781431] (-) TimerEvent: {}
[340.882314] (-) TimerEvent: {}
[340.983211] (-) TimerEvent: {}
[342.026374] (-) TimerEvent: {}
[342.127432] (-) TimerEvent: {}
[342.228632] (-) TimerEvent: {}
[342.329685] (-) TimerEvent: {}
[342.430588] (-) TimerEvent: {}
[342.531567] (-) TimerEvent: {}
[342.632498] (-) TimerEvent: {}
[342.733466] (-) TimerEvent: {}
[342.834430] (-) TimerEvent: {}
[342.935335] (-) TimerEvent: {}
[343.036244] (-) TimerEvent: {}
[343.405903] (-) TimerEvent: {}
[343.506943] (-) TimerEvent: {}
[343.607903] (-) TimerEvent: {}
[343.708865] (-) TimerEvent: {}
[343.809803] (-) TimerEvent: {}
[343.910780] (-) TimerEvent: {}
[344.038832] (-) TimerEvent: {}
[344.139854] (-) TimerEvent: {}
[344.241190] (-) TimerEvent: {}
[344.342781] (-) TimerEvent: {}
[344.443726] (-) TimerEvent: {}
[344.623979] (-) TimerEvent: {}
[344.724907] (-) TimerEvent: {}
[344.825903] (-) TimerEvent: {}
[344.926829] (-) TimerEvent: {}
[345.027787] (-) TimerEvent: {}
[345.128720] (-) TimerEvent: {}
[345.229792] (-) TimerEvent: {}
[345.330725] (-) TimerEvent: {}
[345.431661] (-) TimerEvent: {}
[345.532652] (-) TimerEvent: {}
[345.633642] (-) TimerEvent: {}
[345.734537] (-) TimerEvent: {}
[345.835418] (-) TimerEvent: {}
[345.936366] (-) TimerEvent: {}
[346.037303] (-) TimerEvent: {}
[346.138239] (-) TimerEvent: {}
[346.239381] (-) TimerEvent: {}
[346.340358] (-) TimerEvent: {}
[346.557642] (-) TimerEvent: {}
[348.885678] (-) TimerEvent: {}
[348.986643] (-) TimerEvent: {}
[349.152579] (-) TimerEvent: {}
[349.253975] (-) TimerEvent: {}
[349.443816] (-) TimerEvent: {}
[349.544746] (-) TimerEvent: {}
[349.645719] (-) TimerEvent: {}
[349.746630] (-) TimerEvent: {}
[349.847676] (-) TimerEvent: {}
[349.948706] (-) TimerEvent: {}
[350.049823] (-) TimerEvent: {}
[350.150778] (-) TimerEvent: {}
[350.251915] (-) TimerEvent: {}
[350.352836] (-) TimerEvent: {}
[350.533016] (-) TimerEvent: {}
[350.633967] (-) TimerEvent: {}
[350.778203] (-) TimerEvent: {}
[350.903168] (-) TimerEvent: {}
[351.013147] (-) TimerEvent: {}
[351.123682] (-) TimerEvent: {}
[351.243010] (-) TimerEvent: {}
[351.344226] (-) TimerEvent: {}
[351.445145] (-) TimerEvent: {}
[351.546126] (-) TimerEvent: {}
[351.647053] (-) TimerEvent: {}
[351.747988] (-) TimerEvent: {}
[351.878501] (-) TimerEvent: {}
[351.989477] (-) TimerEvent: {}
[352.101396] (-) TimerEvent: {}
[352.222052] (-) TimerEvent: {}
[352.323069] (-) TimerEvent: {}
[352.424099] (-) TimerEvent: {}
[352.554182] (-) TimerEvent: {}
[352.655127] (-) TimerEvent: {}
[352.798455] (-) TimerEvent: {}
[353.139244] (-) TimerEvent: {}
[353.254829] (-) TimerEvent: {}
[353.372085] (-) TimerEvent: {}
[353.490881] (-) TimerEvent: {}
[353.591771] (-) TimerEvent: {}
[353.692680] (-) TimerEvent: {}
[353.793583] (-) TimerEvent: {}
[353.894456] (-) TimerEvent: {}
[353.995483] (-) TimerEvent: {}
[354.122629] (-) TimerEvent: {}
[354.223644] (-) TimerEvent: {}
[354.357425] (-) TimerEvent: {}
[354.458289] (-) TimerEvent: {}
[354.587258] (-) TimerEvent: {}
[354.704706] (-) TimerEvent: {}
[354.824055] (-) TimerEvent: {}
[354.974868] (-) TimerEvent: {}
[355.075768] (-) TimerEvent: {}
[355.176681] (-) TimerEvent: {}
[355.323781] (-) TimerEvent: {}
[355.425454] (-) TimerEvent: {}
[355.580708] (-) TimerEvent: {}
[355.681631] (-) TimerEvent: {}
[355.814448] (-) TimerEvent: {}
[355.915309] (-) TimerEvent: {}
[356.190826] (-) TimerEvent: {}
[356.291947] (-) TimerEvent: {}
[356.449474] (-) TimerEvent: {}
[356.550368] (-) TimerEvent: {}
[356.651258] (-) TimerEvent: {}
[356.752142] (-) TimerEvent: {}
[356.951903] (-) TimerEvent: {}
[357.052785] (-) TimerEvent: {}
[357.153749] (-) TimerEvent: {}
[357.386324] (-) TimerEvent: {}
[357.535145] (-) TimerEvent: {}
[357.636085] (-) TimerEvent: {}
[357.737021] (-) TimerEvent: {}
[357.838122] (-) TimerEvent: {}
[357.997312] (-) TimerEvent: {}
[358.098241] (-) TimerEvent: {}
[358.289923] (-) TimerEvent: {}
[358.392322] (-) TimerEvent: {}
[358.495543] (-) TimerEvent: {}
[358.597759] (-) TimerEvent: {}
[358.700290] (-) TimerEvent: {}
[358.802811] (-) TimerEvent: {}
[358.905183] (-) TimerEvent: {}
[359.007716] (-) TimerEvent: {}
[359.109936] (-) TimerEvent: {}
[359.212787] (-) TimerEvent: {}
[359.315934] (-) TimerEvent: {}
[359.419267] (-) TimerEvent: {}
[359.522402] (-) TimerEvent: {}
[359.625810] (-) TimerEvent: {}
[359.728534] (-) TimerEvent: {}
[359.833560] (-) TimerEvent: {}
[359.934778] (-) TimerEvent: {}
[360.036188] (-) TimerEvent: {}
[360.138100] (-) TimerEvent: {}
[360.240119] (-) TimerEvent: {}
[360.342177] (-) TimerEvent: {}
[360.850161] (-) TimerEvent: {}
[360.952890] (-) TimerEvent: {}
[361.054169] (-) TimerEvent: {}
[361.155402] (-) TimerEvent: {}
[361.257221] (-) TimerEvent: {}
[361.358245] (-) TimerEvent: {}
[361.459394] (-) TimerEvent: {}
[361.560479] (-) TimerEvent: {}
[361.662090] (-) TimerEvent: {}
[361.763011] (-) TimerEvent: {}
[361.864065] (-) TimerEvent: {}
[361.964977] (-) TimerEvent: {}
[362.065932] (-) TimerEvent: {}
[362.166927] (-) TimerEvent: {}
[362.268022] (-) TimerEvent: {}
[362.369163] (-) TimerEvent: {}
[362.470848] (-) TimerEvent: {}
[362.571914] (-) TimerEvent: {}
[362.673042] (-) TimerEvent: {}
[362.774787] (-) TimerEvent: {}
[362.876998] (-) TimerEvent: {}
[362.978505] (-) TimerEvent: {}
[363.079881] (-) TimerEvent: {}
[363.180755] (-) TimerEvent: {}
[363.281580] (-) TimerEvent: {}
[363.382467] (-) TimerEvent: {}
[363.483532] (-) TimerEvent: {}
[363.584434] (-) TimerEvent: {}
[363.685523] (-) TimerEvent: {}
[363.786574] (-) TimerEvent: {}
[363.888064] (-) TimerEvent: {}
[363.989025] (-) TimerEvent: {}
[364.090095] (-) TimerEvent: {}
[364.191040] (-) TimerEvent: {}
[364.292148] (-) TimerEvent: {}
[364.393695] (-) TimerEvent: {}
[364.494577] (-) TimerEvent: {}
[364.595472] (-) TimerEvent: {}
[364.696437] (-) TimerEvent: {}
[364.797979] (-) TimerEvent: {}
[364.899038] (-) TimerEvent: {}
[365.000805] (-) TimerEvent: {}
[365.102080] (-) TimerEvent: {}
[365.203099] (-) TimerEvent: {}
[365.304131] (-) TimerEvent: {}
[365.405160] (-) TimerEvent: {}
[365.506301] (-) TimerEvent: {}
[365.607349] (-) TimerEvent: {}
[365.708550] (-) TimerEvent: {}
[365.810264] (-) TimerEvent: {}
[365.911160] (-) TimerEvent: {}
[366.012125] (-) TimerEvent: {}
[366.112974] (-) TimerEvent: {}
[366.213981] (-) TimerEvent: {}
[366.315378] (-) TimerEvent: {}
[366.417125] (-) TimerEvent: {}
[366.519235] (-) TimerEvent: {}
[366.620830] (-) TimerEvent: {}
[366.721869] (-) TimerEvent: {}
[366.822759] (-) TimerEvent: {}
[366.925788] (-) TimerEvent: {}
[367.027123] (-) TimerEvent: {}
[367.128143] (-) TimerEvent: {}
[367.229419] (-) TimerEvent: {}
[367.330276] (-) TimerEvent: {}
[368.511178] (-) TimerEvent: {}
[368.612198] (-) TimerEvent: {}
[368.713172] (-) TimerEvent: {}
[368.814263] (-) TimerEvent: {}
[368.915204] (-) TimerEvent: {}
[369.016328] (-) TimerEvent: {}
[369.117224] (-) TimerEvent: {}
[369.218362] (-) TimerEvent: {}
[369.319311] (-) TimerEvent: {}
[369.420186] (-) TimerEvent: {}
[369.521157] (-) TimerEvent: {}
[369.622056] (-) TimerEvent: {}
[369.722889] (-) TimerEvent: {}
[369.823745] (-) TimerEvent: {}
[369.924687] (-) TimerEvent: {}
[370.025630] (-) TimerEvent: {}
[370.126607] (-) TimerEvent: {}
[370.228024] (-) TimerEvent: {}
[370.330160] (-) TimerEvent: {}
[370.432163] (-) TimerEvent: {}
[370.636899] (-) TimerEvent: {}
[370.737971] (-) TimerEvent: {}
[370.918417] (-) TimerEvent: {}
[371.019263] (-) TimerEvent: {}
[371.120209] (-) TimerEvent: {}
[371.221308] (-) TimerEvent: {}
[371.322276] (-) TimerEvent: {}
[371.423494] (-) TimerEvent: {}
[371.524429] (-) TimerEvent: {}
[371.625418] (-) TimerEvent: {}
[371.726286] (-) TimerEvent: {}
[371.827199] (-) TimerEvent: {}
[371.928214] (-) TimerEvent: {}
[372.029369] (-) TimerEvent: {}
[372.130308] (-) TimerEvent: {}
[372.231973] (-) TimerEvent: {}
[372.332881] (-) TimerEvent: {}
[372.433808] (-) TimerEvent: {}
[372.534706] (-) TimerEvent: {}
[372.635874] (-) TimerEvent: {}
[372.736743] (-) TimerEvent: {}
[372.837617] (-) TimerEvent: {}
[372.938550] (-) TimerEvent: {}
[373.039544] (-) TimerEvent: {}
[373.140435] (-) TimerEvent: {}
[373.241383] (-) TimerEvent: {}
[373.342237] (-) TimerEvent: {}
[373.443129] (-) TimerEvent: {}
[373.544023] (-) TimerEvent: {}
[373.644868] (-) TimerEvent: {}
[373.745764] (-) TimerEvent: {}
[373.846659] (-) TimerEvent: {}
[373.947522] (-) TimerEvent: {}
[374.048406] (-) TimerEvent: {}
[374.149467] (-) TimerEvent: {}
[374.252004] (-) TimerEvent: {}
[374.352954] (-) TimerEvent: {}
[374.453920] (-) TimerEvent: {}
[374.554782] (-) TimerEvent: {}
[374.655633] (-) TimerEvent: {}
[374.756485] (-) TimerEvent: {}
[374.857392] (-) TimerEvent: {}
[374.958234] (-) TimerEvent: {}
[375.059092] (-) TimerEvent: {}
[375.160063] (-) TimerEvent: {}
[375.261734] (-) TimerEvent: {}
[375.362829] (-) TimerEvent: {}
[375.463991] (-) TimerEvent: {}
[375.565667] (-) TimerEvent: {}
[375.667266] (-) TimerEvent: {}
[375.768328] (-) TimerEvent: {}
[392.514467] (-) TimerEvent: {}
[392.615512] (-) TimerEvent: {}
[392.706849] (sllidar_ros2) StdoutLine: {'line': b'[100%] \x1b[32m\x1b[1mLinking CXX executable sllidar_client\x1b[0m\n'}
[392.715817] (-) TimerEvent: {}
[392.817300] (-) TimerEvent: {}
[392.918600] (-) TimerEvent: {}
[393.020099] (-) TimerEvent: {}
[393.121576] (-) TimerEvent: {}
[393.223147] (-) TimerEvent: {}
[393.324543] (-) TimerEvent: {}
[393.425538] (-) TimerEvent: {}
[393.530591] (-) TimerEvent: {}
[393.633289] (-) TimerEvent: {}
[393.734761] (-) TimerEvent: {}
[393.836919] (-) TimerEvent: {}
[393.939821] (-) TimerEvent: {}
[394.046173] (-) TimerEvent: {}
[394.150637] (-) TimerEvent: {}
[394.255588] (-) TimerEvent: {}
[394.360987] (-) TimerEvent: {}
[394.463865] (-) TimerEvent: {}
[394.566401] (-) TimerEvent: {}
[394.669313] (-) TimerEvent: {}
[394.773491] (-) TimerEvent: {}
[394.878015] (-) TimerEvent: {}
[394.980779] (-) TimerEvent: {}
[395.082376] (-) TimerEvent: {}
[395.184924] (-) TimerEvent: {}
[395.285798] (-) TimerEvent: {}
[395.387118] (-) TimerEvent: {}
[395.513233] (-) TimerEvent: {}
[395.614150] (-) TimerEvent: {}
[395.716293] (-) TimerEvent: {}
[395.795218] (sllidar_ros2) StdoutLine: {'line': b'[100%] Built target sllidar_client\n'}
[395.816545] (-) TimerEvent: {}
[395.852415] (sllidar_ros2) CommandEnded: {'returncode': 0}
[395.860389] (sllidar_ros2) JobProgress: {'identifier': 'sllidar_ros2', 'progress': 'install'}
[395.864290] (sllidar_ros2) Command: {'cmd': ['/usr/bin/cmake', '--install', '/home/robot/robot_ws/build/sllidar_ros2'], 'cwd': '/home/robot/robot_ws/build/sllidar_ros2', 'env': OrderedDict([('LESSOPEN', '| /usr/bin/lesspipe %s'), ('AI_AGENT', 'github_copilot_vscode_agent'), ('USER', 'robot'), ('SSH_CLIENT', '192.168.61.78 54900 22'), ('GIT_EDITOR', ':'), ('XDG_SESSION_TYPE', 'tty'), ('GIT_ASKPASS', '/home/robot/.vscode-server/cli/servers/Stable-e4c7e7b1d6d060162f4aa7f8225271b67ce1df75/server/extensions/git/dist/askpass.sh'), ('SHLVL', '1'), ('LD_LIBRARY_PATH', '/home/robot/robot_ws/install/vision_msgs/lib:/opt/ros/humble/opt/rviz_ogre_vendor/lib:/opt/ros/humble/lib/aarch64-linux-gnu:/opt/ros/humble/lib'), ('COPILOT_AGENT', '1'), ('BROWSER', '/home/robot/.vscode-server/cli/servers/Stable-e4c7e7b1d6d060162f4aa7f8225271b67ce1df75/server/bin/helpers/browser.sh'), ('MOTD_SHOWN', 'pam'), ('HOME', '/home/robot'), ('OLDPWD', '/home/robot/robot_ws'), ('TERM_PROGRAM_VERSION', '1.131.0'), ('VSCODE_IPC_HOOK_CLI', '/run/user/1000/vscode-ipc-c2b19606-0da0-4d80-a718-838dd44b1f0e.sock'), ('ROS_PYTHON_VERSION', '3'), ('VSCODE_GIT_ASKPASS_MAIN', '/home/robot/.vscode-server/cli/servers/Stable-e4c7e7b1d6d060162f4aa7f8225271b67ce1df75/server/extensions/git/dist/askpass-main.js'), ('VSCODE_GIT_ASKPASS_NODE', '/home/robot/.vscode-server/cli/servers/Stable-e4c7e7b1d6d060162f4aa7f8225271b67ce1df75/server/node'), ('VSCODE_PYTHON_AUTOACTIVATE_GUARD', '1'), ('DBUS_SESSION_BUS_ADDRESS', 'unix:path=/run/user/1000/bus'), ('COLORTERM', 'truecolor'), ('COLCON_PREFIX_PATH', '/home/robot/robot_ws/install'), ('ROS_DISTRO', 'humble'), ('LOGNAME', 'robot'), ('_', '/usr/bin/colcon'), ('ROS_VERSION', '2'), ('XDG_SESSION_CLASS', 'user'), ('TERM', 'xterm-256color'), ('XDG_SESSION_ID', '1'), ('ROS_LOCALHOST_ONLY', '1'), ('HISTCONTROL', 'ignorespace'), ('PATH', '/opt/ros/humble/bin:/home/robot/.vscode-server/data/User/globalStorage/github.copilot-chat/debugCommand:/home/robot/.vscode-server/data/User/globalStorage/github.copilot-chat/copilotCli:/home/robot/.vscode-server/cli/servers/Stable-e4c7e7b1d6d060162f4aa7f8225271b67ce1df75/server/bin/remote-cli:/usr/local/sbin:/usr/local/bin:/usr/sbin:/usr/bin:/sbin:/bin:/usr/games:/usr/local/games:/snap/bin'), ('XDG_RUNTIME_DIR', '/run/user/1000'), ('LANG', 'en_US.UTF-8'), ('RMW_IMPLEMENTATION', 'rmw_cyclonedds_cpp'), ('LS_COLORS', 'rs=0:di=01;34:ln=01;36:mh=00:pi=40;33:so=01;35:do=01;35:bd=40;33;01:cd=40;33;01:or=40;31;01:mi=00:su=37;41:sg=30;43:ca=30;41:tw=30;42:ow=34;42:st=37;44:ex=01;32:*.tar=01;31:*.tgz=01;31:*.arc=01;31:*.arj=01;31:*.taz=01;31:*.lha=01;31:*.lz4=01;31:*.lzh=01;31:*.lzma=01;31:*.tlz=01;31:*.txz=01;31:*.tzo=01;31:*.t7z=01;31:*.zip=01;31:*.z=01;31:*.dz=01;31:*.gz=01;31:*.lrz=01;31:*.lz=01;31:*.lzo=01;31:*.xz=01;31:*.zst=01;31:*.tzst=01;31:*.bz2=01;31:*.bz=01;31:*.tbz=01;31:*.tbz2=01;31:*.tz=01;31:*.deb=01;31:*.rpm=01;31:*.jar=01;31:*.war=01;31:*.ear=01;31:*.sar=01;31:*.rar=01;31:*.alz=01;31:*.ace=01;31:*.zoo=01;31:*.cpio=01;31:*.7z=01;31:*.rz=01;31:*.cab=01;31:*.wim=01;31:*.swm=01;31:*.dwm=01;31:*.esd=01;31:*.jpg=01;35:*.jpeg=01;35:*.mjpg=01;35:*.mjpeg=01;35:*.gif=01;35:*.bmp=01;35:*.pbm=01;35:*.pgm=01;35:*.ppm=01;35:*.tga=01;35:*.xbm=01;35:*.xpm=01;35:*.tif=01;35:*.tiff=01;35:*.png=01;35:*.svg=01;35:*.svgz=01;35:*.mng=01;35:*.pcx=01;35:*.mov=01;35:*.mpg=01;35:*.mpeg=01;35:*.m2v=01;35:*.mkv=01;35:*.webm=01;35:*.webp=01;35:*.ogm=01;35:*.mp4=01;35:*.m4v=01;35:*.mp4v=01;35:*.vob=01;35:*.qt=01;35:*.nuv=01;35:*.wmv=01;35:*.asf=01;35:*.rm=01;35:*.rmvb=01;35:*.flc=01;35:*.avi=01;35:*.fli=01;35:*.flv=01;35:*.gl=01;35:*.dl=01;35:*.xcf=01;35:*.xwd=01;35:*.yuv=01;35:*.cgm=01;35:*.emf=01;35:*.ogv=01;35:*.ogx=01;35:*.aac=00;36:*.au=00;36:*.flac=00;36:*.m4a=00;36:*.mid=00;36:*.midi=00;36:*.mka=00;36:*.mp3=00;36:*.mpc=00;36:*.ogg=00;36:*.ra=00;36:*.wav=00;36:*.oga=00;36:*.opus=00;36:*.spx=00;36:*.xspf=00;36:'), ('VSCODE_GIT_IPC_HANDLE', '/run/user/1000/vscode-git-ff69577006.sock'), ('TERM_PROGRAM', 'vscode'), ('ROS_DOMAIN_ID', '0'), ('AMENT_PREFIX_PATH', '/home/robot/robot_ws/install/web_bridge:/home/robot/robot_ws/install/vision_ai_node:/home/robot/robot_ws/install/vision_msgs:/home/robot/robot_ws/install/robot_bringup:/home/robot/robot_ws/install/sllidar_ros2:/home/robot/robot_ws/install/robot_serial:/home/robot/robot_ws/install/robot_description:/home/robot/robot_ws/install/robot_ai:/home/robot/robot_ws/install/camera_node:/opt/ros/humble'), ('DEBIAN_FRONTEND', 'noninteractive'), ('SHELL', '/bin/bash'), ('LESSCLOSE', '/usr/bin/lesspipe %s %s'), ('VSCODE_GIT_ASKPASS_EXTRA_ARGS', ''), ('GIT_PAGER', 'cat'), ('PWD', '/home/robot/robot_ws/build/sllidar_ros2'), ('GIT_MERGE_AUTOEDIT', 'no'), ('LC_ALL', 'en_US.UTF-8'), ('COPILOT_DEBUG_NONCE', '01d717960648d8f44b00b727a54c38a1'), ('SSH_CONNECTION', '192.168.61.78 54900 192.168.61.135 22'), ('PYTHONPATH', '/home/robot/robot_ws/build/web_bridge:/home/robot/robot_ws/install/web_bridge/lib/python3.10/site-packages:/home/robot/robot_ws/build/vision_ai_node:/home/robot/robot_ws/install/vision_ai_node/lib/python3.10/site-packages:/home/robot/robot_ws/install/vision_msgs/local/lib/python3.10/dist-packages:/home/robot/robot_ws/build/robot_serial:/home/robot/robot_ws/install/robot_serial/lib/python3.10/site-packages:/home/robot/robot_ws/build/robot_ai:/home/robot/robot_ws/install/robot_ai/lib/python3.10/site-packages:/home/robot/robot_ws/build/camera_node:/home/robot/robot_ws/install/camera_node/lib/python3.10/site-packages:/opt/ros/humble/lib/python3.10/site-packages:/opt/ros/humble/local/lib/python3.10/dist-packages'), ('COLCON', '1'), ('CMAKE_PREFIX_PATH', '/home/robot/robot_ws/install/vision_msgs:/home/robot/robot_ws/install/robot_bringup:/home/robot/robot_ws/install/sllidar_ros2:/home/robot/robot_ws/install/robot_description:/home/robot/robot_ws/install/web_bridge:/home/robot/robot_ws/install/vision_ai_node:/home/robot/robot_ws/install/robot_serial:/home/robot/robot_ws/install/robot_ai:/home/robot/robot_ws/install/camera_node:/opt/ros/humble')]), 'shell': False}
[395.896840] (sllidar_ros2) StdoutLine: {'line': b'-- Install configuration: ""\n'}
[395.899103] (sllidar_ros2) StdoutLine: {'line': b'-- Execute custom install script\n'}
[395.904015] (sllidar_ros2) StdoutLine: {'line': b'-- Symlinking: /home/robot/robot_ws/install/sllidar_ros2/share/sllidar_ros2/launch/sllidar_a1_launch.py\n'}
[395.916762] (-) TimerEvent: {}
[395.944981] (sllidar_ros2) StdoutLine: {'line': b'-- Symlinking: /home/robot/robot_ws/install/sllidar_ros2/share/sllidar_ros2/launch/sllidar_a2m12_launch .py\n'}
[395.985615] (sllidar_ros2) StdoutLine: {'line': b'-- Symlinking: /home/robot/robot_ws/install/sllidar_ros2/share/sllidar_ros2/launch/sllidar_a2m7_launch.py\n'}
[396.017058] (-) TimerEvent: {}
[396.028562] (sllidar_ros2) StdoutLine: {'line': b'-- Symlinking: /home/robot/robot_ws/install/sllidar_ros2/share/sllidar_ros2/launch/sllidar_a2m8_launch.py\n'}
[396.076345] (sllidar_ros2) StdoutLine: {'line': b'-- Symlinking: /home/robot/robot_ws/install/sllidar_ros2/share/sllidar_ros2/launch/sllidar_a3_launch.py\n'}
[396.117360] (-) TimerEvent: {}
[396.125546] (sllidar_ros2) StdoutLine: {'line': b'-- Symlinking: /home/robot/robot_ws/install/sllidar_ros2/share/sllidar_ros2/launch/sllidar_c1_launch.py\n'}
[396.174437] (sllidar_ros2) StdoutLine: {'line': b'-- Symlinking: /home/robot/robot_ws/install/sllidar_ros2/share/sllidar_ros2/launch/sllidar_s1_launch.py\n'}
[396.217725] (-) TimerEvent: {}
[396.222179] (sllidar_ros2) StdoutLine: {'line': b'-- Symlinking: /home/robot/robot_ws/install/sllidar_ros2/share/sllidar_ros2/launch/sllidar_s1_tcp_launch.py\n'}
[396.270827] (sllidar_ros2) StdoutLine: {'line': b'-- Symlinking: /home/robot/robot_ws/install/sllidar_ros2/share/sllidar_ros2/launch/sllidar_s2_launch.py\n'}
[396.319814] (-) TimerEvent: {}
[396.322056] (sllidar_ros2) StdoutLine: {'line': b'-- Symlinking: /home/robot/robot_ws/install/sllidar_ros2/share/sllidar_ros2/launch/sllidar_s2e_launch.py\n'}
[396.371364] (sllidar_ros2) StdoutLine: {'line': b'-- Symlinking: /home/robot/robot_ws/install/sllidar_ros2/share/sllidar_ros2/launch/sllidar_s3_launch.py\n'}
[396.418881] (sllidar_ros2) StdoutLine: {'line': b'-- Symlinking: /home/robot/robot_ws/install/sllidar_ros2/share/sllidar_ros2/launch/sllidar_t1_launch.py\n'}
[396.419898] (-) TimerEvent: {}
[396.466235] (sllidar_ros2) StdoutLine: {'line': b'-- Symlinking: /home/robot/robot_ws/install/sllidar_ros2/share/sllidar_ros2/launch/view_sllidar_a1_launch.py\n'}
[396.507434] (sllidar_ros2) StdoutLine: {'line': b'-- Symlinking: /home/robot/robot_ws/install/sllidar_ros2/share/sllidar_ros2/launch/view_sllidar_a2m12_launch.py\n'}
[396.520394] (-) TimerEvent: {}
[396.554488] (sllidar_ros2) StdoutLine: {'line': b'-- Symlinking: /home/robot/robot_ws/install/sllidar_ros2/share/sllidar_ros2/launch/view_sllidar_a2m7_launch.py\n'}
[396.615538] (sllidar_ros2) StdoutLine: {'line': b'-- Symlinking: /home/robot/robot_ws/install/sllidar_ros2/share/sllidar_ros2/launch/view_sllidar_a2m8_launch.py\n'}
[396.620772] (-) TimerEvent: {}
[396.659944] (sllidar_ros2) StdoutLine: {'line': b'-- Symlinking: /home/robot/robot_ws/install/sllidar_ros2/share/sllidar_ros2/launch/view_sllidar_a3_launch.py\n'}
[396.703970] (sllidar_ros2) StdoutLine: {'line': b'-- Symlinking: /home/robot/robot_ws/install/sllidar_ros2/share/sllidar_ros2/launch/view_sllidar_c1_launch.py\n'}
[396.721038] (-) TimerEvent: {}
[396.747688] (sllidar_ros2) StdoutLine: {'line': b'-- Symlinking: /home/robot/robot_ws/install/sllidar_ros2/share/sllidar_ros2/launch/view_sllidar_s1_launch.py\n'}
[396.784978] (sllidar_ros2) StdoutLine: {'line': b'-- Symlinking: /home/robot/robot_ws/install/sllidar_ros2/share/sllidar_ros2/launch/view_sllidar_s1_tcp_launch.py\n'}
[396.821309] (-) TimerEvent: {}
[396.823427] (sllidar_ros2) StdoutLine: {'line': b'-- Symlinking: /home/robot/robot_ws/install/sllidar_ros2/share/sllidar_ros2/launch/view_sllidar_s2_launch.py\n'}
[396.864430] (sllidar_ros2) StdoutLine: {'line': b'-- Symlinking: /home/robot/robot_ws/install/sllidar_ros2/share/sllidar_ros2/launch/view_sllidar_s2e_launch.py\n'}
[396.907962] (sllidar_ros2) StdoutLine: {'line': b'-- Symlinking: /home/robot/robot_ws/install/sllidar_ros2/share/sllidar_ros2/launch/view_sllidar_s3_launch.py\n'}
[396.921549] (-) TimerEvent: {}
[396.979687] (sllidar_ros2) StdoutLine: {'line': b'-- Symlinking: /home/robot/robot_ws/install/sllidar_ros2/share/sllidar_ros2/launch/view_sllidar_t1_launch.py\n'}
[397.021774] (-) TimerEvent: {}
[397.026652] (sllidar_ros2) StdoutLine: {'line': b'-- Symlinking: /home/robot/robot_ws/install/sllidar_ros2/share/sllidar_ros2/rviz/sllidar_ros2.rviz\n'}
[397.066613] (sllidar_ros2) StdoutLine: {'line': b'-- Symlinking: /home/robot/robot_ws/install/sllidar_ros2/lib/sllidar_ros2/sllidar_node\n'}
[397.107847] (sllidar_ros2) StdoutLine: {'line': b'-- Symlinking: /home/robot/robot_ws/install/sllidar_ros2/lib/sllidar_ros2/sllidar_client\n'}
[397.122033] (-) TimerEvent: {}
[397.160731] (sllidar_ros2) StdoutLine: {'line': b'-- Symlinking: /home/robot/robot_ws/install/sllidar_ros2/share/ament_index/resource_index/package_run_dependencies/sllidar_ros2\n'}
[397.201598] (sllidar_ros2) StdoutLine: {'line': b'-- Symlinking: /home/robot/robot_ws/install/sllidar_ros2/share/ament_index/resource_index/parent_prefix_path/sllidar_ros2\n'}
[397.222255] (-) TimerEvent: {}
[397.240551] (sllidar_ros2) StdoutLine: {'line': b'-- Symlinking: /home/robot/robot_ws/install/sllidar_ros2/share/sllidar_ros2/environment/ament_prefix_path.sh\n'}
[397.297358] (sllidar_ros2) StdoutLine: {'line': b'-- Symlinking: /home/robot/robot_ws/install/sllidar_ros2/share/sllidar_ros2/environment/ament_prefix_path.dsv\n'}
[397.322470] (-) TimerEvent: {}
[397.342684] (sllidar_ros2) StdoutLine: {'line': b'-- Symlinking: /home/robot/robot_ws/install/sllidar_ros2/share/sllidar_ros2/environment/path.sh\n'}
[397.380960] (sllidar_ros2) StdoutLine: {'line': b'-- Symlinking: /home/robot/robot_ws/install/sllidar_ros2/share/sllidar_ros2/environment/path.dsv\n'}
[397.419760] (sllidar_ros2) StdoutLine: {'line': b'-- Symlinking: /home/robot/robot_ws/install/sllidar_ros2/share/sllidar_ros2/local_setup.bash\n'}
[397.422594] (-) TimerEvent: {}
[397.458438] (sllidar_ros2) StdoutLine: {'line': b'-- Symlinking: /home/robot/robot_ws/install/sllidar_ros2/share/sllidar_ros2/local_setup.sh\n'}
[397.499352] (sllidar_ros2) StdoutLine: {'line': b'-- Symlinking: /home/robot/robot_ws/install/sllidar_ros2/share/sllidar_ros2/local_setup.zsh\n'}
[397.522841] (-) TimerEvent: {}
[397.580287] (sllidar_ros2) StdoutLine: {'line': b'-- Symlinking: /home/robot/robot_ws/install/sllidar_ros2/share/sllidar_ros2/local_setup.dsv\n'}
[397.623089] (-) TimerEvent: {}
[397.625599] (sllidar_ros2) StdoutLine: {'line': b'-- Symlinking: /home/robot/robot_ws/install/sllidar_ros2/share/sllidar_ros2/package.dsv\n'}
[397.670191] (sllidar_ros2) StdoutLine: {'line': b'-- Symlinking: /home/robot/robot_ws/install/sllidar_ros2/share/ament_index/resource_index/packages/sllidar_ros2\n'}
[397.716334] (sllidar_ros2) StdoutLine: {'line': b'-- Symlinking: /home/robot/robot_ws/install/sllidar_ros2/share/sllidar_ros2/cmake/ament_cmake_export_dependencies-extras.cmake\n'}
[397.723414] (-) TimerEvent: {}
[397.765900] (sllidar_ros2) StdoutLine: {'line': b'-- Symlinking: /home/robot/robot_ws/install/sllidar_ros2/share/sllidar_ros2/cmake/ament_cmake_export_include_directories-extras.cmake\n'}
[397.804346] (sllidar_ros2) StdoutLine: {'line': b'-- Symlinking: /home/robot/robot_ws/install/sllidar_ros2/share/sllidar_ros2/cmake/sllidar_ros2Config.cmake\n'}
[397.823663] (-) TimerEvent: {}
[397.843200] (sllidar_ros2) StdoutLine: {'line': b'-- Symlinking: /home/robot/robot_ws/install/sllidar_ros2/share/sllidar_ros2/cmake/sllidar_ros2Config-version.cmake\n'}
[397.882270] (sllidar_ros2) StdoutLine: {'line': b'-- Symlinking: /home/robot/robot_ws/install/sllidar_ros2/share/sllidar_ros2/package.xml\n'}
[397.923856] (-) TimerEvent: {}
[397.962948] (sllidar_ros2) CommandEnded: {'returncode': 0}
[398.024893] (-) TimerEvent: {}
[398.040776] (sllidar_ros2) JobEnded: {'identifier': 'sllidar_ros2', 'rc': 0}
[398.051735] (robot_bringup) JobStarted: {'identifier': 'robot_bringup'}
[398.125256] (-) TimerEvent: {}
[398.477579] (robot_bringup) JobProgress: {'identifier': 'robot_bringup', 'progress': 'cmake'}
[398.477953] (-) TimerEvent: {}
[398.486854] (robot_bringup) Command: {'cmd': ['/usr/bin/cmake', '/home/robot/robot_ws/src/robot_bringup', '-DAMENT_CMAKE_SYMLINK_INSTALL=1', '-DCMAKE_INSTALL_PREFIX=/home/robot/robot_ws/install/robot_bringup'], 'cwd': '/home/robot/robot_ws/build/robot_bringup', 'env': OrderedDict([('LESSOPEN', '| /usr/bin/lesspipe %s'), ('AI_AGENT', 'github_copilot_vscode_agent'), ('USER', 'robot'), ('SSH_CLIENT', '192.168.61.78 54900 22'), ('GIT_EDITOR', ':'), ('XDG_SESSION_TYPE', 'tty'), ('GIT_ASKPASS', '/home/robot/.vscode-server/cli/servers/Stable-e4c7e7b1d6d060162f4aa7f8225271b67ce1df75/server/extensions/git/dist/askpass.sh'), ('SHLVL', '1'), ('LD_LIBRARY_PATH', '/home/robot/robot_ws/install/vision_msgs/lib:/opt/ros/humble/opt/rviz_ogre_vendor/lib:/opt/ros/humble/lib/aarch64-linux-gnu:/opt/ros/humble/lib'), ('COPILOT_AGENT', '1'), ('BROWSER', '/home/robot/.vscode-server/cli/servers/Stable-e4c7e7b1d6d060162f4aa7f8225271b67ce1df75/server/bin/helpers/browser.sh'), ('MOTD_SHOWN', 'pam'), ('HOME', '/home/robot'), ('OLDPWD', '/home/robot/robot_ws'), ('TERM_PROGRAM_VERSION', '1.131.0'), ('VSCODE_IPC_HOOK_CLI', '/run/user/1000/vscode-ipc-c2b19606-0da0-4d80-a718-838dd44b1f0e.sock'), ('ROS_PYTHON_VERSION', '3'), ('VSCODE_GIT_ASKPASS_MAIN', '/home/robot/.vscode-server/cli/servers/Stable-e4c7e7b1d6d060162f4aa7f8225271b67ce1df75/server/extensions/git/dist/askpass-main.js'), ('VSCODE_GIT_ASKPASS_NODE', '/home/robot/.vscode-server/cli/servers/Stable-e4c7e7b1d6d060162f4aa7f8225271b67ce1df75/server/node'), ('VSCODE_PYTHON_AUTOACTIVATE_GUARD', '1'), ('DBUS_SESSION_BUS_ADDRESS', 'unix:path=/run/user/1000/bus'), ('COLORTERM', 'truecolor'), ('COLCON_PREFIX_PATH', '/home/robot/robot_ws/install'), ('ROS_DISTRO', 'humble'), ('LOGNAME', 'robot'), ('_', '/usr/bin/colcon'), ('ROS_VERSION', '2'), ('XDG_SESSION_CLASS', 'user'), ('TERM', 'xterm-256color'), ('XDG_SESSION_ID', '1'), ('ROS_LOCALHOST_ONLY', '1'), ('HISTCONTROL', 'ignorespace'), ('PATH', '/opt/ros/humble/bin:/home/robot/.vscode-server/data/User/globalStorage/github.copilot-chat/debugCommand:/home/robot/.vscode-server/data/User/globalStorage/github.copilot-chat/copilotCli:/home/robot/.vscode-server/cli/servers/Stable-e4c7e7b1d6d060162f4aa7f8225271b67ce1df75/server/bin/remote-cli:/usr/local/sbin:/usr/local/bin:/usr/sbin:/usr/bin:/sbin:/bin:/usr/games:/usr/local/games:/snap/bin'), ('XDG_RUNTIME_DIR', '/run/user/1000'), ('LANG', 'en_US.UTF-8'), ('RMW_IMPLEMENTATION', 'rmw_cyclonedds_cpp'), ('LS_COLORS', 'rs=0:di=01;34:ln=01;36:mh=00:pi=40;33:so=01;35:do=01;35:bd=40;33;01:cd=40;33;01:or=40;31;01:mi=00:su=37;41:sg=30;43:ca=30;41:tw=30;42:ow=34;42:st=37;44:ex=01;32:*.tar=01;31:*.tgz=01;31:*.arc=01;31:*.arj=01;31:*.taz=01;31:*.lha=01;31:*.lz4=01;31:*.lzh=01;31:*.lzma=01;31:*.tlz=01;31:*.txz=01;31:*.tzo=01;31:*.t7z=01;31:*.zip=01;31:*.z=01;31:*.dz=01;31:*.gz=01;31:*.lrz=01;31:*.lz=01;31:*.lzo=01;31:*.xz=01;31:*.zst=01;31:*.tzst=01;31:*.bz2=01;31:*.bz=01;31:*.tbz=01;31:*.tbz2=01;31:*.tz=01;31:*.deb=01;31:*.rpm=01;31:*.jar=01;31:*.war=01;31:*.ear=01;31:*.sar=01;31:*.rar=01;31:*.alz=01;31:*.ace=01;31:*.zoo=01;31:*.cpio=01;31:*.7z=01;31:*.rz=01;31:*.cab=01;31:*.wim=01;31:*.swm=01;31:*.dwm=01;31:*.esd=01;31:*.jpg=01;35:*.jpeg=01;35:*.mjpg=01;35:*.mjpeg=01;35:*.gif=01;35:*.bmp=01;35:*.pbm=01;35:*.pgm=01;35:*.ppm=01;35:*.tga=01;35:*.xbm=01;35:*.xpm=01;35:*.tif=01;35:*.tiff=01;35:*.png=01;35:*.svg=01;35:*.svgz=01;35:*.mng=01;35:*.pcx=01;35:*.mov=01;35:*.mpg=01;35:*.mpeg=01;35:*.m2v=01;35:*.mkv=01;35:*.webm=01;35:*.webp=01;35:*.ogm=01;35:*.mp4=01;35:*.m4v=01;35:*.mp4v=01;35:*.vob=01;35:*.qt=01;35:*.nuv=01;35:*.wmv=01;35:*.asf=01;35:*.rm=01;35:*.rmvb=01;35:*.flc=01;35:*.avi=01;35:*.fli=01;35:*.flv=01;35:*.gl=01;35:*.dl=01;35:*.xcf=01;35:*.xwd=01;35:*.yuv=01;35:*.cgm=01;35:*.emf=01;35:*.ogv=01;35:*.ogx=01;35:*.aac=00;36:*.au=00;36:*.flac=00;36:*.m4a=00;36:*.mid=00;36:*.midi=00;36:*.mka=00;36:*.mp3=00;36:*.mpc=00;36:*.ogg=00;36:*.ra=00;36:*.wav=00;36:*.oga=00;36:*.opus=00;36:*.spx=00;36:*.xspf=00;36:'), ('VSCODE_GIT_IPC_HANDLE', '/run/user/1000/vscode-git-ff69577006.sock'), ('TERM_PROGRAM', 'vscode'), ('ROS_DOMAIN_ID', '0'), ('AMENT_PREFIX_PATH', '/home/robot/robot_ws/install/web_bridge:/home/robot/robot_ws/install/vision_ai_node:/home/robot/robot_ws/install/vision_msgs:/home/robot/robot_ws/install/robot_bringup:/home/robot/robot_ws/install/sllidar_ros2:/home/robot/robot_ws/install/robot_serial:/home/robot/robot_ws/install/robot_description:/home/robot/robot_ws/install/robot_ai:/home/robot/robot_ws/install/camera_node:/opt/ros/humble'), ('DEBIAN_FRONTEND', 'noninteractive'), ('SHELL', '/bin/bash'), ('LESSCLOSE', '/usr/bin/lesspipe %s %s'), ('VSCODE_GIT_ASKPASS_EXTRA_ARGS', ''), ('GIT_PAGER', 'cat'), ('PWD', '/home/robot/robot_ws/build/robot_bringup'), ('GIT_MERGE_AUTOEDIT', 'no'), ('LC_ALL', 'en_US.UTF-8'), ('COPILOT_DEBUG_NONCE', '01d717960648d8f44b00b727a54c38a1'), ('SSH_CONNECTION', '192.168.61.78 54900 192.168.61.135 22'), ('PYTHONPATH', '/home/robot/robot_ws/build/web_bridge:/home/robot/robot_ws/install/web_bridge/lib/python3.10/site-packages:/home/robot/robot_ws/build/vision_ai_node:/home/robot/robot_ws/install/vision_ai_node/lib/python3.10/site-packages:/home/robot/robot_ws/install/vision_msgs/local/lib/python3.10/dist-packages:/home/robot/robot_ws/build/robot_serial:/home/robot/robot_ws/install/robot_serial/lib/python3.10/site-packages:/home/robot/robot_ws/build/robot_ai:/home/robot/robot_ws/install/robot_ai/lib/python3.10/site-packages:/home/robot/robot_ws/build/camera_node:/home/robot/robot_ws/install/camera_node/lib/python3.10/site-packages:/opt/ros/humble/lib/python3.10/site-packages:/opt/ros/humble/local/lib/python3.10/dist-packages'), ('COLCON', '1'), ('CMAKE_PREFIX_PATH', '/home/robot/robot_ws/install/sllidar_ros2:/home/robot/robot_ws/install/robot_description:/home/robot/robot_ws/install/vision_msgs:/home/robot/robot_ws/install/robot_bringup:/home/robot/robot_ws/install/web_bridge:/home/robot/robot_ws/install/vision_ai_node:/home/robot/robot_ws/install/robot_serial:/home/robot/robot_ws/install/robot_ai:/home/robot/robot_ws/install/camera_node:/opt/ros/humble')]), 'shell': False}
[398.578248] (-) TimerEvent: {}
[398.679038] (-) TimerEvent: {}
[398.779897] (-) TimerEvent: {}
[398.880907] (-) TimerEvent: {}
[398.922459] (robot_bringup) StdoutLine: {'line': b'-- The C compiler identification is GNU 11.4.0\n'}
[398.981100] (-) TimerEvent: {}
[399.081966] (-) TimerEvent: {}
[399.182954] (-) TimerEvent: {}
[399.260248] (robot_bringup) StdoutLine: {'line': b'-- The CXX compiler identification is GNU 11.4.0\n'}
[399.283152] (-) TimerEvent: {}
[399.296521] (robot_bringup) StdoutLine: {'line': b'-- Detecting C compiler ABI info\n'}
[399.383425] (-) TimerEvent: {}
[399.531338] (-) TimerEvent: {}
[399.632267] (-) TimerEvent: {}
[399.733531] (-) TimerEvent: {}
[399.834393] (-) TimerEvent: {}
[399.869111] (robot_bringup) StdoutLine: {'line': b'-- Detecting C compiler ABI info - done\n'}
[399.900612] (robot_bringup) StdoutLine: {'line': b'-- Check for working C compiler: /usr/bin/cc - skipped\n'}
[399.901801] (robot_bringup) StdoutLine: {'line': b'-- Detecting C compile features\n'}
[399.903687] (robot_bringup) StdoutLine: {'line': b'-- Detecting C compile features - done\n'}
[399.918869] (robot_bringup) StdoutLine: {'line': b'-- Detecting CXX compiler ABI info\n'}
[399.934653] (-) TimerEvent: {}
[400.035575] (-) TimerEvent: {}
[400.162249] (-) TimerEvent: {}
[400.263075] (-) TimerEvent: {}
[400.364003] (-) TimerEvent: {}
[400.464861] (-) TimerEvent: {}
[400.526920] (robot_bringup) StdoutLine: {'line': b'-- Detecting CXX compiler ABI info - done\n'}
[400.558712] (robot_bringup) StdoutLine: {'line': b'-- Check for working CXX compiler: /usr/bin/c++ - skipped\n'}
[400.559790] (robot_bringup) StdoutLine: {'line': b'-- Detecting CXX compile features\n'}
[400.561782] (robot_bringup) StdoutLine: {'line': b'-- Detecting CXX compile features - done\n'}
[400.565015] (-) TimerEvent: {}
[400.606361] (robot_bringup) StdoutLine: {'line': b'-- Found ament_cmake: 1.3.14 (/opt/ros/humble/share/ament_cmake/cmake)\n'}
[400.665221] (-) TimerEvent: {}
[400.766060] (-) TimerEvent: {}
[400.866846] (-) TimerEvent: {}
[400.978625] (-) TimerEvent: {}
[401.079411] (-) TimerEvent: {}
[401.180304] (-) TimerEvent: {}
[401.310221] (-) TimerEvent: {}
[401.411199] (-) TimerEvent: {}
[401.511941] (-) TimerEvent: {}
[401.612735] (-) TimerEvent: {}
[401.639060] (robot_bringup) StdoutLine: {'line': b'-- Found Python3: /usr/bin/python3 (found version "3.10.12") found components: Interpreter \n'}
[401.712940] (-) TimerEvent: {}
[401.813741] (-) TimerEvent: {}
[401.914815] (-) TimerEvent: {}
[402.015927] (-) TimerEvent: {}
[402.183459] (-) TimerEvent: {}
[402.284361] (-) TimerEvent: {}
[402.297080] (robot_bringup) StdoutLine: {'line': b'-- Override CMake install command with custom implementation using symlinks instead of copying resources\n'}
[402.384538] (-) TimerEvent: {}
[402.485305] (-) TimerEvent: {}
[402.586101] (-) TimerEvent: {}
[402.686909] (-) TimerEvent: {}
[402.787705] (-) TimerEvent: {}
[402.854802] (robot_bringup) StdoutLine: {'line': b'-- Found ament_lint_auto: 0.12.15 (/opt/ros/humble/share/ament_lint_auto/cmake)\n'}
[402.887859] (-) TimerEvent: {}
[402.988653] (-) TimerEvent: {}
[403.135402] (-) TimerEvent: {}
[403.236389] (-) TimerEvent: {}
[403.340320] (-) TimerEvent: {}
[403.441442] (-) TimerEvent: {}
[403.542276] (-) TimerEvent: {}
[403.666049] (-) TimerEvent: {}
[403.739196] (robot_bringup) StdoutLine: {'line': b"-- Added test 'copyright' to check source files copyright and LICENSE\n"}
[403.766230] (-) TimerEvent: {}
[403.789517] (robot_bringup) StdoutLine: {'line': b"-- Added test 'flake8' to check Python code syntax and style conventions\n"}
[403.840598] (robot_bringup) StdoutLine: {'line': b"-- Added test 'lint_cmake' to check CMake code style\n"}
[403.847117] (robot_bringup) StdoutLine: {'line': b"-- Added test 'pep257' to check Python code against some of the docstring style conventions in PEP 257\n"}
[403.866410] (-) TimerEvent: {}
[403.874702] (robot_bringup) StdoutLine: {'line': b"-- Added test 'xmllint' to check XML markup files\n"}
[403.887502] (robot_bringup) StdoutLine: {'line': b'-- Configuring done\n'}
[403.911994] (robot_bringup) StdoutLine: {'line': b'-- Generating done\n'}
[403.921060] (robot_bringup) StdoutLine: {'line': b'-- Build files have been written to: /home/robot/robot_ws/build/robot_bringup\n'}
[403.938024] (robot_bringup) CommandEnded: {'returncode': 0}
[403.940102] (robot_bringup) JobProgress: {'identifier': 'robot_bringup', 'progress': 'build'}
[403.941389] (robot_bringup) Command: {'cmd': ['/usr/bin/cmake', '--build', '/home/robot/robot_ws/build/robot_bringup', '--', '-j4', '-l4'], 'cwd': '/home/robot/robot_ws/build/robot_bringup', 'env': OrderedDict([('LESSOPEN', '| /usr/bin/lesspipe %s'), ('AI_AGENT', 'github_copilot_vscode_agent'), ('USER', 'robot'), ('SSH_CLIENT', '192.168.61.78 54900 22'), ('GIT_EDITOR', ':'), ('XDG_SESSION_TYPE', 'tty'), ('GIT_ASKPASS', '/home/robot/.vscode-server/cli/servers/Stable-e4c7e7b1d6d060162f4aa7f8225271b67ce1df75/server/extensions/git/dist/askpass.sh'), ('SHLVL', '1'), ('LD_LIBRARY_PATH', '/home/robot/robot_ws/install/vision_msgs/lib:/opt/ros/humble/opt/rviz_ogre_vendor/lib:/opt/ros/humble/lib/aarch64-linux-gnu:/opt/ros/humble/lib'), ('COPILOT_AGENT', '1'), ('BROWSER', '/home/robot/.vscode-server/cli/servers/Stable-e4c7e7b1d6d060162f4aa7f8225271b67ce1df75/server/bin/helpers/browser.sh'), ('MOTD_SHOWN', 'pam'), ('HOME', '/home/robot'), ('OLDPWD', '/home/robot/robot_ws'), ('TERM_PROGRAM_VERSION', '1.131.0'), ('VSCODE_IPC_HOOK_CLI', '/run/user/1000/vscode-ipc-c2b19606-0da0-4d80-a718-838dd44b1f0e.sock'), ('ROS_PYTHON_VERSION', '3'), ('VSCODE_GIT_ASKPASS_MAIN', '/home/robot/.vscode-server/cli/servers/Stable-e4c7e7b1d6d060162f4aa7f8225271b67ce1df75/server/extensions/git/dist/askpass-main.js'), ('VSCODE_GIT_ASKPASS_NODE', '/home/robot/.vscode-server/cli/servers/Stable-e4c7e7b1d6d060162f4aa7f8225271b67ce1df75/server/node'), ('VSCODE_PYTHON_AUTOACTIVATE_GUARD', '1'), ('DBUS_SESSION_BUS_ADDRESS', 'unix:path=/run/user/1000/bus'), ('COLORTERM', 'truecolor'), ('COLCON_PREFIX_PATH', '/home/robot/robot_ws/install'), ('ROS_DISTRO', 'humble'), ('LOGNAME', 'robot'), ('_', '/usr/bin/colcon'), ('ROS_VERSION', '2'), ('XDG_SESSION_CLASS', 'user'), ('TERM', 'xterm-256color'), ('XDG_SESSION_ID', '1'), ('ROS_LOCALHOST_ONLY', '1'), ('HISTCONTROL', 'ignorespace'), ('PATH', '/opt/ros/humble/bin:/home/robot/.vscode-server/data/User/globalStorage/github.copilot-chat/debugCommand:/home/robot/.vscode-server/data/User/globalStorage/github.copilot-chat/copilotCli:/home/robot/.vscode-server/cli/servers/Stable-e4c7e7b1d6d060162f4aa7f8225271b67ce1df75/server/bin/remote-cli:/usr/local/sbin:/usr/local/bin:/usr/sbin:/usr/bin:/sbin:/bin:/usr/games:/usr/local/games:/snap/bin'), ('XDG_RUNTIME_DIR', '/run/user/1000'), ('LANG', 'en_US.UTF-8'), ('RMW_IMPLEMENTATION', 'rmw_cyclonedds_cpp'), ('LS_COLORS', 'rs=0:di=01;34:ln=01;36:mh=00:pi=40;33:so=01;35:do=01;35:bd=40;33;01:cd=40;33;01:or=40;31;01:mi=00:su=37;41:sg=30;43:ca=30;41:tw=30;42:ow=34;42:st=37;44:ex=01;32:*.tar=01;31:*.tgz=01;31:*.arc=01;31:*.arj=01;31:*.taz=01;31:*.lha=01;31:*.lz4=01;31:*.lzh=01;31:*.lzma=01;31:*.tlz=01;31:*.txz=01;31:*.tzo=01;31:*.t7z=01;31:*.zip=01;31:*.z=01;31:*.dz=01;31:*.gz=01;31:*.lrz=01;31:*.lz=01;31:*.lzo=01;31:*.xz=01;31:*.zst=01;31:*.tzst=01;31:*.bz2=01;31:*.bz=01;31:*.tbz=01;31:*.tbz2=01;31:*.tz=01;31:*.deb=01;31:*.rpm=01;31:*.jar=01;31:*.war=01;31:*.ear=01;31:*.sar=01;31:*.rar=01;31:*.alz=01;31:*.ace=01;31:*.zoo=01;31:*.cpio=01;31:*.7z=01;31:*.rz=01;31:*.cab=01;31:*.wim=01;31:*.swm=01;31:*.dwm=01;31:*.esd=01;31:*.jpg=01;35:*.jpeg=01;35:*.mjpg=01;35:*.mjpeg=01;35:*.gif=01;35:*.bmp=01;35:*.pbm=01;35:*.pgm=01;35:*.ppm=01;35:*.tga=01;35:*.xbm=01;35:*.xpm=01;35:*.tif=01;35:*.tiff=01;35:*.png=01;35:*.svg=01;35:*.svgz=01;35:*.mng=01;35:*.pcx=01;35:*.mov=01;35:*.mpg=01;35:*.mpeg=01;35:*.m2v=01;35:*.mkv=01;35:*.webm=01;35:*.webp=01;35:*.ogm=01;35:*.mp4=01;35:*.m4v=01;35:*.mp4v=01;35:*.vob=01;35:*.qt=01;35:*.nuv=01;35:*.wmv=01;35:*.asf=01;35:*.rm=01;35:*.rmvb=01;35:*.flc=01;35:*.avi=01;35:*.fli=01;35:*.flv=01;35:*.gl=01;35:*.dl=01;35:*.xcf=01;35:*.xwd=01;35:*.yuv=01;35:*.cgm=01;35:*.emf=01;35:*.ogv=01;35:*.ogx=01;35:*.aac=00;36:*.au=00;36:*.flac=00;36:*.m4a=00;36:*.mid=00;36:*.midi=00;36:*.mka=00;36:*.mp3=00;36:*.mpc=00;36:*.ogg=00;36:*.ra=00;36:*.wav=00;36:*.oga=00;36:*.opus=00;36:*.spx=00;36:*.xspf=00;36:'), ('VSCODE_GIT_IPC_HANDLE', '/run/user/1000/vscode-git-ff69577006.sock'), ('TERM_PROGRAM', 'vscode'), ('ROS_DOMAIN_ID', '0'), ('AMENT_PREFIX_PATH', '/home/robot/robot_ws/install/web_bridge:/home/robot/robot_ws/install/vision_ai_node:/home/robot/robot_ws/install/vision_msgs:/home/robot/robot_ws/install/robot_bringup:/home/robot/robot_ws/install/sllidar_ros2:/home/robot/robot_ws/install/robot_serial:/home/robot/robot_ws/install/robot_description:/home/robot/robot_ws/install/robot_ai:/home/robot/robot_ws/install/camera_node:/opt/ros/humble'), ('DEBIAN_FRONTEND', 'noninteractive'), ('SHELL', '/bin/bash'), ('LESSCLOSE', '/usr/bin/lesspipe %s %s'), ('VSCODE_GIT_ASKPASS_EXTRA_ARGS', ''), ('GIT_PAGER', 'cat'), ('PWD', '/home/robot/robot_ws/build/robot_bringup'), ('GIT_MERGE_AUTOEDIT', 'no'), ('LC_ALL', 'en_US.UTF-8'), ('COPILOT_DEBUG_NONCE', '01d717960648d8f44b00b727a54c38a1'), ('SSH_CONNECTION', '192.168.61.78 54900 192.168.61.135 22'), ('PYTHONPATH', '/home/robot/robot_ws/build/web_bridge:/home/robot/robot_ws/install/web_bridge/lib/python3.10/site-packages:/home/robot/robot_ws/build/vision_ai_node:/home/robot/robot_ws/install/vision_ai_node/lib/python3.10/site-packages:/home/robot/robot_ws/install/vision_msgs/local/lib/python3.10/dist-packages:/home/robot/robot_ws/build/robot_serial:/home/robot/robot_ws/install/robot_serial/lib/python3.10/site-packages:/home/robot/robot_ws/build/robot_ai:/home/robot/robot_ws/install/robot_ai/lib/python3.10/site-packages:/home/robot/robot_ws/build/camera_node:/home/robot/robot_ws/install/camera_node/lib/python3.10/site-packages:/opt/ros/humble/lib/python3.10/site-packages:/opt/ros/humble/local/lib/python3.10/dist-packages'), ('COLCON', '1'), ('CMAKE_PREFIX_PATH', '/home/robot/robot_ws/install/sllidar_ros2:/home/robot/robot_ws/install/robot_description:/home/robot/robot_ws/install/vision_msgs:/home/robot/robot_ws/install/robot_bringup:/home/robot/robot_ws/install/web_bridge:/home/robot/robot_ws/install/vision_ai_node:/home/robot/robot_ws/install/robot_serial:/home/robot/robot_ws/install/robot_ai:/home/robot/robot_ws/install/camera_node:/opt/ros/humble')]), 'shell': False}
[404.053557] (-) TimerEvent: {}
[404.154706] (-) TimerEvent: {}
[404.255987] (-) TimerEvent: {}
[404.357192] (-) TimerEvent: {}
[404.458470] (-) TimerEvent: {}
[404.559726] (-) TimerEvent: {}
[404.660655] (-) TimerEvent: {}
[404.761965] (-) TimerEvent: {}
[404.863115] (-) TimerEvent: {}
[404.964269] (-) TimerEvent: {}
[405.065492] (-) TimerEvent: {}
[405.166612] (-) TimerEvent: {}
[405.267544] (-) TimerEvent: {}
[405.368691] (-) TimerEvent: {}
[405.469723] (-) TimerEvent: {}
[405.570889] (-) TimerEvent: {}
[405.672090] (-) TimerEvent: {}
[405.773216] (-) TimerEvent: {}
[405.874329] (-) TimerEvent: {}
[405.975514] (-) TimerEvent: {}
[406.076749] (-) TimerEvent: {}
[406.177918] (-) TimerEvent: {}
[406.278923] (-) TimerEvent: {}
[406.380174] (-) TimerEvent: {}
[406.481399] (-) TimerEvent: {}
[406.582592] (-) TimerEvent: {}
[406.683749] (-) TimerEvent: {}
[406.784936] (-) TimerEvent: {}
[406.886057] (-) TimerEvent: {}
[406.987211] (-) TimerEvent: {}
[407.088412] (-) TimerEvent: {}
[407.189596] (-) TimerEvent: {}
[407.290745] (-) TimerEvent: {}
[407.391913] (-) TimerEvent: {}
[407.493078] (-) TimerEvent: {}
[407.594274] (-) TimerEvent: {}
[407.695415] (-) TimerEvent: {}
[407.796598] (-) TimerEvent: {}
[407.897688] (-) TimerEvent: {}
[407.998922] (-) TimerEvent: {}
[408.100113] (-) TimerEvent: {}
[408.201212] (-) TimerEvent: {}
[408.302221] (-) TimerEvent: {}
[408.403282] (-) TimerEvent: {}
[408.504362] (-) TimerEvent: {}
[408.605403] (-) TimerEvent: {}
[408.706588] (-) TimerEvent: {}
[408.807739] (-) TimerEvent: {}
[408.908902] (-) TimerEvent: {}
[408.990201] (robot_bringup) CommandEnded: {'returncode': 0}
[408.993276] (robot_bringup) JobProgress: {'identifier': 'robot_bringup', 'progress': 'install'}
[408.994227] (robot_bringup) Command: {'cmd': ['/usr/bin/cmake', '--install', '/home/robot/robot_ws/build/robot_bringup'], 'cwd': '/home/robot/robot_ws/build/robot_bringup', 'env': OrderedDict([('LESSOPEN', '| /usr/bin/lesspipe %s'), ('AI_AGENT', 'github_copilot_vscode_agent'), ('USER', 'robot'), ('SSH_CLIENT', '192.168.61.78 54900 22'), ('GIT_EDITOR', ':'), ('XDG_SESSION_TYPE', 'tty'), ('GIT_ASKPASS', '/home/robot/.vscode-server/cli/servers/Stable-e4c7e7b1d6d060162f4aa7f8225271b67ce1df75/server/extensions/git/dist/askpass.sh'), ('SHLVL', '1'), ('LD_LIBRARY_PATH', '/home/robot/robot_ws/install/vision_msgs/lib:/opt/ros/humble/opt/rviz_ogre_vendor/lib:/opt/ros/humble/lib/aarch64-linux-gnu:/opt/ros/humble/lib'), ('COPILOT_AGENT', '1'), ('BROWSER', '/home/robot/.vscode-server/cli/servers/Stable-e4c7e7b1d6d060162f4aa7f8225271b67ce1df75/server/bin/helpers/browser.sh'), ('MOTD_SHOWN', 'pam'), ('HOME', '/home/robot'), ('OLDPWD', '/home/robot/robot_ws'), ('TERM_PROGRAM_VERSION', '1.131.0'), ('VSCODE_IPC_HOOK_CLI', '/run/user/1000/vscode-ipc-c2b19606-0da0-4d80-a718-838dd44b1f0e.sock'), ('ROS_PYTHON_VERSION', '3'), ('VSCODE_GIT_ASKPASS_MAIN', '/home/robot/.vscode-server/cli/servers/Stable-e4c7e7b1d6d060162f4aa7f8225271b67ce1df75/server/extensions/git/dist/askpass-main.js'), ('VSCODE_GIT_ASKPASS_NODE', '/home/robot/.vscode-server/cli/servers/Stable-e4c7e7b1d6d060162f4aa7f8225271b67ce1df75/server/node'), ('VSCODE_PYTHON_AUTOACTIVATE_GUARD', '1'), ('DBUS_SESSION_BUS_ADDRESS', 'unix:path=/run/user/1000/bus'), ('COLORTERM', 'truecolor'), ('COLCON_PREFIX_PATH', '/home/robot/robot_ws/install'), ('ROS_DISTRO', 'humble'), ('LOGNAME', 'robot'), ('_', '/usr/bin/colcon'), ('ROS_VERSION', '2'), ('XDG_SESSION_CLASS', 'user'), ('TERM', 'xterm-256color'), ('XDG_SESSION_ID', '1'), ('ROS_LOCALHOST_ONLY', '1'), ('HISTCONTROL', 'ignorespace'), ('PATH', '/opt/ros/humble/bin:/home/robot/.vscode-server/data/User/globalStorage/github.copilot-chat/debugCommand:/home/robot/.vscode-server/data/User/globalStorage/github.copilot-chat/copilotCli:/home/robot/.vscode-server/cli/servers/Stable-e4c7e7b1d6d060162f4aa7f8225271b67ce1df75/server/bin/remote-cli:/usr/local/sbin:/usr/local/bin:/usr/sbin:/usr/bin:/sbin:/bin:/usr/games:/usr/local/games:/snap/bin'), ('XDG_RUNTIME_DIR', '/run/user/1000'), ('LANG', 'en_US.UTF-8'), ('RMW_IMPLEMENTATION', 'rmw_cyclonedds_cpp'), ('LS_COLORS', 'rs=0:di=01;34:ln=01;36:mh=00:pi=40;33:so=01;35:do=01;35:bd=40;33;01:cd=40;33;01:or=40;31;01:mi=00:su=37;41:sg=30;43:ca=30;41:tw=30;42:ow=34;42:st=37;44:ex=01;32:*.tar=01;31:*.tgz=01;31:*.arc=01;31:*.arj=01;31:*.taz=01;31:*.lha=01;31:*.lz4=01;31:*.lzh=01;31:*.lzma=01;31:*.tlz=01;31:*.txz=01;31:*.tzo=01;31:*.t7z=01;31:*.zip=01;31:*.z=01;31:*.dz=01;31:*.gz=01;31:*.lrz=01;31:*.lz=01;31:*.lzo=01;31:*.xz=01;31:*.zst=01;31:*.tzst=01;31:*.bz2=01;31:*.bz=01;31:*.tbz=01;31:*.tbz2=01;31:*.tz=01;31:*.deb=01;31:*.rpm=01;31:*.jar=01;31:*.war=01;31:*.ear=01;31:*.sar=01;31:*.rar=01;31:*.alz=01;31:*.ace=01;31:*.zoo=01;31:*.cpio=01;31:*.7z=01;31:*.rz=01;31:*.cab=01;31:*.wim=01;31:*.swm=01;31:*.dwm=01;31:*.esd=01;31:*.jpg=01;35:*.jpeg=01;35:*.mjpg=01;35:*.mjpeg=01;35:*.gif=01;35:*.bmp=01;35:*.pbm=01;35:*.pgm=01;35:*.ppm=01;35:*.tga=01;35:*.xbm=01;35:*.xpm=01;35:*.tif=01;35:*.tiff=01;35:*.png=01;35:*.svg=01;35:*.svgz=01;35:*.mng=01;35:*.pcx=01;35:*.mov=01;35:*.mpg=01;35:*.mpeg=01;35:*.m2v=01;35:*.mkv=01;35:*.webm=01;35:*.webp=01;35:*.ogm=01;35:*.mp4=01;35:*.m4v=01;35:*.mp4v=01;35:*.vob=01;35:*.qt=01;35:*.nuv=01;35:*.wmv=01;35:*.asf=01;35:*.rm=01;35:*.rmvb=01;35:*.flc=01;35:*.avi=01;35:*.fli=01;35:*.flv=01;35:*.gl=01;35:*.dl=01;35:*.xcf=01;35:*.xwd=01;35:*.yuv=01;35:*.cgm=01;35:*.emf=01;35:*.ogv=01;35:*.ogx=01;35:*.aac=00;36:*.au=00;36:*.flac=00;36:*.m4a=00;36:*.mid=00;36:*.midi=00;36:*.mka=00;36:*.mp3=00;36:*.mpc=00;36:*.ogg=00;36:*.ra=00;36:*.wav=00;36:*.oga=00;36:*.opus=00;36:*.spx=00;36:*.xspf=00;36:'), ('VSCODE_GIT_IPC_HANDLE', '/run/user/1000/vscode-git-ff69577006.sock'), ('TERM_PROGRAM', 'vscode'), ('ROS_DOMAIN_ID', '0'), ('AMENT_PREFIX_PATH', '/home/robot/robot_ws/install/web_bridge:/home/robot/robot_ws/install/vision_ai_node:/home/robot/robot_ws/install/vision_msgs:/home/robot/robot_ws/install/robot_bringup:/home/robot/robot_ws/install/sllidar_ros2:/home/robot/robot_ws/install/robot_serial:/home/robot/robot_ws/install/robot_description:/home/robot/robot_ws/install/robot_ai:/home/robot/robot_ws/install/camera_node:/opt/ros/humble'), ('DEBIAN_FRONTEND', 'noninteractive'), ('SHELL', '/bin/bash'), ('LESSCLOSE', '/usr/bin/lesspipe %s %s'), ('VSCODE_GIT_ASKPASS_EXTRA_ARGS', ''), ('GIT_PAGER', 'cat'), ('PWD', '/home/robot/robot_ws/build/robot_bringup'), ('GIT_MERGE_AUTOEDIT', 'no'), ('LC_ALL', 'en_US.UTF-8'), ('COPILOT_DEBUG_NONCE', '01d717960648d8f44b00b727a54c38a1'), ('SSH_CONNECTION', '192.168.61.78 54900 192.168.61.135 22'), ('PYTHONPATH', '/home/robot/robot_ws/build/web_bridge:/home/robot/robot_ws/install/web_bridge/lib/python3.10/site-packages:/home/robot/robot_ws/build/vision_ai_node:/home/robot/robot_ws/install/vision_ai_node/lib/python3.10/site-packages:/home/robot/robot_ws/install/vision_msgs/local/lib/python3.10/dist-packages:/home/robot/robot_ws/build/robot_serial:/home/robot/robot_ws/install/robot_serial/lib/python3.10/site-packages:/home/robot/robot_ws/build/robot_ai:/home/robot/robot_ws/install/robot_ai/lib/python3.10/site-packages:/home/robot/robot_ws/build/camera_node:/home/robot/robot_ws/install/camera_node/lib/python3.10/site-packages:/opt/ros/humble/lib/python3.10/site-packages:/opt/ros/humble/local/lib/python3.10/dist-packages'), ('COLCON', '1'), ('CMAKE_PREFIX_PATH', '/home/robot/robot_ws/install/sllidar_ros2:/home/robot/robot_ws/install/robot_description:/home/robot/robot_ws/install/vision_msgs:/home/robot/robot_ws/install/robot_bringup:/home/robot/robot_ws/install/web_bridge:/home/robot/robot_ws/install/vision_ai_node:/home/robot/robot_ws/install/robot_serial:/home/robot/robot_ws/install/robot_ai:/home/robot/robot_ws/install/camera_node:/opt/ros/humble')]), 'shell': False}
[409.009069] (-) TimerEvent: {}
[409.034093] (robot_bringup) StdoutLine: {'line': b'-- Install configuration: ""\n'}
[415.787634] (-) TimerEvent: {}
[415.788618] (robot_bringup) StdoutLine: {'line': b'-- Execute custom install script\n'}
[415.795326] (robot_bringup) StdoutLine: {'line': b'-- Symlinking: /home/robot/robot_ws/install/robot_bringup/share/robot_bringup//launch/ai.launch.py\n'}
[415.834404] (robot_bringup) StdoutLine: {'line': b'-- Symlinking: /home/robot/robot_ws/install/robot_bringup/share/robot_bringup//launch/full_robot.launch.py\n'}
[415.873496] (robot_bringup) StdoutLine: {'line': b'-- Symlinking: /home/robot/robot_ws/install/robot_bringup/share/robot_bringup//launch/lidar.launch.py\n'}
[415.887832] (-) TimerEvent: {}
[415.910932] (robot_bringup) StdoutLine: {'line': b'-- Symlinking: /home/robot/robot_ws/install/robot_bringup/share/robot_bringup//launch/localization.launch.py\n'}
[415.988101] (-) TimerEvent: {}
[416.034429] (robot_bringup) StdoutLine: {'line': b'-- Symlinking: /home/robot/robot_ws/install/robot_bringup/share/robot_bringup//launch/minimal.launch.py\n'}
[416.076094] (robot_bringup) StdoutLine: {'line': b'-- Symlinking: /home/robot/robot_ws/install/robot_bringup/share/robot_bringup//launch/nav2.launch.py\n'}
[416.088270] (-) TimerEvent: {}
[416.114422] (robot_bringup) StdoutLine: {'line': b'-- Symlinking: /home/robot/robot_ws/install/robot_bringup/share/robot_bringup//launch/robot.launch.py\n'}
[416.158736] (robot_bringup) StdoutLine: {'line': b'-- Symlinking: /home/robot/robot_ws/install/robot_bringup/share/robot_bringup//launch/slam.launch.py\n'}
[416.188534] (-) TimerEvent: {}
[416.223241] (robot_bringup) StdoutLine: {'line': b'-- Symlinking: /home/robot/robot_ws/install/robot_bringup/share/robot_bringup//launch/view_robot.launch.py\n'}
[416.265197] (robot_bringup) StdoutLine: {'line': b'-- Symlinking: /home/robot/robot_ws/install/robot_bringup/share/robot_bringup//config/amcl_params.yaml\n'}
[416.288732] (-) TimerEvent: {}
[416.305279] (robot_bringup) StdoutLine: {'line': b'-- Symlinking: /home/robot/robot_ws/install/robot_bringup/share/robot_bringup//config/ekf.yaml\n'}
[416.343364] (robot_bringup) StdoutLine: {'line': b'-- Symlinking: /home/robot/robot_ws/install/robot_bringup/share/robot_bringup//config/map_server_params.yaml\n'}
[416.388984] (-) TimerEvent: {}
[416.433583] (robot_bringup) StdoutLine: {'line': b'-- Symlinking: /home/robot/robot_ws/install/robot_bringup/share/robot_bringup//config/nav2_params.yaml\n'}
[416.475785] (robot_bringup) StdoutLine: {'line': b'-- Symlinking: /home/robot/robot_ws/install/robot_bringup/share/robot_bringup//config/slam_toolbox_params.yaml\n'}
[416.489228] (-) TimerEvent: {}
[416.515167] (robot_bringup) StdoutLine: {'line': b'-- Symlinking: /home/robot/robot_ws/install/robot_bringup/share/robot_bringup//rviz/robot_view.rviz\n'}
[416.554269] (robot_bringup) StdoutLine: {'line': b'-- Symlinking: /home/robot/robot_ws/install/robot_bringup/lib/robot_bringup//save_map.sh\n'}
[416.589503] (-) TimerEvent: {}
[416.593071] (robot_bringup) StdoutLine: {'line': b'-- Symlinking: /home/robot/robot_ws/install/robot_bringup/lib/robot_bringup//save_map.py\n'}
[416.630945] (robot_bringup) StdoutLine: {'line': b'-- Symlinking: /home/robot/robot_ws/install/robot_bringup/lib/robot_bringup//copy_map.sh\n'}
[416.672654] (robot_bringup) StdoutLine: {'line': b'-- Symlinking: /home/robot/robot_ws/install/robot_bringup/share/robot_bringup//maps/.gitkeep\n'}
[416.689694] (-) TimerEvent: {}
[416.711450] (robot_bringup) StdoutLine: {'line': b'-- Symlinking: /home/robot/robot_ws/install/robot_bringup/share/robot_bringup//maps/my_room/map.pgm\n'}
[416.749360] (robot_bringup) StdoutLine: {'line': b'-- Symlinking: /home/robot/robot_ws/install/robot_bringup/share/robot_bringup//maps/my_room/map.yaml\n'}
[416.789895] (-) TimerEvent: {}
[416.925723] (robot_bringup) StdoutLine: {'line': b'-- Symlinking: /home/robot/robot_ws/install/robot_bringup/share/ament_index/resource_index/package_run_dependencies/robot_bringup\n'}
[416.926688] (-) TimerEvent: {}
[416.966915] (robot_bringup) StdoutLine: {'line': b'-- Symlinking: /home/robot/robot_ws/install/robot_bringup/share/ament_index/resource_index/parent_prefix_path/robot_bringup\n'}
[417.007258] (robot_bringup) StdoutLine: {'line': b'-- Symlinking: /home/robot/robot_ws/install/robot_bringup/share/robot_bringup/environment/ament_prefix_path.sh\n'}
[417.026927] (-) TimerEvent: {}
[417.127891] (-) TimerEvent: {}
[417.159388] (robot_bringup) StdoutLine: {'line': b'-- Symlinking: /home/robot/robot_ws/install/robot_bringup/share/robot_bringup/environment/ament_prefix_path.dsv\n'}
[417.198283] (robot_bringup) StdoutLine: {'line': b'-- Symlinking: /home/robot/robot_ws/install/robot_bringup/share/robot_bringup/environment/path.sh\n'}
[417.228104] (-) TimerEvent: {}
[417.237474] (robot_bringup) StdoutLine: {'line': b'-- Symlinking: /home/robot/robot_ws/install/robot_bringup/share/robot_bringup/environment/path.dsv\n'}
[417.276428] (robot_bringup) StdoutLine: {'line': b'-- Symlinking: /home/robot/robot_ws/install/robot_bringup/share/robot_bringup/local_setup.bash\n'}
[417.328313] (-) TimerEvent: {}
[417.354715] (robot_bringup) StdoutLine: {'line': b'-- Symlinking: /home/robot/robot_ws/install/robot_bringup/share/robot_bringup/local_setup.sh\n'}
[417.395277] (robot_bringup) StdoutLine: {'line': b'-- Symlinking: /home/robot/robot_ws/install/robot_bringup/share/robot_bringup/local_setup.zsh\n'}
[417.428571] (-) TimerEvent: {}
[417.434473] (robot_bringup) StdoutLine: {'line': b'-- Symlinking: /home/robot/robot_ws/install/robot_bringup/share/robot_bringup/local_setup.dsv\n'}
[417.474344] (robot_bringup) StdoutLine: {'line': b'-- Symlinking: /home/robot/robot_ws/install/robot_bringup/share/robot_bringup/package.dsv\n'}
[417.528853] (-) TimerEvent: {}
[417.596854] (robot_bringup) StdoutLine: {'line': b'-- Symlinking: /home/robot/robot_ws/install/robot_bringup/share/ament_index/resource_index/packages/robot_bringup\n'}
[417.629146] (-) TimerEvent: {}
[417.639429] (robot_bringup) StdoutLine: {'line': b'-- Symlinking: /home/robot/robot_ws/install/robot_bringup/share/robot_bringup/cmake/robot_bringupConfig.cmake\n'}
[417.677712] (robot_bringup) StdoutLine: {'line': b'-- Symlinking: /home/robot/robot_ws/install/robot_bringup/share/robot_bringup/cmake/robot_bringupConfig-version.cmake\n'}
[417.716135] (robot_bringup) StdoutLine: {'line': b'-- Symlinking: /home/robot/robot_ws/install/robot_bringup/share/robot_bringup/package.xml\n'}
[417.729400] (-) TimerEvent: {}
[417.760472] (robot_bringup) CommandEnded: {'returncode': 0}
[417.829545] (-) TimerEvent: {}
[417.930379] (-) TimerEvent: {}
[418.212132] (robot_bringup) JobEnded: {'identifier': 'robot_bringup', 'rc': 0}
[418.215644] (-) TimerEvent: {}
[418.216031] (-) EventReactorShutdown: {}
